CHECKPOINT,feature,group,success_n,control_n,success_median,success_p25,success_p75,control_median,control_p25,control_p75,median_diff,rank_biserial,boot_ci_lo,boot_ci_hi,missingness,success_rate,control_rate,risk_ratio,odds_ratio,or_ci_lo,or_ci_hi
0945,s1,FAILED_BREAKOUT,40,97,15.02,9.2575,21.805,20.79,12.25,37.95,-5.77,0.2789,-11.062,-0.7311,0.0,,,,,,
0945,s1,NO_LAUNCH,40,12,15.02,9.2575,21.805,13.9,11.5675,34.555,1.12,0.1771,-28.2765,6.6936,0.0,,,,,,
0945,s1,STRUCTURE_FAIL,40,51,15.02,9.2575,21.805,15.54,10.835,24.62,-0.52,0.0941,-6.0909,5.175,0.0,,,,,,
0945,s1,ALL_CONTROL,40,160,15.02,9.2575,21.805,18.615,11.72,32.1825,-3.595,0.2123,-8.8564,1.8534,0.0,,,,,,
0945,invalid,FAILED_BREAKOUT,40,97,13.44,8.0475,19.7525,18.75,10.78,33.46,-5.31,0.282,-9.8599,-0.6459,0.0,,,,,,
0945,invalid,NO_LAUNCH,40,12,13.44,8.0475,19.7525,11.885,9.7625,27.9525,1.555,0.1,-19.015,6.6552,0.0,,,,,,
0945,invalid,STRUCTURE_FAIL,40,51,13.44,8.0475,19.7525,13.53,8.955,22.615,-0.09,0.0672,-5.34,4.891,0.0,,,,,,
0945,invalid,ALL_CONTROL,40,160,13.44,8.0475,19.7525,16.18,10.2,29.8,-2.74,0.1998,-7.9189,1.8825,0.0,,,,,,
0945,D1_close,FAILED_BREAKOUT,40,97,13.91,8.515,20.5575,18.74,11.39,35.55,-4.83,0.283,-9.8569,-0.4948,0.0,,,,,,
0945,D1_close,NO_LAUNCH,40,12,13.91,8.515,20.5575,12.215,9.78,31.85,1.695,0.1458,-26.227,6.5784,0.0,,,,,,
0945,D1_close,STRUCTURE_FAIL,40,51,13.91,8.515,20.5575,14.25,9.495,22.525,-0.34,0.0721,-5.5991,4.55,0.0,,,,,,
0945,D1_close,ALL_CONTROL,40,160,13.91,8.515,20.5575,16.985,10.715,30.855,-3.075,0.2055,-7.8555,1.7076,0.0,,,,,,
0945,D1_volume,FAILED_BREAKOUT,40,97,38378271.0,21600997.75,88396361.5,27585410.0,12836496.0,61045791.0,10792861.0,-0.2211,-3454678.55,38190319.5,0.0,,,,,,
0945,D1_volume,NO_LAUNCH,40,12,38378271.0,21600997.75,88396361.5,32690851.0,8298818.5,42421264.0,5687420.0,-0.3542,-8459176.65,43700418.7625,0.0,,,,,,
0945,D1_volume,STRUCTURE_FAIL,40,51,38378271.0,21600997.75,88396361.5,24452300.0,14205952.0,59077579.5,13925971.0,-0.2569,-3970581.0,37121887.6625,0.0,,,,,,
0945,D1_volume,ALL_CONTROL,40,160,38378271.0,21600997.75,88396361.5,27464760.5,12291668.5,59786917.5,10913510.5,-0.2425,-1191392.1375,44524682.8,0.0,,,,,,
0945,D1_upper_shadow_pct,FAILED_BREAKOUT,40,97,1.6802,0.0,2.2929,0.0,0.0,0.7242,1.6802,-0.3211,0.0,2.0661,0.0,,,,,,
0945,D1_upper_shadow_pct,NO_LAUNCH,40,12,1.6802,0.0,2.2929,1.258,0.0552,1.9251,0.4222,-0.0604,-1.5518,1.7784,0.0,,,,,,
0945,D1_upper_shadow_pct,STRUCTURE_FAIL,40,51,1.6802,0.0,2.2929,0.0,0.0,1.0797,1.6802,-0.3113,0.0,2.0903,0.0,,,,,,
0945,D1_upper_shadow_pct,ALL_CONTROL,40,160,1.6802,0.0,2.2929,0.0,0.0,1.1674,1.6802,-0.2984,0.0,2.0774,0.0,,,,,,
0945,D1_close_location,FAILED_BREAKOUT,40,97,0.222,0.0805,1.0,1.0,0.295,1.0,-0.778,0.332,-0.8955,0.0,0.0,,,,,,
0945,D1_close_location,NO_LAUNCH,40,12,0.222,0.0805,1.0,0.288,0.057,0.9835,-0.066,-0.1021,-0.7568,0.602,0.0,,,,,,
0945,D1_close_location,STRUCTURE_FAIL,40,51,0.222,0.0805,1.0,1.0,0.177,1.0,-0.778,0.2162,-0.8955,0.0,0.0,,,,,,
0945,D1_close_location,ALL_CONTROL,40,160,0.222,0.0805,1.0,1.0,0.2273,1.0,-0.778,0.2625,-0.889,0.0,0.0,,,,,,
0945,dist_D1_close_to_s1_pct,FAILED_BREAKOUT,40,97,-7.8255,-10.3963,-5.4528,-7.174,-9.7053,-5.2,-0.6515,0.1113,-2.098,1.2709,0.0,,,,,,
0945,dist_D1_close_to_s1_pct,NO_LAUNCH,40,12,-7.8255,-10.3963,-5.4528,-9.5171,-16.7256,-7.9345,1.6916,-0.3458,-0.3806,9.0924,0.0,,,,,,
0945,dist_D1_close_to_s1_pct,STRUCTURE_FAIL,40,51,-7.8255,-10.3963,-5.4528,-9.5538,-11.9075,-6.5019,1.7283,-0.2147,-0.3001,3.7519,0.0,,,,,,
0945,dist_D1_close_to_s1_pct,ALL_CONTROL,40,160,-7.8255,-10.3963,-5.4528,-7.874,-11.0682,-5.7075,0.0485,-0.0269,-1.3246,1.8812,0.0,,,,,,
0945,dist_D1_close_to_support_pct,FAILED_BREAKOUT,40,97,0.6732,-0.2964,3.1082,0.2036,-0.2195,4.1467,0.4696,0.0191,-1.0612,2.1712,0.0,,,,,,
0945,dist_D1_close_to_support_pct,NO_LAUNCH,40,12,0.6732,-0.2964,3.1082,5.7976,2.7759,13.3344,-5.1243,0.45,-13.5385,-0.0168,0.0,,,,,,
0945,dist_D1_close_to_support_pct,STRUCTURE_FAIL,40,51,0.6732,-0.2964,3.1082,0.7866,-0.6988,4.4425,-0.1134,0.0265,-2.1346,2.0619,0.0,,,,,,
0945,dist_D1_close_to_support_pct,ALL_CONTROL,40,160,0.6732,-0.2964,3.1082,0.6419,-0.2886,4.8383,0.0313,0.0537,-1.4222,2.0902,0.0,,,,,,
0945,dist_D1_close_to_invalid_pct,FAILED_BREAKOUT,40,97,1.8796,0.4904,4.1686,0.9183,0.4875,5.307,0.9613,-0.0119,-1.4637,2.5018,0.0,,,,,,
0945,dist_D1_close_to_invalid_pct,NO_LAUNCH,40,12,1.8796,0.4904,4.1686,6.9767,3.3286,14.1151,-5.0971,0.4375,-13.2495,0.0176,0.0,,,,,,
0945,dist_D1_close_to_invalid_pct,STRUCTURE_FAIL,40,51,1.8796,0.4904,4.1686,2.1254,0.4792,4.9866,-0.2458,0.0098,-2.0201,2.2019,0.0,,,,,,
0945,dist_D1_close_to_invalid_pct,ALL_CONTROL,40,160,1.8796,0.4904,4.1686,1.6545,0.4867,5.74,0.2251,0.0288,-1.7035,2.226,0.0,,,,,,
0945,pullback_volume_dry_up_pre_D0,FAILED_BREAKOUT,25,35,1.231,1.0324,1.4271,1.2824,1.0119,1.5483,-0.0514,0.0949,-0.2766,0.1581,0.375,,,,,,
0945,pullback_volume_dry_up_pre_D0,NO_LAUNCH,25,9,1.231,1.0324,1.4271,0.9015,0.6461,1.0816,0.3295,-0.4222,-0.1115,0.6398,0.375,,,,,,
0945,pullback_volume_dry_up_pre_D0,STRUCTURE_FAIL,25,20,1.231,1.0324,1.4271,1.0961,0.9382,1.4599,0.1349,-0.084,-0.1624,0.3217,0.375,,,,,,
0945,pullback_volume_dry_up_pre_D0,ALL_CONTROL,25,64,1.231,1.0324,1.4271,1.1586,0.9361,1.477,0.0724,-0.0337,-0.1702,0.2573,0.375,,,,,,
0945,probe_count_pre_D0,FAILED_BREAKOUT,40,97,0.0,0.0,1.0,0.0,0.0,1.0,0.0,-0.108,0.0,0.5,0.0,,,,,,
0945,probe_count_pre_D0,NO_LAUNCH,40,12,0.0,0.0,1.0,0.5,0.0,1.25,-0.5,0.1854,-1.5,0.0,0.0,,,,,,
0945,probe_count_pre_D0,STRUCTURE_FAIL,40,51,0.0,0.0,1.0,0.0,0.0,1.0,0.0,-0.0608,0.0,0.5,0.0,,,,,,
0945,probe_count_pre_D0,ALL_CONTROL,40,160,0.0,0.0,1.0,0.0,0.0,1.0,0.0,-0.0709,0.0,0.5,0.0,,,,,,
0945,closest_high_to_s1_pre_D0_pct,FAILED_BREAKOUT,25,35,-2.2685,-6.2017,0.0,0.0,-4.1989,0.2021,-2.2685,0.2183,-5.2386,2.0274,0.375,,,,,,
0945,closest_high_to_s1_pre_D0_pct,NO_LAUNCH,25,9,-2.2685,-6.2017,0.0,-2.4513,-8.0537,-1.1155,0.1828,-0.3067,-3.1298,10.9155,0.375,,,,,,
0945,closest_high_to_s1_pre_D0_pct,STRUCTURE_FAIL,25,20,-2.2685,-6.2017,0.0,-2.157,-5.4459,0.0,-0.1115,0.008,-4.2453,4.6295,0.375,,,,,,
0945,closest_high_to_s1_pre_D0_pct,ALL_CONTROL,25,64,-2.2685,-6.2017,0.0,-1.336,-5.2344,0.0,-0.9325,0.0787,-3.935,2.482,0.375,,,,,,
0945,pre_D0_min_low,FAILED_BREAKOUT,25,35,14.61,7.6,23.3,21.05,10.91,69.99,-6.44,0.2983,-26.27,2.2215,0.375,,,,,,
0945,pre_D0_min_low,NO_LAUNCH,25,9,14.61,7.6,23.3,16.4,9.74,43.3,-1.79,0.2044,-49.42,8.9295,0.375,,,,,,
0945,pre_D0_min_low,STRUCTURE_FAIL,25,20,14.61,7.6,23.3,13.965,10.37,24.52,0.645,0.072,-6.731,7.0,0.375,,,,,,
0945,pre_D0_min_low,ALL_CONTROL,25,64,14.61,7.6,23.3,17.35,10.0625,45.79,-2.74,0.2144,-11.7,4.5722,0.375,,,,,,
0945,d0_open,FAILED_BREAKOUT,40,97,14.0,8.6625,20.8425,18.89,11.2,35.03,-4.89,0.2799,-10.1028,-0.599,0.0,,,,,,
0945,d0_open,NO_LAUNCH,40,12,14.0,8.6625,20.8425,12.22,9.69,31.44,1.78,0.1333,-25.5562,6.6677,0.0,,,,,,
0945,d0_open,STRUCTURE_FAIL,40,51,14.0,8.6625,20.8425,14.12,9.405,22.735,-0.12,0.0706,-5.6779,4.53,0.0,,,,,,
0945,d0_open,ALL_CONTROL,40,160,14.0,8.6625,20.8425,16.845,10.53,30.8325,-2.845,0.2022,-7.8068,1.9355,0.0,,,,,,
0945,prev_close,FAILED_BREAKOUT,40,97,13.91,8.515,20.5575,18.74,11.39,35.55,-4.83,0.283,-9.8569,-0.4948,0.0,,,,,,
0945,prev_close,NO_LAUNCH,40,12,13.91,8.515,20.5575,12.215,9.78,31.85,1.695,0.1458,-26.227,6.5784,0.0,,,,,,
0945,prev_close,STRUCTURE_FAIL,40,51,13.91,8.515,20.5575,14.25,9.495,22.525,-0.34,0.0721,-5.5991,4.55,0.0,,,,,,
0945,prev_close,ALL_CONTROL,40,160,13.91,8.515,20.5575,16.985,10.715,30.855,-3.075,0.2055,-7.8555,1.7076,0.0,,,,,,
0945,anchor_volume,FAILED_BREAKOUT,40,97,34400680.0,20753255.25,88258304.0,23968869.0,10048904.0,59367293.0,10431811.0,-0.2124,-783196.0,29472921.8,0.0,,,,,,
0945,anchor_volume,NO_LAUNCH,40,12,34400680.0,20753255.25,88258304.0,32472144.5,9585006.25,36957980.0,1928535.5,-0.2833,-9125916.0,36104441.0,0.0,,,,,,
0945,anchor_volume,STRUCTURE_FAIL,40,51,34400680.0,20753255.25,88258304.0,23851203.0,9866050.0,60878530.0,10549477.0,-0.2196,-6820401.675,29799121.975,0.0,,,,,,
0945,anchor_volume,ALL_CONTROL,40,160,34400680.0,20753255.25,88258304.0,24103611.0,9934030.5,58467182.0,10297069.0,-0.22,-667990.8875,36267876.3125,0.0,,,,,,
0945,price_to_s1_pct,FAILED_BREAKOUT,40,97,-6.6982,-9.6784,-4.7764,-6.4755,-9.1644,-4.9282,-0.2227,-0.0082,-2.1942,1.9667,0.0,,,,,,
0945,price_to_s1_pct,NO_LAUNCH,40,12,-6.6982,-9.6784,-4.7764,-11.2983,-14.9185,-7.569,4.6001,-0.5125,-0.0433,8.646,0.0,,,,,,
0945,price_to_s1_pct,STRUCTURE_FAIL,40,51,-6.6982,-9.6784,-4.7764,-8.7273,-11.559,-5.9669,2.029,-0.2559,-0.4194,4.0837,0.0,,,,,,
0945,price_to_s1_pct,ALL_CONTROL,40,160,-6.6982,-9.6784,-4.7764,-7.6797,-10.6369,-5.3282,0.9814,-0.125,-1.3115,2.5829,0.0,,,,,,
0945,session_high_to_s1_pct,FAILED_BREAKOUT,40,97,-4.4213,-8.3865,-3.1372,-4.5429,-6.7085,-3.2262,0.1216,0.0366,-1.728,1.3534,0.0,,,,,,
0945,session_high_to_s1_pct,NO_LAUNCH,40,12,-4.4213,-8.3865,-3.1372,-8.2934,-12.9741,-7.0024,3.8721,-0.5042,1.1835,8.4337,0.0,,,,,,
0945,session_high_to_s1_pct,STRUCTURE_FAIL,40,51,-4.4213,-8.3865,-3.1372,-6.754,-8.9926,-4.0725,2.3327,-0.2284,-0.5938,4.1056,0.0,,,,,,
0945,session_high_to_s1_pct,ALL_CONTROL,40,160,-4.4213,-8.3865,-3.1372,-5.2981,-8.1922,-3.6364,0.8768,-0.0884,-1.3277,2.0782,0.0,,,,,,
0945,best_distance_to_s1_so_far_pct,FAILED_BREAKOUT,40,97,-6.3561,-9.7591,-4.3446,-6.1768,-8.7329,-4.665,-0.1793,0.0258,-2.1133,1.6968,0.0,,,,,,
0945,best_distance_to_s1_so_far_pct,NO_LAUNCH,40,12,-6.3561,-9.7591,-4.3446,-10.1332,-15.7311,-7.7166,3.777,-0.4833,0.448,9.4608,0.0,,,,,,
0945,best_distance_to_s1_so_far_pct,STRUCTURE_FAIL,40,51,-6.3561,-9.7591,-4.3446,-9.1236,-11.7904,-5.8078,2.7675,-0.2882,0.3545,4.2503,0.0,,,,,,
0945,best_distance_to_s1_so_far_pct,ALL_CONTROL,40,160,-6.3561,-9.7591,-4.3446,-7.427,-9.9626,-5.0361,1.0709,-0.1125,-0.9196,2.5575,0.0,,,,,,
0945,s1_cross_count_so_far,FAILED_BREAKOUT,40,97,0.0,0.0,0.0,0.0,0.0,0.0,0.0,0.0,0.0,0.0,0.0,,,,,,
0945,s1_cross_count_so_far,NO_LAUNCH,40,12,0.0,0.0,0.0,0.0,0.0,0.0,0.0,0.0,0.0,0.0,0.0,,,,,,
0945,s1_cross_count_so_far,STRUCTURE_FAIL,40,51,0.0,0.0,0.0,0.0,0.0,0.0,0.0,0.0,0.0,0.0,0.0,,,,,,
0945,s1_cross_count_so_far,ALL_CONTROL,40,160,0.0,0.0,0.0,0.0,0.0,0.0,0.0,0.0,0.0,0.0,0.0,,,,,,
0945,s1_reject_count_so_far,FAILED_BREAKOUT,40,97,0.0,0.0,0.0,0.0,0.0,0.0,0.0,0.0,0.0,0.0,0.0,,,,,,
0945,s1_reject_count_so_far,NO_LAUNCH,40,12,0.0,0.0,0.0,0.0,0.0,0.0,0.0,0.0,0.0,0.0,0.0,,,,,,
0945,s1_reject_count_so_far,STRUCTURE_FAIL,40,51,0.0,0.0,0.0,0.0,0.0,0.0,0.0,0.0,0.0,0.0,0.0,,,,,,
0945,s1_reject_count_so_far,ALL_CONTROL,40,160,0.0,0.0,0.0,0.0,0.0,0.0,0.0,0.0,0.0,0.0,0.0,,,,,,
0945,price_to_support_pct,FAILED_BREAKOUT,40,97,2.3163,0.1061,3.8614,1.6267,-0.2495,3.7593,0.6896,-0.0851,-0.7843,1.974,0.0,,,,,,
0945,price_to_support_pct,NO_LAUNCH,40,12,2.3163,0.1061,3.8614,6.4389,2.0603,12.0241,-4.1226,0.4,-10.5858,1.0489,0.0,,,,,,
0945,price_to_support_pct,STRUCTURE_FAIL,40,51,2.3163,0.1061,3.8614,2.7521,0.5373,4.0784,-0.4358,0.0206,-1.6063,1.5584,0.0,,,,,,
0945,price_to_support_pct,ALL_CONTROL,40,160,2.3163,0.1061,3.8614,2.0846,0.2629,4.2001,0.2318,-0.015,-1.0488,1.645,0.0,,,,,,
0945,price_to_invalid_pct,FAILED_BREAKOUT,40,97,2.9351,0.8218,4.8921,2.8384,0.3252,4.454,0.0967,-0.1082,-0.7063,1.9814,0.0,,,,,,
0945,price_to_invalid_pct,NO_LAUNCH,40,12,2.9351,0.8218,4.8921,7.3537,2.5469,13.1879,-4.4187,0.4042,-10.701,1.3531,0.0,,,,,,
0945,price_to_invalid_pct,STRUCTURE_FAIL,40,51,2.9351,0.8218,4.8921,3.4215,1.0501,4.7928,-0.4864,-0.0049,-1.5503,1.7823,0.0,,,,,,
0945,price_to_invalid_pct,ALL_CONTROL,40,160,2.9351,0.8218,4.8921,3.0947,0.8472,4.9965,-0.1596,-0.0369,-0.8878,1.6677,0.0,,,,,,
0945,session_low_to_support_pct,FAILED_BREAKOUT,40,97,-0.3256,-1.3591,1.4781,-0.7619,-2.5742,1.4957,0.4363,-0.1644,-0.3823,2.0644,0.0,,,,,,
0945,session_low_to_support_pct,NO_LAUNCH,40,12,-0.3256,-1.3591,1.4781,2.9715,0.4889,9.2139,-3.2971,0.4292,-9.7965,0.088,0.0,,,,,,
0945,session_low_to_support_pct,STRUCTURE_FAIL,40,51,-0.3256,-1.3591,1.4781,-0.6488,-2.4314,1.3776,0.3232,-0.1456,-0.8403,2.3187,0.0,,,,,,
0945,session_low_to_support_pct,ALL_CONTROL,40,160,-0.3256,-1.3591,1.4781,-0.6411,-2.4638,1.5867,0.3155,-0.1139,-0.4374,1.6821,0.0,,,,,,
0945,minutes_since_support_touch,FAILED_BREAKOUT,21,60,10.0,10.0,10.0,10.0,10.0,10.0,0.0,-0.0484,0.0,0.0,0.475,,,,,,
0945,minutes_since_support_touch,STRUCTURE_FAIL,21,30,10.0,10.0,10.0,10.0,10.0,10.0,0.0,-0.0175,0.0,0.0,0.475,,,,,,
0945,minutes_since_support_touch,ALL_CONTROL,21,93,10.0,10.0,10.0,10.0,10.0,10.0,0.0,-0.0353,0.0,0.0,0.475,,,,,,
0945,minutes_from_support_low_to_reclaim,FAILED_BREAKOUT,12,39,5.0,5.0,5.0,5.0,5.0,5.0,0.0,-0.1282,0.0,0.0,0.7,,,,,,
0945,minutes_from_support_low_to_reclaim,STRUCTURE_FAIL,12,18,5.0,5.0,5.0,5.0,5.0,5.0,0.0,0.1111,0.0,0.0,0.7,,,,,,
0945,minutes_from_support_low_to_reclaim,ALL_CONTROL,12,58,5.0,5.0,5.0,5.0,5.0,5.0,0.0,-0.0517,0.0,0.0,0.7,,,,,,
0945,price_after_support_reclaim_pct,FAILED_BREAKOUT,12,39,1.9754,0.311,3.2824,1.2765,0.6542,1.9624,0.6989,-0.0983,-1.068,2.0892,0.7,,,,,,
0945,price_after_support_reclaim_pct,STRUCTURE_FAIL,12,18,1.9754,0.311,3.2824,2.7532,1.4478,3.5902,-0.7778,0.2685,-2.7325,0.6815,0.7,,,,,,
0945,price_after_support_reclaim_pct,ALL_CONTROL,12,58,1.9754,0.311,3.2824,1.5224,0.9056,3.0099,0.453,0.0172,-1.3678,1.8311,0.7,,,,,,
0945,drawdown_from_open_pct,FAILED_BREAKOUT,40,97,-1.6087,-2.0582,-0.8649,-1.8667,-3.3124,-0.823,0.258,-0.1629,-0.1836,0.7742,0.0,,,,,,
0945,drawdown_from_open_pct,NO_LAUNCH,40,12,-1.6087,-2.0582,-0.8649,-1.1302,-2.7729,-0.5944,-0.4785,0.0167,-1.0695,1.2459,0.0,,,,,,
0945,drawdown_from_open_pct,STRUCTURE_FAIL,40,51,-1.6087,-2.0582,-0.8649,-1.5909,-2.7915,-0.8674,-0.0178,-0.1029,-0.4661,0.6136,0.0,,,,,,
0945,drawdown_from_open_pct,ALL_CONTROL,40,160,-1.6087,-2.0582,-0.8649,-1.7669,-3.1394,-0.7954,0.1582,-0.1303,-0.2396,0.5385,0.0,,,,,,
0945,session_low_pct_vs_prev_close,FAILED_BREAKOUT,40,97,-1.1671,-2.7725,0.0,-2.2011,-3.6518,-0.9759,1.0339,-0.3067,0.0206,1.9606,0.0,,,,,,
0945,session_low_pct_vs_prev_close,NO_LAUNCH,40,12,-1.1671,-2.7725,0.0,-2.0547,-3.7798,-1.3485,0.8876,-0.4083,-0.2174,3.0076,0.0,,,,,,
0945,session_low_pct_vs_prev_close,STRUCTURE_FAIL,40,51,-1.1671,-2.7725,0.0,-2.3985,-3.3885,-1.2023,1.2313,-0.3147,0.2353,2.0579,0.0,,,,,,
0945,session_low_pct_vs_prev_close,ALL_CONTROL,40,160,-1.1671,-2.7725,0.0,-2.2046,-3.5225,-1.0921,1.0375,-0.3169,0.1685,1.8646,0.0,,,,,,
0945,recovery_from_session_low_pct,FAILED_BREAKOUT,40,97,1.7566,0.7962,3.07,2.3001,1.1498,3.7787,-0.5435,0.1216,-1.3816,0.7271,0.0,,,,,,
0945,recovery_from_session_low_pct,NO_LAUNCH,40,12,1.7566,0.7962,3.07,1.9104,1.2424,3.2907,-0.1539,0.0813,-1.8119,1.3745,0.0,,,,,,
0945,recovery_from_session_low_pct,STRUCTURE_FAIL,40,51,1.7566,0.7962,3.07,2.5547,1.371,4.1697,-0.7981,0.2402,-1.7973,0.576,0.0,,,,,,
0945,recovery_from_session_low_pct,ALL_CONTROL,40,160,1.7566,0.7962,3.07,2.3758,1.2056,3.8721,-0.6192,0.1564,-1.4448,0.5871,0.0,,,,,,
0945,recovery_fraction_of_drawdown,FAILED_BREAKOUT,38,85,1.2054,0.4092,1.8889,0.76,0.3469,1.9615,0.4454,-0.0895,-0.2788,0.7732,0.05,,,,,,
0945,recovery_fraction_of_drawdown,NO_LAUNCH,38,12,1.2054,0.4092,1.8889,2.0417,0.8116,3.5584,-0.8363,0.2018,-2.4302,0.3767,0.05,,,,,,
0945,recovery_fraction_of_drawdown,STRUCTURE_FAIL,38,47,1.2054,0.4092,1.8889,1.4754,0.5076,3.2063,-0.27,0.0913,-1.1735,0.5383,0.05,,,,,,
0945,recovery_fraction_of_drawdown,ALL_CONTROL,38,144,1.2054,0.4092,1.8889,0.9936,0.3754,2.4564,0.2118,-0.0062,-0.5793,0.6272,0.05,,,,,,
0945,minutes_low_to_open_reclaim,FAILED_BREAKOUT,24,55,5.0,5.0,5.0,5.0,5.0,5.0,0.0,0.0182,0.0,0.0,0.4,,,,,,
0945,minutes_low_to_open_reclaim,NO_LAUNCH,24,9,5.0,5.0,5.0,5.0,5.0,5.0,0.0,0.1111,0.0,0.0,0.4,,,,,,
0945,minutes_low_to_open_reclaim,STRUCTURE_FAIL,24,32,5.0,5.0,5.0,5.0,5.0,5.0,0.0,0.0625,0.0,0.0,0.4,,,,,,
0945,minutes_low_to_open_reclaim,ALL_CONTROL,24,96,5.0,5.0,5.0,5.0,5.0,5.0,0.0,0.0417,0.0,0.0,0.4,,,,,,
0945,minutes_low_to_prev_close_reclaim,FAILED_BREAKOUT,24,55,5.0,5.0,5.0,5.0,5.0,5.0,0.0,0.0545,0.0,0.0,0.4,,,,,,
0945,minutes_low_to_prev_close_reclaim,NO_LAUNCH,24,8,5.0,5.0,5.0,5.0,5.0,6.25,0.0,0.25,-5.0,0.0,0.4,,,,,,
0945,minutes_low_to_prev_close_reclaim,STRUCTURE_FAIL,24,27,5.0,5.0,5.0,5.0,5.0,5.0,0.0,0.1481,0.0,0.0,0.4,,,,,,
0945,minutes_low_to_prev_close_reclaim,ALL_CONTROL,24,90,5.0,5.0,5.0,5.0,5.0,5.0,0.0,0.1,0.0,0.0,0.4,,,,,,
0945,price_vs_vwap_pct,FAILED_BREAKOUT,40,97,0.1134,-0.8415,0.6399,-0.0586,-0.88,0.785,0.1719,0.0082,-0.5572,0.5831,0.0,,,,,,
0945,price_vs_vwap_pct,NO_LAUNCH,40,12,0.1134,-0.8415,0.6399,0.0698,-0.5375,0.6116,0.0435,0.1,-0.9809,0.7017,0.0,,,,,,
0945,price_vs_vwap_pct,STRUCTURE_FAIL,40,51,0.1134,-0.8415,0.6399,0.237,-0.5008,1.2036,-0.1236,0.1593,-0.8973,0.327,0.0,,,,,,
0945,price_vs_vwap_pct,ALL_CONTROL,40,160,0.1134,-0.8415,0.6399,0.0198,-0.7305,0.8731,0.0936,0.0633,-0.7126,0.4527,0.0,,,,,,
0945,minutes_low_to_vwap_reclaim,FAILED_BREAKOUT,9,28,5.0,5.0,10.0,5.0,5.0,5.0,0.0,-0.3294,0.0,5.0,0.775,,,,,,
0945,minutes_low_to_vwap_reclaim,STRUCTURE_FAIL,9,16,5.0,5.0,10.0,5.0,5.0,5.0,0.0,-0.3889,0.0,5.0,0.775,,,,,,
0945,minutes_low_to_vwap_reclaim,ALL_CONTROL,9,47,5.0,5.0,10.0,5.0,5.0,5.0,0.0,-0.3357,0.0,5.0,0.775,,,,,,
0945,pct_bars_above_vwap_since_low,FAILED_BREAKOUT,40,97,50.0,0.0,100.0,50.0,0.0,100.0,0.0,-0.0057,-33.34,33.34,0.0,,,,,,
0945,pct_bars_above_vwap_since_low,NO_LAUNCH,40,12,50.0,0.0,100.0,66.67,50.0025,75.0025,-16.67,0.0875,-50.005,33.33,0.0,,,,,,
0945,pct_bars_above_vwap_since_low,STRUCTURE_FAIL,40,51,50.0,0.0,100.0,66.67,16.665,100.0,-16.67,0.0691,-50.005,25.4165,0.0,,,,,,
0945,pct_bars_above_vwap_since_low,ALL_CONTROL,40,160,50.0,0.0,100.0,66.67,0.0,100.0,-16.67,0.0252,-50.005,33.33,0.0,,,,,,
0945,vwap_rebreak_count_after_low,FAILED_BREAKOUT,40,97,0.0,0.0,0.0,0.0,0.0,1.0,0.0,0.118,0.0,0.0,0.0,,,,,,
0945,vwap_rebreak_count_after_low,NO_LAUNCH,40,12,0.0,0.0,0.0,0.0,0.0,1.0,0.0,0.1833,-1.0,0.0,0.0,,,,,,
0945,vwap_rebreak_count_after_low,STRUCTURE_FAIL,40,51,0.0,0.0,0.0,0.0,0.0,0.0,0.0,0.0461,0.0,0.0,0.0,,,,,,
0945,vwap_rebreak_count_after_low,ALL_CONTROL,40,160,0.0,0.0,0.0,0.0,0.0,0.25,0.0,0.1,0.0,0.0,0.0,,,,,,
0945,vwap_reclaim_count_after_low,FAILED_BREAKOUT,40,97,0.0,0.0,0.0,0.0,0.0,0.0,0.0,0.0121,0.0,0.0,0.0,,,,,,
0945,vwap_reclaim_count_after_low,NO_LAUNCH,40,12,0.0,0.0,0.0,0.0,0.0,0.25,0.0,0.025,-0.5,0.0,0.0,,,,,,
0945,vwap_reclaim_count_after_low,STRUCTURE_FAIL,40,51,0.0,0.0,0.0,0.0,0.0,1.0,0.0,0.0495,0.0,0.0,0.0,,,,,,
0945,vwap_reclaim_count_after_low,ALL_CONTROL,40,160,0.0,0.0,0.0,0.0,0.0,0.25,0.0,0.025,0.0,0.0,0.0,,,,,,
0945,closest_high_to_s1_pct_so_far,FAILED_BREAKOUT,40,97,-6.3561,-9.7591,-4.3446,-6.1768,-8.7329,-4.665,-0.1793,0.0258,-2.1133,1.6968,0.0,,,,,,
0945,closest_high_to_s1_pct_so_far,NO_LAUNCH,40,12,-6.3561,-9.7591,-4.3446,-10.1332,-15.7311,-7.7166,3.777,-0.4833,0.448,9.4608,0.0,,,,,,
0945,closest_high_to_s1_pct_so_far,STRUCTURE_FAIL,40,51,-6.3561,-9.7591,-4.3446,-9.1236,-11.7904,-5.8078,2.7675,-0.2882,0.3545,4.2503,0.0,,,,,,
0945,closest_high_to_s1_pct_so_far,ALL_CONTROL,40,160,-6.3561,-9.7591,-4.3446,-7.427,-9.9626,-5.0361,1.0709,-0.1125,-0.9196,2.5575,0.0,,,,,,
0945,number_of_intraday_local_highs,FAILED_BREAKOUT,40,97,1.0,1.0,2.0,1.0,1.0,2.0,0.0,-0.067,0.0,0.5,0.0,,,,,,
0945,number_of_intraday_local_highs,NO_LAUNCH,40,12,1.0,1.0,2.0,1.5,1.0,2.0,-0.5,0.1583,-1.0,0.0,0.0,,,,,,
0945,number_of_intraday_local_highs,STRUCTURE_FAIL,40,51,1.0,1.0,2.0,1.0,1.0,2.0,0.0,0.0657,-1.0,0.5,0.0,,,,,,
0945,number_of_intraday_local_highs,ALL_CONTROL,40,160,1.0,1.0,2.0,1.0,1.0,2.0,0.0,-0.0078,0.0,0.5,0.0,,,,,,
0945,local_high_progression_pct,FAILED_BREAKOUT,40,97,2.4927,1.4996,3.9075,2.1696,1.2966,3.5563,0.3231,-0.0606,-0.3996,1.1505,0.0,,,,,,
0945,local_high_progression_pct,NO_LAUNCH,40,12,2.4927,1.4996,3.9075,2.5499,1.329,3.5391,-0.0573,0.0,-1.2497,1.6012,0.0,,,,,,
0945,local_high_progression_pct,STRUCTURE_FAIL,40,51,2.4927,1.4996,3.9075,3.4041,1.3018,4.1174,-0.9114,0.1186,-1.7469,0.3957,0.0,,,,,,
0945,local_high_progression_pct,ALL_CONTROL,40,160,2.4927,1.4996,3.9075,2.4428,1.2827,3.8865,0.0498,0.0011,-0.7097,0.9462,0.0,,,,,,
0945,high_progression_pct,FAILED_BREAKOUT,40,97,2.4927,1.4996,3.9075,2.1696,1.2966,3.5563,0.3231,-0.0606,-0.3996,1.1505,0.0,,,,,,
0945,high_progression_pct,NO_LAUNCH,40,12,2.4927,1.4996,3.9075,2.5499,1.329,3.5391,-0.0573,0.0,-1.2497,1.6012,0.0,,,,,,
0945,high_progression_pct,STRUCTURE_FAIL,40,51,2.4927,1.4996,3.9075,3.4041,1.3018,4.1174,-0.9114,0.1186,-1.7469,0.3957,0.0,,,,,,
0945,high_progression_pct,ALL_CONTROL,40,160,2.4927,1.4996,3.9075,2.4428,1.2827,3.8865,0.0498,0.0011,-0.7097,0.9462,0.0,,,,,,
0945,probe_v01_compat,FAILED_BREAKOUT,40,97,0.0,0.0,0.0,0.0,0.0,0.0,0.0,0.0,0.0,0.0,0.0,,,,,,
0945,probe_v01_compat,NO_LAUNCH,40,12,0.0,0.0,0.0,0.0,0.0,0.0,0.0,0.0,0.0,0.0,0.0,,,,,,
0945,probe_v01_compat,STRUCTURE_FAIL,40,51,0.0,0.0,0.0,0.0,0.0,0.0,0.0,0.0,0.0,0.0,0.0,,,,,,
0945,probe_v01_compat,ALL_CONTROL,40,160,0.0,0.0,0.0,0.0,0.0,0.0,0.0,0.0,0.0,0.0,0.0,,,,,,
0945,continuous_s1_approach,FAILED_BREAKOUT,40,97,-6.3561,-9.7591,-4.3446,-6.1768,-8.7329,-4.665,-0.1793,0.0258,-2.1133,1.6968,0.0,,,,,,
0945,continuous_s1_approach,NO_LAUNCH,40,12,-6.3561,-9.7591,-4.3446,-10.1332,-15.7311,-7.7166,3.777,-0.4833,0.448,9.4608,0.0,,,,,,
0945,continuous_s1_approach,STRUCTURE_FAIL,40,51,-6.3561,-9.7591,-4.3446,-9.1236,-11.7904,-5.8078,2.7675,-0.2882,0.3545,4.2503,0.0,,,,,,
0945,continuous_s1_approach,ALL_CONTROL,40,160,-6.3561,-9.7591,-4.3446,-7.427,-9.9626,-5.0361,1.0709,-0.1125,-0.9196,2.5575,0.0,,,,,,
0945,cum_volume,FAILED_BREAKOUT,40,97,12890822.0,4836781.25,23253265.0,7125323.0,4070600.0,24850026.0,5765499.0,-0.1129,-1839542.55,13151709.375,0.0,,,,,,
0945,cum_volume,NO_LAUNCH,40,12,12890822.0,4836781.25,23253265.0,5648180.0,1327625.0,8878094.75,7242642.0,-0.4167,188518.2875,16233862.425,0.0,,,,,,
0945,cum_volume,STRUCTURE_FAIL,40,51,12890822.0,4836781.25,23253265.0,9612840.0,4989750.0,20963049.5,3277982.0,-0.0745,-3868202.0375,9891683.525,0.0,,,,,,
0945,cum_volume,ALL_CONTROL,40,160,12890822.0,4836781.25,23253265.0,8148000.0,3901350.0,21704302.75,4742822.0,-0.1234,-1400552.2,12340803.7375,0.0,,,,,,
0945,cum_volume_vs_D1_ratio,FAILED_BREAKOUT,40,97,0.2248,0.1577,0.3505,0.2849,0.2088,0.4798,-0.06,0.2335,-0.128,0.0286,0.0,,,,,,
0945,cum_volume_vs_D1_ratio,NO_LAUNCH,40,12,0.2248,0.1577,0.3505,0.1892,0.1664,0.2224,0.0357,-0.2208,-0.026,0.1049,0.0,,,,,,
0945,cum_volume_vs_D1_ratio,STRUCTURE_FAIL,40,51,0.2248,0.1577,0.3505,0.3239,0.2079,0.6972,-0.0991,0.3314,-0.2303,-0.0119,0.0,,,,,,
0945,cum_volume_vs_D1_ratio,ALL_CONTROL,40,160,0.2248,0.1577,0.3505,0.2869,0.1986,0.5002,-0.0621,0.2306,-0.1202,0.019,0.0,,,,,,
0945,cum_volume_vs_anchor_ratio,FAILED_BREAKOUT,40,97,0.2818,0.1846,0.4324,0.3161,0.236,0.5173,-0.0343,0.2129,-0.1225,0.0153,0.0,,,,,,
0945,cum_volume_vs_anchor_ratio,NO_LAUNCH,40,12,0.2818,0.1846,0.4324,0.1715,0.131,0.2505,0.1103,-0.3833,-0.0014,0.1698,0.0,,,,,,
0945,cum_volume_vs_anchor_ratio,STRUCTURE_FAIL,40,51,0.2818,0.1846,0.4324,0.3586,0.2321,0.6972,-0.0768,0.2931,-0.3318,-0.0177,0.0,,,,,,
0945,cum_volume_vs_anchor_ratio,ALL_CONTROL,40,160,0.2818,0.1846,0.4324,0.3237,0.2277,0.5618,-0.0419,0.1937,-0.1098,0.0018,0.0,,,,,,
0945,volume_since_session_low,FAILED_BREAKOUT,40,97,8490561.0,3401825.0,20051086.25,5459899.0,2458400.0,14768748.0,3030662.0,-0.1113,-875344.2875,9173457.65,0.0,,,,,,
0945,volume_since_session_low,NO_LAUNCH,40,12,8490561.0,3401825.0,20051086.25,4426750.0,1227675.0,6511982.25,4063811.0,-0.3958,-407337.175,11523551.975,0.0,,,,,,
0945,volume_since_session_low,STRUCTURE_FAIL,40,51,8490561.0,3401825.0,20051086.25,6120500.0,3785552.0,16846094.5,2370061.0,-0.0363,-2078942.9,8358879.025,0.0,,,,,,
0945,volume_since_session_low,ALL_CONTROL,40,160,8490561.0,3401825.0,20051086.25,5655950.0,3100329.25,14555027.25,2834611.0,-0.1087,-482534.6625,9165147.9625,0.0,,,,,,
0945,volume_on_recovery,FAILED_BREAKOUT,27,58,7566312.0,2949050.0,18789498.0,6213900.0,3275617.75,20338914.5,1352412.0,-0.0383,-3759317.75,12296364.375,0.325,,,,,,
0945,volume_on_recovery,NO_LAUNCH,27,9,7566312.0,2949050.0,18789498.0,3770800.0,1122984.0,6703929.0,3795512.0,-0.3992,-1044219.0,15892516.0,0.325,,,,,,
0945,volume_on_recovery,STRUCTURE_FAIL,27,34,7566312.0,2949050.0,18789498.0,7152250.0,3556225.0,18648281.25,414062.0,-0.0261,-5586617.0,12369850.0,0.325,,,,,,
0945,volume_on_recovery,ALL_CONTROL,27,101,7566312.0,2949050.0,18789498.0,5805000.0,3258700.0,18900500.0,1761312.0,-0.0664,-4037584.8,12464784.0,0.325,,,,,,
0945,return_from_open_pct,FAILED_BREAKOUT,40,97,0.3725,-0.8497,1.4852,-0.151,-1.3083,1.9497,0.5234,-0.0518,-0.7075,1.3963,0.0,,,,,,
0945,return_from_open_pct,NO_LAUNCH,40,12,0.3725,-0.8497,1.4852,0.967,-0.5143,2.2472,-0.5946,0.1021,-2.2226,1.3746,0.0,,,,,,
0945,return_from_open_pct,STRUCTURE_FAIL,40,51,0.3725,-0.8497,1.4852,1.209,-1.0889,2.522,-0.8366,0.1098,-2.0252,0.4524,0.0,,,,,,
0945,return_from_open_pct,ALL_CONTROL,40,160,0.3725,-0.8497,1.4852,0.5141,-1.2096,2.2795,-0.1416,0.0112,-0.999,0.8421,0.0,,,,,,
0945,return_from_prev_close_pct,FAILED_BREAKOUT,40,97,0.766,-1.165,2.7968,0.3222,-1.8945,1.9512,0.4438,-0.1562,-0.8121,1.8911,0.0,,,,,,
0945,return_from_prev_close_pct,NO_LAUNCH,40,12,0.766,-1.165,2.7968,0.1599,-2.2581,0.9211,0.6061,-0.2542,-1.0008,3.0339,0.0,,,,,,
0945,return_from_prev_close_pct,STRUCTURE_FAIL,40,51,0.766,-1.165,2.7968,0.3505,-1.3337,2.3998,0.4155,-0.0667,-1.1547,1.7205,0.0,,,,,,
0945,return_from_prev_close_pct,ALL_CONTROL,40,160,0.766,-1.165,2.7968,0.321,-1.719,2.056,0.445,-0.135,-0.6678,1.6567,0.0,,,,,,
0945,session_range_pct,FAILED_BREAKOUT,40,97,4.0737,3.2873,5.0477,4.5769,3.6364,5.4353,-0.5032,0.2098,-1.009,0.2337,0.0,,,,,,
0945,session_range_pct,NO_LAUNCH,40,12,4.0737,3.2873,5.0477,4.2182,3.4386,5.3767,-0.1445,0.05,-1.6912,0.9797,0.0,,,,,,
0945,session_range_pct,STRUCTURE_FAIL,40,51,4.0737,3.2873,5.0477,4.8841,4.0938,6.6821,-0.8104,0.35,-1.696,-0.1903,0.0,,,,,,
0945,session_range_pct,ALL_CONTROL,40,160,4.0737,3.2873,5.0477,4.6892,3.6662,5.6842,-0.6156,0.2425,-1.1491,0.0433,0.0,,,,,,
0945,close_location_so_far,FAILED_BREAKOUT,40,97,0.4585,0.1955,0.7075,0.526,0.248,0.745,-0.0675,0.0557,-0.245,0.2097,0.0,,,,,,
0945,close_location_so_far,NO_LAUNCH,40,12,0.4585,0.1955,0.7075,0.5965,0.2635,0.8425,-0.138,0.1708,-0.4353,0.2874,0.0,,,,,,
0945,close_location_so_far,STRUCTURE_FAIL,40,51,0.4585,0.1955,0.7075,0.562,0.341,0.823,-0.1035,0.151,-0.3146,0.148,0.0,,,,,,
0945,close_location_so_far,ALL_CONTROL,40,160,0.4585,0.1955,0.7075,0.5495,0.28,0.7548,-0.091,0.0947,-0.2666,0.1706,0.0,,,,,,
0945,high_from_open_pct,FAILED_BREAKOUT,40,97,2.4927,1.4996,3.9075,2.1696,1.2966,3.5563,0.3231,-0.0606,-0.3996,1.1505,0.0,,,,,,
0945,high_from_open_pct,NO_LAUNCH,40,12,2.4927,1.4996,3.9075,2.5499,1.329,3.5391,-0.0573,0.0,-1.2497,1.6012,0.0,,,,,,
0945,high_from_open_pct,STRUCTURE_FAIL,40,51,2.4927,1.4996,3.9075,3.4041,1.3018,4.1174,-0.9114,0.1186,-1.7469,0.3957,0.0,,,,,,
0945,high_from_open_pct,ALL_CONTROL,40,160,2.4927,1.4996,3.9075,2.4428,1.2827,3.8865,0.0498,0.0011,-0.7097,0.9462,0.0,,,,,,
0945,low_from_open_pct,FAILED_BREAKOUT,40,97,-1.6087,-2.0582,-0.8649,-1.8667,-3.3124,-0.823,0.258,-0.1629,-0.1836,0.7742,0.0,,,,,,
0945,low_from_open_pct,NO_LAUNCH,40,12,-1.6087,-2.0582,-0.8649,-1.1302,-2.7729,-0.5944,-0.4785,0.0167,-1.0695,1.2459,0.0,,,,,,
0945,low_from_open_pct,STRUCTURE_FAIL,40,51,-1.6087,-2.0582,-0.8649,-1.5909,-2.7915,-0.8674,-0.0178,-0.1029,-0.4661,0.6136,0.0,,,,,,
0945,low_from_open_pct,ALL_CONTROL,40,160,-1.6087,-2.0582,-0.8649,-1.7669,-3.1394,-0.7954,0.1582,-0.1303,-0.2396,0.5385,0.0,,,,,,
0945,lower_shadow_proxy_so_far_pct,FAILED_BREAKOUT,40,97,0.8716,0.3837,1.5595,1.0681,0.4618,1.7999,-0.1965,0.0508,-0.5476,0.4518,0.0,,,,,,
0945,lower_shadow_proxy_so_far_pct,NO_LAUNCH,40,12,0.8716,0.3837,1.5595,0.6926,0.413,1.1661,0.179,-0.1104,-0.4422,0.8133,0.0,,,,,,
0945,lower_shadow_proxy_so_far_pct,STRUCTURE_FAIL,40,51,0.8716,0.3837,1.5595,0.9934,0.6435,1.6854,-0.1218,0.1,-0.5831,0.4236,0.0,,,,,,
0945,lower_shadow_proxy_so_far_pct,ALL_CONTROL,40,160,0.8716,0.3837,1.5595,1.0051,0.5149,1.7166,-0.1336,0.0544,-0.5394,0.4584,0.0,,,,,,
0945,upper_shadow_proxy_so_far_pct,FAILED_BREAKOUT,40,97,1.3904,0.75,1.9538,1.2966,0.5222,2.1645,0.0938,-0.0838,-0.4212,0.5667,0.0,,,,,,
0945,upper_shadow_proxy_so_far_pct,NO_LAUNCH,40,12,1.3904,0.75,1.9538,1.0042,0.5359,2.9053,0.3862,-0.1125,-1.8105,0.9531,0.0,,,,,,
0945,upper_shadow_proxy_so_far_pct,STRUCTURE_FAIL,40,51,1.3904,0.75,1.9538,1.1952,0.5982,2.242,0.1952,-0.0784,-0.3764,0.6025,0.0,,,,,,
0945,upper_shadow_proxy_so_far_pct,ALL_CONTROL,40,160,1.3904,0.75,1.9538,1.2031,0.5342,2.2013,0.1874,-0.0842,-0.2896,0.5451,0.0,,,,,,
0945,checkpoint_close,FAILED_BREAKOUT,40,97,13.57,8.725,20.885,19.28,11.37,34.39,-5.71,0.2799,-10.1079,-0.6364,0.0,,,,,,
0945,checkpoint_close,NO_LAUNCH,40,12,13.57,8.725,20.885,12.42,9.61,31.5475,1.15,0.1125,-25.0309,6.5753,0.0,,,,,,
0945,checkpoint_close,STRUCTURE_FAIL,40,51,13.57,8.725,20.885,14.19,9.54,22.745,-0.62,0.0745,-5.4603,4.5205,0.0,,,,,,
0945,checkpoint_close,ALL_CONTROL,40,160,13.57,8.725,20.885,16.92,10.5975,30.6075,-3.35,0.2019,-8.0065,1.7194,0.0,,,,,,
0945,session_low_price,FAILED_BREAKOUT,40,97,13.34,8.49,20.44,18.55,10.97,33.6,-5.21,0.2755,-9.8235,-0.3443,0.0,,,,,,
0945,session_low_price,NO_LAUNCH,40,12,13.34,8.49,20.44,12.13,9.505,31.0475,1.21,0.1229,-24.8325,6.5853,0.0,,,,,,
0945,session_low_price,STRUCTURE_FAIL,40,51,13.34,8.49,20.44,13.79,9.31,22.305,-0.45,0.0676,-5.3679,4.58,0.0,,,,,,
0945,session_low_price,ALL_CONTROL,40,160,13.34,8.49,20.44,16.625,10.465,30.055,-3.285,0.1978,-7.7431,1.911,0.0,,,,,,
0945,session_high_price,FAILED_BREAKOUT,40,97,14.185,8.8125,21.3,19.51,11.6,35.3,-5.325,0.2791,-10.224,-0.5742,0.0,,,,,,
0945,session_high_price,NO_LAUNCH,40,12,14.185,8.8125,21.3,12.67,10.025,31.895,1.515,0.1333,-25.7882,6.7752,0.0,,,,,,
0945,session_high_price,STRUCTURE_FAIL,40,51,14.185,8.8125,21.3,14.5,9.73,23.22,-0.315,0.0725,-5.6619,4.8204,0.0,,,,,,
0945,session_high_price,ALL_CONTROL,40,160,14.185,8.8125,21.3,17.515,11.0075,31.1075,-3.33,0.2023,-8.2879,1.8614,0.0,,,,,,
0945,vwap_price,FAILED_BREAKOUT,40,97,13.7103,8.6205,20.8155,19.1283,11.2341,34.6535,-5.418,0.2789,-10.0296,-0.4912,0.0,,,,,,
0945,vwap_price,NO_LAUNCH,40,12,13.7103,8.6205,20.8155,12.3945,9.7129,31.5022,1.3158,0.125,-25.1649,6.7304,0.0,,,,,,
0945,vwap_price,STRUCTURE_FAIL,40,51,13.7103,8.6205,20.8155,13.9999,9.5,22.759,-0.2896,0.0686,-5.5298,4.7302,0.0,,,,,,
0945,vwap_price,ALL_CONTROL,40,160,13.7103,8.6205,20.8155,17.0034,10.6755,30.7179,-3.2931,0.2003,-8.0611,1.8302,0.0,,,,,,
0945,high_level_consolidation_pre_D0,FAILED_BREAKOUT,40,97,,,,,,,,,,,,0.325,0.1856,1.751,2.113,0.932,4.617
0945,high_level_consolidation_pre_D0,NO_LAUNCH,40,12,,,,,,,,,,,,0.325,0.0833,3.9,5.296,0.974,9.952
0945,high_level_consolidation_pre_D0,STRUCTURE_FAIL,40,51,,,,,,,,,,,,0.325,0.098,3.315,4.43,1.56,16.333
0945,high_level_consolidation_pre_D0,ALL_CONTROL,40,160,,,,,,,,,,,,0.325,0.15,2.167,2.728,1.232,5.765
0945,s1_touched_so_far,FAILED_BREAKOUT,40,97,,,,,,,,,,,,0.0,0.0,,,,
0945,s1_touched_so_far,NO_LAUNCH,40,12,,,,,,,,,,,,0.0,0.0,,,,
0945,s1_touched_so_far,STRUCTURE_FAIL,40,51,,,,,,,,,,,,0.0,0.0,,,,
0945,s1_touched_so_far,ALL_CONTROL,40,160,,,,,,,,,,,,0.0,0.0,,,,
0945,support_touched_so_far,FAILED_BREAKOUT,40,97,,,,,,,,,,,,0.525,0.6186,0.849,0.682,0.301,1.418
0945,support_touched_so_far,NO_LAUNCH,40,12,,,,,,,,,,,,0.525,0.25,2.1,3.316,0.877,18.333
0945,support_touched_so_far,STRUCTURE_FAIL,40,51,,,,,,,,,,,,0.525,0.5882,0.892,0.774,0.364,1.733
0945,support_touched_so_far,ALL_CONTROL,40,160,,,,,,,,,,,,0.525,0.5813,0.903,0.796,0.388,1.695
0945,support_broken_so_far,FAILED_BREAKOUT,40,97,,,,,,,,,,,,0.525,0.6082,0.863,0.712,0.323,1.516
0945,support_broken_so_far,NO_LAUNCH,40,12,,,,,,,,,,,,0.525,0.25,2.1,3.316,0.877,18.333
0945,support_broken_so_far,STRUCTURE_FAIL,40,51,,,,,,,,,,,,0.525,0.5882,0.892,0.774,0.364,1.733
0945,support_broken_so_far,ALL_CONTROL,40,160,,,,,,,,,,,,0.525,0.575,0.913,0.817,0.398,1.738
0945,support_reclaimed_so_far,FAILED_BREAKOUT,40,97,,,,,,,,,,,,0.3,0.4021,0.746,0.637,0.273,1.401
0945,support_reclaimed_so_far,NO_LAUNCH,40,12,,,,,,,,,,,,0.3,0.0833,3.6,4.714,0.861,9.0
0945,support_reclaimed_so_far,STRUCTURE_FAIL,40,51,,,,,,,,,,,,0.3,0.3529,0.85,0.786,0.324,1.706
0945,support_reclaimed_so_far,ALL_CONTROL,40,160,,,,,,,,,,,,0.3,0.3625,0.828,0.754,0.323,1.425
0945,open_reclaimed_so_far,FAILED_BREAKOUT,40,97,,,,,,,,,,,,0.6,0.4845,1.238,1.596,0.821,3.134
0945,open_reclaimed_so_far,NO_LAUNCH,40,12,,,,,,,,,,,,0.6,0.75,0.8,0.5,0.111,1.857
0945,open_reclaimed_so_far,STRUCTURE_FAIL,40,51,,,,,,,,,,,,0.6,0.6275,0.956,0.891,0.417,2.06
0945,open_reclaimed_so_far,ALL_CONTROL,40,160,,,,,,,,,,,,0.6,0.55,1.091,1.227,0.611,2.692
0945,prev_close_reclaimed_so_far,FAILED_BREAKOUT,40,97,,,,,,,,,,,,0.625,0.5464,1.144,1.384,0.632,3.059
0945,prev_close_reclaimed_so_far,NO_LAUNCH,40,12,,,,,,,,,,,,0.625,0.6667,0.938,0.833,0.193,3.157
0945,prev_close_reclaimed_so_far,STRUCTURE_FAIL,40,51,,,,,,,,,,,,0.625,0.5686,1.099,1.264,0.593,2.966
0945,prev_close_reclaimed_so_far,ALL_CONTROL,40,160,,,,,,,,,,,,0.625,0.5625,1.111,1.296,0.636,2.909
0945,above_vwap_now,FAILED_BREAKOUT,40,97,,,,,,,,,,,,0.55,0.4536,1.213,1.472,0.757,2.824
0945,above_vwap_now,NO_LAUNCH,40,12,,,,,,,,,,,,0.55,0.5,1.1,1.222,0.315,4.839
0945,above_vwap_now,STRUCTURE_FAIL,40,51,,,,,,,,,,,,0.55,0.5882,0.935,0.856,0.406,1.931
0945,above_vwap_now,ALL_CONTROL,40,160,,,,,,,,,,,,0.55,0.5,1.1,1.222,0.636,2.364
0945,vwap_reclaimed_after_low,FAILED_BREAKOUT,40,97,,,,,,,,,,,,0.225,0.2887,0.779,0.715,0.287,1.556
0945,vwap_reclaimed_after_low,NO_LAUNCH,40,12,,,,,,,,,,,,0.225,0.25,0.9,0.871,0.208,4.106
0945,vwap_reclaimed_after_low,STRUCTURE_FAIL,40,51,,,,,,,,,,,,0.225,0.3137,0.717,0.635,0.233,1.44
0945,vwap_reclaimed_after_low,ALL_CONTROL,40,160,,,,,,,,,,,,0.225,0.2938,0.766,0.698,0.259,1.491
0945,d0_new_low_since_anchor_so_far,FAILED_BREAKOUT,40,97,,,,,,,,,,,,0.3,0.1959,1.532,1.759,0.76,3.742
0945,d0_new_low_since_anchor_so_far,NO_LAUNCH,40,12,,,,,,,,,,,,0.3,0.5,0.6,0.429,0.101,1.391
0945,d0_new_low_since_anchor_so_far,STRUCTURE_FAIL,40,51,,,,,,,,,,,,0.3,0.2745,1.093,1.133,0.457,2.588
0945,d0_new_low_since_anchor_so_far,ALL_CONTROL,40,160,,,,,,,,,,,,0.3,0.2437,1.231,1.33,0.583,2.85
1000,s1,FAILED_BREAKOUT,40,97,15.02,9.2575,21.805,20.79,12.25,37.95,-5.77,0.2789,-11.062,-0.7311,0.0,,,,,,
1000,s1,NO_LAUNCH,40,12,15.02,9.2575,21.805,13.9,11.5675,34.555,1.12,0.1771,-28.2765,6.6936,0.0,,,,,,
1000,s1,STRUCTURE_FAIL,40,51,15.02,9.2575,21.805,15.54,10.835,24.62,-0.52,0.0941,-6.0909,5.175,0.0,,,,,,
1000,s1,ALL_CONTROL,40,160,15.02,9.2575,21.805,18.615,11.72,32.1825,-3.595,0.2123,-8.8564,1.8534,0.0,,,,,,
1000,invalid,FAILED_BREAKOUT,40,97,13.44,8.0475,19.7525,18.75,10.78,33.46,-5.31,0.282,-9.8599,-0.6459,0.0,,,,,,
1000,invalid,NO_LAUNCH,40,12,13.44,8.0475,19.7525,11.885,9.7625,27.9525,1.555,0.1,-19.015,6.6552,0.0,,,,,,
1000,invalid,STRUCTURE_FAIL,40,51,13.44,8.0475,19.7525,13.53,8.955,22.615,-0.09,0.0672,-5.34,4.891,0.0,,,,,,
1000,invalid,ALL_CONTROL,40,160,13.44,8.0475,19.7525,16.18,10.2,29.8,-2.74,0.1998,-7.9189,1.8825,0.0,,,,,,
1000,D1_close,FAILED_BREAKOUT,40,97,13.91,8.515,20.5575,18.74,11.39,35.55,-4.83,0.283,-9.8569,-0.4948,0.0,,,,,,
1000,D1_close,NO_LAUNCH,40,12,13.91,8.515,20.5575,12.215,9.78,31.85,1.695,0.1458,-26.227,6.5784,0.0,,,,,,
1000,D1_close,STRUCTURE_FAIL,40,51,13.91,8.515,20.5575,14.25,9.495,22.525,-0.34,0.0721,-5.5991,4.55,0.0,,,,,,
1000,D1_close,ALL_CONTROL,40,160,13.91,8.515,20.5575,16.985,10.715,30.855,-3.075,0.2055,-7.8555,1.7076,0.0,,,,,,
1000,D1_volume,FAILED_BREAKOUT,40,97,38378271.0,21600997.75,88396361.5,27585410.0,12836496.0,61045791.0,10792861.0,-0.2211,-3454678.55,38190319.5,0.0,,,,,,
1000,D1_volume,NO_LAUNCH,40,12,38378271.0,21600997.75,88396361.5,32690851.0,8298818.5,42421264.0,5687420.0,-0.3542,-8459176.65,43700418.7625,0.0,,,,,,
1000,D1_volume,STRUCTURE_FAIL,40,51,38378271.0,21600997.75,88396361.5,24452300.0,14205952.0,59077579.5,13925971.0,-0.2569,-3970581.0,37121887.6625,0.0,,,,,,
1000,D1_volume,ALL_CONTROL,40,160,38378271.0,21600997.75,88396361.5,27464760.5,12291668.5,59786917.5,10913510.5,-0.2425,-1191392.1375,44524682.8,0.0,,,,,,
1000,D1_upper_shadow_pct,FAILED_BREAKOUT,40,97,1.6802,0.0,2.2929,0.0,0.0,0.7242,1.6802,-0.3211,0.0,2.0661,0.0,,,,,,
1000,D1_upper_shadow_pct,NO_LAUNCH,40,12,1.6802,0.0,2.2929,1.258,0.0552,1.9251,0.4222,-0.0604,-1.5518,1.7784,0.0,,,,,,
1000,D1_upper_shadow_pct,STRUCTURE_FAIL,40,51,1.6802,0.0,2.2929,0.0,0.0,1.0797,1.6802,-0.3113,0.0,2.0903,0.0,,,,,,
1000,D1_upper_shadow_pct,ALL_CONTROL,40,160,1.6802,0.0,2.2929,0.0,0.0,1.1674,1.6802,-0.2984,0.0,2.0774,0.0,,,,,,
1000,D1_close_location,FAILED_BREAKOUT,40,97,0.222,0.0805,1.0,1.0,0.295,1.0,-0.778,0.332,-0.8955,0.0,0.0,,,,,,
1000,D1_close_location,NO_LAUNCH,40,12,0.222,0.0805,1.0,0.288,0.057,0.9835,-0.066,-0.1021,-0.7568,0.602,0.0,,,,,,
1000,D1_close_location,STRUCTURE_FAIL,40,51,0.222,0.0805,1.0,1.0,0.177,1.0,-0.778,0.2162,-0.8955,0.0,0.0,,,,,,
1000,D1_close_location,ALL_CONTROL,40,160,0.222,0.0805,1.0,1.0,0.2273,1.0,-0.778,0.2625,-0.889,0.0,0.0,,,,,,
1000,dist_D1_close_to_s1_pct,FAILED_BREAKOUT,40,97,-7.8255,-10.3963,-5.4528,-7.174,-9.7053,-5.2,-0.6515,0.1113,-2.098,1.2709,0.0,,,,,,
1000,dist_D1_close_to_s1_pct,NO_LAUNCH,40,12,-7.8255,-10.3963,-5.4528,-9.5171,-16.7256,-7.9345,1.6916,-0.3458,-0.3806,9.0924,0.0,,,,,,
1000,dist_D1_close_to_s1_pct,STRUCTURE_FAIL,40,51,-7.8255,-10.3963,-5.4528,-9.5538,-11.9075,-6.5019,1.7283,-0.2147,-0.3001,3.7519,0.0,,,,,,
1000,dist_D1_close_to_s1_pct,ALL_CONTROL,40,160,-7.8255,-10.3963,-5.4528,-7.874,-11.0682,-5.7075,0.0485,-0.0269,-1.3246,1.8812,0.0,,,,,,
1000,dist_D1_close_to_support_pct,FAILED_BREAKOUT,40,97,0.6732,-0.2964,3.1082,0.2036,-0.2195,4.1467,0.4696,0.0191,-1.0612,2.1712,0.0,,,,,,
1000,dist_D1_close_to_support_pct,NO_LAUNCH,40,12,0.6732,-0.2964,3.1082,5.7976,2.7759,13.3344,-5.1243,0.45,-13.5385,-0.0168,0.0,,,,,,
1000,dist_D1_close_to_support_pct,STRUCTURE_FAIL,40,51,0.6732,-0.2964,3.1082,0.7866,-0.6988,4.4425,-0.1134,0.0265,-2.1346,2.0619,0.0,,,,,,
1000,dist_D1_close_to_support_pct,ALL_CONTROL,40,160,0.6732,-0.2964,3.1082,0.6419,-0.2886,4.8383,0.0313,0.0537,-1.4222,2.0902,0.0,,,,,,
1000,dist_D1_close_to_invalid_pct,FAILED_BREAKOUT,40,97,1.8796,0.4904,4.1686,0.9183,0.4875,5.307,0.9613,-0.0119,-1.4637,2.5018,0.0,,,,,,
1000,dist_D1_close_to_invalid_pct,NO_LAUNCH,40,12,1.8796,0.4904,4.1686,6.9767,3.3286,14.1151,-5.0971,0.4375,-13.2495,0.0176,0.0,,,,,,
1000,dist_D1_close_to_invalid_pct,STRUCTURE_FAIL,40,51,1.8796,0.4904,4.1686,2.1254,0.4792,4.9866,-0.2458,0.0098,-2.0201,2.2019,0.0,,,,,,
1000,dist_D1_close_to_invalid_pct,ALL_CONTROL,40,160,1.8796,0.4904,4.1686,1.6545,0.4867,5.74,0.2251,0.0288,-1.7035,2.226,0.0,,,,,,
1000,pullback_volume_dry_up_pre_D0,FAILED_BREAKOUT,25,35,1.231,1.0324,1.4271,1.2824,1.0119,1.5483,-0.0514,0.0949,-0.2766,0.1581,0.375,,,,,,
1000,pullback_volume_dry_up_pre_D0,NO_LAUNCH,25,9,1.231,1.0324,1.4271,0.9015,0.6461,1.0816,0.3295,-0.4222,-0.1115,0.6398,0.375,,,,,,
1000,pullback_volume_dry_up_pre_D0,STRUCTURE_FAIL,25,20,1.231,1.0324,1.4271,1.0961,0.9382,1.4599,0.1349,-0.084,-0.1624,0.3217,0.375,,,,,,
1000,pullback_volume_dry_up_pre_D0,ALL_CONTROL,25,64,1.231,1.0324,1.4271,1.1586,0.9361,1.477,0.0724,-0.0337,-0.1702,0.2573,0.375,,,,,,
1000,probe_count_pre_D0,FAILED_BREAKOUT,40,97,0.0,0.0,1.0,0.0,0.0,1.0,0.0,-0.108,0.0,0.5,0.0,,,,,,
1000,probe_count_pre_D0,NO_LAUNCH,40,12,0.0,0.0,1.0,0.5,0.0,1.25,-0.5,0.1854,-1.5,0.0,0.0,,,,,,
1000,probe_count_pre_D0,STRUCTURE_FAIL,40,51,0.0,0.0,1.0,0.0,0.0,1.0,0.0,-0.0608,0.0,0.5,0.0,,,,,,
1000,probe_count_pre_D0,ALL_CONTROL,40,160,0.0,0.0,1.0,0.0,0.0,1.0,0.0,-0.0709,0.0,0.5,0.0,,,,,,
1000,closest_high_to_s1_pre_D0_pct,FAILED_BREAKOUT,25,35,-2.2685,-6.2017,0.0,0.0,-4.1989,0.2021,-2.2685,0.2183,-5.2386,2.0274,0.375,,,,,,
1000,closest_high_to_s1_pre_D0_pct,NO_LAUNCH,25,9,-2.2685,-6.2017,0.0,-2.4513,-8.0537,-1.1155,0.1828,-0.3067,-3.1298,10.9155,0.375,,,,,,
1000,closest_high_to_s1_pre_D0_pct,STRUCTURE_FAIL,25,20,-2.2685,-6.2017,0.0,-2.157,-5.4459,0.0,-0.1115,0.008,-4.2453,4.6295,0.375,,,,,,
1000,closest_high_to_s1_pre_D0_pct,ALL_CONTROL,25,64,-2.2685,-6.2017,0.0,-1.336,-5.2344,0.0,-0.9325,0.0787,-3.935,2.482,0.375,,,,,,
1000,pre_D0_min_low,FAILED_BREAKOUT,25,35,14.61,7.6,23.3,21.05,10.91,69.99,-6.44,0.2983,-26.27,2.2215,0.375,,,,,,
1000,pre_D0_min_low,NO_LAUNCH,25,9,14.61,7.6,23.3,16.4,9.74,43.3,-1.79,0.2044,-49.42,8.9295,0.375,,,,,,
1000,pre_D0_min_low,STRUCTURE_FAIL,25,20,14.61,7.6,23.3,13.965,10.37,24.52,0.645,0.072,-6.731,7.0,0.375,,,,,,
1000,pre_D0_min_low,ALL_CONTROL,25,64,14.61,7.6,23.3,17.35,10.0625,45.79,-2.74,0.2144,-11.7,4.5722,0.375,,,,,,
1000,d0_open,FAILED_BREAKOUT,40,97,14.0,8.6625,20.8425,18.89,11.2,35.03,-4.89,0.2799,-10.1028,-0.599,0.0,,,,,,
1000,d0_open,NO_LAUNCH,40,12,14.0,8.6625,20.8425,12.22,9.69,31.44,1.78,0.1333,-25.5562,6.6677,0.0,,,,,,
1000,d0_open,STRUCTURE_FAIL,40,51,14.0,8.6625,20.8425,14.12,9.405,22.735,-0.12,0.0706,-5.6779,4.53,0.0,,,,,,
1000,d0_open,ALL_CONTROL,40,160,14.0,8.6625,20.8425,16.845,10.53,30.8325,-2.845,0.2022,-7.8068,1.9355,0.0,,,,,,
1000,prev_close,FAILED_BREAKOUT,40,97,13.91,8.515,20.5575,18.74,11.39,35.55,-4.83,0.283,-9.8569,-0.4948,0.0,,,,,,
1000,prev_close,NO_LAUNCH,40,12,13.91,8.515,20.5575,12.215,9.78,31.85,1.695,0.1458,-26.227,6.5784,0.0,,,,,,
1000,prev_close,STRUCTURE_FAIL,40,51,13.91,8.515,20.5575,14.25,9.495,22.525,-0.34,0.0721,-5.5991,4.55,0.0,,,,,,
1000,prev_close,ALL_CONTROL,40,160,13.91,8.515,20.5575,16.985,10.715,30.855,-3.075,0.2055,-7.8555,1.7076,0.0,,,,,,
1000,anchor_volume,FAILED_BREAKOUT,40,97,34400680.0,20753255.25,88258304.0,23968869.0,10048904.0,59367293.0,10431811.0,-0.2124,-783196.0,29472921.8,0.0,,,,,,
1000,anchor_volume,NO_LAUNCH,40,12,34400680.0,20753255.25,88258304.0,32472144.5,9585006.25,36957980.0,1928535.5,-0.2833,-9125916.0,36104441.0,0.0,,,,,,
1000,anchor_volume,STRUCTURE_FAIL,40,51,34400680.0,20753255.25,88258304.0,23851203.0,9866050.0,60878530.0,10549477.0,-0.2196,-6820401.675,29799121.975,0.0,,,,,,
1000,anchor_volume,ALL_CONTROL,40,160,34400680.0,20753255.25,88258304.0,24103611.0,9934030.5,58467182.0,10297069.0,-0.22,-667990.8875,36267876.3125,0.0,,,,,,
1000,price_to_s1_pct,FAILED_BREAKOUT,40,97,-6.2467,-9.4849,-4.9748,-6.3099,-8.4448,-4.9571,0.0632,0.0237,-1.9827,1.7823,0.0,,,,,,
1000,price_to_s1_pct,NO_LAUNCH,40,12,-6.2467,-9.4849,-4.9748,-10.5117,-13.9588,-7.8758,4.2651,-0.5167,0.5516,8.2825,0.0,,,,,,
1000,price_to_s1_pct,STRUCTURE_FAIL,40,51,-6.2467,-9.4849,-4.9748,-8.3515,-11.5451,-5.8794,2.1048,-0.2652,-0.5085,4.7023,0.0,,,,,,
1000,price_to_s1_pct,ALL_CONTROL,40,160,-6.2467,-9.4849,-4.9748,-7.1728,-10.0794,-5.3391,0.9261,-0.1089,-1.4034,2.5014,0.0,,,,,,
1000,session_high_to_s1_pct,FAILED_BREAKOUT,40,97,-4.4213,-8.0357,-3.0433,-4.2003,-6.0039,-3.0658,-0.221,0.0588,-1.7867,1.1225,0.0,,,,,,
1000,session_high_to_s1_pct,NO_LAUNCH,40,12,-4.4213,-8.0357,-3.0433,-8.2934,-12.9741,-7.0024,3.8721,-0.5417,1.2208,8.4928,0.0,,,,,,
1000,session_high_to_s1_pct,STRUCTURE_FAIL,40,51,-4.4213,-8.0357,-3.0433,-5.1969,-8.6907,-3.3498,0.7756,-0.152,-1.3241,3.0344,0.0,,,,,,
1000,session_high_to_s1_pct,ALL_CONTROL,40,160,-4.4213,-8.0357,-3.0433,-4.9247,-7.7204,-3.2386,0.5034,-0.0534,-1.6766,1.7054,0.0,,,,,,
1000,best_distance_to_s1_so_far_pct,FAILED_BREAKOUT,40,97,-6.5496,-10.1179,-4.8951,-6.8975,-9.0444,-5.1282,0.3479,0.0082,-1.7592,1.9604,0.0,,,,,,
1000,best_distance_to_s1_so_far_pct,NO_LAUNCH,40,12,-6.5496,-10.1179,-4.8951,-11.1044,-15.7311,-7.9162,4.5549,-0.5083,0.7507,9.3983,0.0,,,,,,
1000,best_distance_to_s1_so_far_pct,STRUCTURE_FAIL,40,51,-6.5496,-10.1179,-4.8951,-9.2929,-12.4307,-6.3525,2.7433,-0.3235,0.3295,5.1156,0.0,,,,,,
1000,best_distance_to_s1_so_far_pct,ALL_CONTROL,40,160,-6.5496,-10.1179,-4.8951,-8.0609,-10.8605,-5.4415,1.5113,-0.1362,-0.8273,2.7936,0.0,,,,,,
1000,s1_cross_count_so_far,FAILED_BREAKOUT,40,97,0.0,0.0,0.0,0.0,0.0,0.0,0.0,0.0,0.0,0.0,0.0,,,,,,
1000,s1_cross_count_so_far,NO_LAUNCH,40,12,0.0,0.0,0.0,0.0,0.0,0.0,0.0,0.0,0.0,0.0,0.0,,,,,,
1000,s1_cross_count_so_far,STRUCTURE_FAIL,40,51,0.0,0.0,0.0,0.0,0.0,0.0,0.0,0.0,0.0,0.0,0.0,,,,,,
1000,s1_cross_count_so_far,ALL_CONTROL,40,160,0.0,0.0,0.0,0.0,0.0,0.0,0.0,0.0,0.0,0.0,0.0,,,,,,
1000,s1_reject_count_so_far,FAILED_BREAKOUT,40,97,0.0,0.0,0.0,0.0,0.0,0.0,0.0,0.0,0.0,0.0,0.0,,,,,,
1000,s1_reject_count_so_far,NO_LAUNCH,40,12,0.0,0.0,0.0,0.0,0.0,0.0,0.0,0.0,0.0,0.0,0.0,,,,,,
1000,s1_reject_count_so_far,STRUCTURE_FAIL,40,51,0.0,0.0,0.0,0.0,0.0,0.0,0.0,0.0,0.0,0.0,0.0,,,,,,
1000,s1_reject_count_so_far,ALL_CONTROL,40,160,0.0,0.0,0.0,0.0,0.0,0.0,0.0,0.0,0.0,0.0,0.0,,,,,,
1000,price_to_support_pct,FAILED_BREAKOUT,40,97,2.659,0.9336,3.7539,2.256,0.3729,3.7717,0.403,-0.0809,-0.5788,1.3931,0.0,,,,,,
1000,price_to_support_pct,NO_LAUNCH,40,12,2.659,0.9336,3.7539,6.0224,1.5427,12.1834,-3.3634,0.4,-9.8747,1.3708,0.0,,,,,,
1000,price_to_support_pct,STRUCTURE_FAIL,40,51,2.659,0.9336,3.7539,2.6324,0.8876,3.9091,0.0266,-0.0304,-0.8858,1.4874,0.0,,,,,,
1000,price_to_support_pct,ALL_CONTROL,40,160,2.659,0.9336,3.7539,2.3889,0.53,4.1056,0.2701,-0.0288,-0.5335,1.158,0.0,,,,,,
1000,price_to_invalid_pct,FAILED_BREAKOUT,40,97,3.479,1.6934,5.12,3.0769,1.0187,4.6051,0.4021,-0.1067,-0.6447,1.7173,0.0,,,,,,
1000,price_to_invalid_pct,NO_LAUNCH,40,12,3.479,1.6934,5.12,7.2037,2.0269,12.9535,-3.7247,0.3833,-9.7959,1.5335,0.0,,,,,,
1000,price_to_invalid_pct,STRUCTURE_FAIL,40,51,3.479,1.6934,5.12,3.4593,1.3807,4.5606,0.0197,-0.0549,-1.0651,1.4237,0.0,,,,,,
1000,price_to_invalid_pct,ALL_CONTROL,40,160,3.479,1.6934,5.12,3.2201,1.2012,4.9148,0.2589,-0.0534,-0.7617,1.4362,0.0,,,,,,
1000,session_low_to_support_pct,FAILED_BREAKOUT,40,97,-0.3256,-1.5531,1.4781,-0.8156,-2.6734,1.3032,0.49,-0.1753,-0.2359,2.1661,0.0,,,,,,
1000,session_low_to_support_pct,NO_LAUNCH,40,12,-0.3256,-1.5531,1.4781,2.9715,0.1535,9.0517,-3.2971,0.4333,-9.6786,0.2443,0.0,,,,,,
1000,session_low_to_support_pct,STRUCTURE_FAIL,40,51,-0.3256,-1.5531,1.4781,-1.0151,-2.644,1.1156,0.6895,-0.1794,-0.7068,2.4574,0.0,,,,,,
1000,session_low_to_support_pct,ALL_CONTROL,40,160,-0.3256,-1.5531,1.4781,-0.7136,-2.5962,1.4465,0.388,-0.1309,-0.2613,1.9427,0.0,,,,,,
1000,minutes_since_support_touch,FAILED_BREAKOUT,22,61,25.0,25.0,25.0,25.0,25.0,25.0,0.0,-0.0164,0.0,0.0,0.45,,,,,,
1000,minutes_since_support_touch,STRUCTURE_FAIL,22,31,25.0,25.0,25.0,25.0,25.0,25.0,0.0,-0.0029,0.0,0.0,0.45,,,,,,
1000,minutes_since_support_touch,ALL_CONTROL,22,95,25.0,25.0,25.0,25.0,25.0,25.0,0.0,-0.0086,0.0,0.0,0.45,,,,,,
1000,minutes_from_support_low_to_reclaim,FAILED_BREAKOUT,17,45,5.0,5.0,5.0,5.0,5.0,5.0,0.0,-0.051,0.0,0.0,0.575,,,,,,
1000,minutes_from_support_low_to_reclaim,STRUCTURE_FAIL,17,22,5.0,5.0,5.0,5.0,5.0,8.75,0.0,0.1096,-1.3125,0.0,0.575,,,,,,
1000,minutes_from_support_low_to_reclaim,ALL_CONTROL,17,69,5.0,5.0,5.0,5.0,5.0,5.0,0.0,0.0145,0.0,0.0,0.575,,,,,,
1000,price_after_support_reclaim_pct,FAILED_BREAKOUT,17,45,2.1667,0.7196,2.9666,1.8462,0.5339,2.4426,0.3205,0.0065,-1.2377,1.1753,0.575,,,,,,
1000,price_after_support_reclaim_pct,STRUCTURE_FAIL,17,22,2.1667,0.7196,2.9666,2.7428,1.347,3.7142,-0.576,0.3262,-2.0293,0.666,0.575,,,,,,
1000,price_after_support_reclaim_pct,ALL_CONTROL,17,69,2.1667,0.7196,2.9666,1.9573,0.929,2.9687,0.2094,0.1014,-1.414,1.069,0.575,,,,,,
1000,drawdown_from_open_pct,FAILED_BREAKOUT,40,97,-1.6483,-2.0582,-1.2286,-1.9192,-3.4968,-0.823,0.2709,-0.1505,-0.1917,0.8806,0.0,,,,,,
1000,drawdown_from_open_pct,NO_LAUNCH,40,12,-1.6483,-2.0582,-1.2286,-1.1302,-3.0118,-0.5944,-0.5181,0.025,-1.109,1.4423,0.0,,,,,,
1000,drawdown_from_open_pct,STRUCTURE_FAIL,40,51,-1.6483,-2.0582,-1.2286,-1.6639,-3.2031,-0.9545,0.0156,-0.1029,-0.4335,0.6484,0.0,,,,,,
1000,drawdown_from_open_pct,ALL_CONTROL,40,160,-1.6483,-2.0582,-1.2286,-1.8416,-3.3921,-0.7986,0.1933,-0.1222,-0.1889,0.6006,0.0,,,,,,
1000,session_low_pct_vs_prev_close,FAILED_BREAKOUT,40,97,-1.1916,-2.9279,0.0,-2.2599,-3.6574,-0.9759,1.0683,-0.3,-0.0039,1.9117,0.0,,,,,,
1000,session_low_pct_vs_prev_close,NO_LAUNCH,40,12,-1.1916,-2.9279,0.0,-2.0547,-3.9687,-1.3485,0.8631,-0.3833,-0.2252,3.0364,0.0,,,,,,
1000,session_low_pct_vs_prev_close,STRUCTURE_FAIL,40,51,-1.1916,-2.9279,0.0,-2.4448,-4.1864,-1.2204,1.2532,-0.3637,0.3203,2.1681,0.0,,,,,,
1000,session_low_pct_vs_prev_close,ALL_CONTROL,40,160,-1.1916,-2.9279,0.0,-2.3563,-3.8871,-1.1974,1.1647,-0.3266,0.2103,1.8503,0.0,,,,,,
1000,recovery_from_session_low_pct,FAILED_BREAKOUT,40,97,2.4967,1.6688,3.3979,2.7778,1.4563,4.2746,-0.2811,0.143,-1.2196,0.7232,0.0,,,,,,
1000,recovery_from_session_low_pct,NO_LAUNCH,40,12,2.4967,1.6688,3.3979,2.3514,1.9352,3.1897,0.1454,-0.0042,-0.7621,1.002,0.0,,,,,,
1000,recovery_from_session_low_pct,STRUCTURE_FAIL,40,51,2.4967,1.6688,3.3979,2.5788,1.3425,4.3147,-0.0821,0.1348,-1.5032,0.9528,0.0,,,,,,
1000,recovery_from_session_low_pct,ALL_CONTROL,40,160,2.4967,1.6688,3.3979,2.6998,1.4849,4.2702,-0.2031,0.1294,-0.9448,0.6764,0.0,,,,,,
1000,recovery_fraction_of_drawdown,FAILED_BREAKOUT,38,85,1.3523,0.6678,2.3354,0.9355,0.4348,2.087,0.4168,-0.152,-0.1463,1.0312,0.05,,,,,,
1000,recovery_fraction_of_drawdown,NO_LAUNCH,38,12,1.3523,0.6678,2.3354,2.7078,0.8767,3.8691,-1.3554,0.2588,-2.8657,0.5742,0.05,,,,,,
1000,recovery_fraction_of_drawdown,STRUCTURE_FAIL,38,47,1.3523,0.6678,2.3354,1.5,0.4268,3.1875,-0.1477,0.0095,-1.2213,0.7418,0.05,,,,,,
1000,recovery_fraction_of_drawdown,ALL_CONTROL,38,144,1.3523,0.6678,2.3354,1.2554,0.4356,2.8474,0.0969,-0.0651,-0.3606,0.7673,0.05,,,,,,
1000,minutes_low_to_open_reclaim,FAILED_BREAKOUT,29,62,5.0,5.0,5.0,5.0,5.0,5.0,0.0,0.0284,0.0,0.0,0.275,,,,,,
1000,minutes_low_to_open_reclaim,NO_LAUNCH,29,8,5.0,5.0,5.0,5.0,5.0,5.0,0.0,0.0172,0.0,0.0,0.275,,,,,,
1000,minutes_low_to_open_reclaim,STRUCTURE_FAIL,29,36,5.0,5.0,5.0,5.0,5.0,5.0,0.0,0.0709,0.0,0.0,0.275,,,,,,
1000,minutes_low_to_open_reclaim,ALL_CONTROL,29,106,5.0,5.0,5.0,5.0,5.0,5.0,0.0,0.042,0.0,0.0,0.275,,,,,,
1000,minutes_low_to_prev_close_reclaim,FAILED_BREAKOUT,27,63,5.0,5.0,5.0,5.0,5.0,5.0,0.0,0.0688,0.0,0.0,0.325,,,,,,
1000,minutes_low_to_prev_close_reclaim,NO_LAUNCH,27,7,5.0,5.0,5.0,5.0,5.0,7.5,0.0,0.2011,-5.0,0.0,0.325,,,,,,
1000,minutes_low_to_prev_close_reclaim,STRUCTURE_FAIL,27,29,5.0,5.0,5.0,5.0,5.0,5.0,0.0,0.0958,0.0,0.0,0.325,,,,,,
1000,minutes_low_to_prev_close_reclaim,ALL_CONTROL,27,99,5.0,5.0,5.0,5.0,5.0,5.0,0.0,0.086,0.0,0.0,0.325,,,,,,
1000,price_vs_vwap_pct,FAILED_BREAKOUT,40,97,0.0748,-0.4038,0.776,0.3457,-0.5438,1.2108,-0.2709,0.0675,-0.7131,0.3248,0.0,,,,,,
1000,price_vs_vwap_pct,NO_LAUNCH,40,12,0.0748,-0.4038,0.776,0.3871,-0.2762,0.7471,-0.3124,0.1208,-0.8238,0.4742,0.0,,,,,,
1000,price_vs_vwap_pct,STRUCTURE_FAIL,40,51,0.0748,-0.4038,0.776,0.0732,-0.6865,0.9119,0.0016,-0.0186,-0.7661,0.6098,0.0,,,,,,
1000,price_vs_vwap_pct,ALL_CONTROL,40,160,0.0748,-0.4038,0.776,0.3049,-0.5564,1.0964,-0.2301,0.0441,-0.6578,0.3101,0.0,,,,,,
1000,minutes_low_to_vwap_reclaim,FAILED_BREAKOUT,20,51,10.0,5.0,15.0,10.0,5.0,15.0,0.0,-0.1569,-5.0,10.0,0.5,,,,,,
1000,minutes_low_to_vwap_reclaim,NO_LAUNCH,20,8,10.0,5.0,15.0,12.5,5.0,16.25,-2.5,0.0062,-10.0,7.5,0.5,,,,,,
1000,minutes_low_to_vwap_reclaim,STRUCTURE_FAIL,20,21,10.0,5.0,15.0,5.0,5.0,10.0,5.0,-0.3119,0.0,10.0,0.5,,,,,,
1000,minutes_low_to_vwap_reclaim,ALL_CONTROL,20,80,10.0,5.0,15.0,5.0,5.0,15.0,5.0,-0.1812,-2.5,10.0,0.5,,,,,,
1000,pct_bars_above_vwap_since_low,FAILED_BREAKOUT,40,97,60.0,22.9175,83.33,60.0,25.0,83.33,0.0,0.0003,-20.835,21.7482,0.0,,,,,,
1000,pct_bars_above_vwap_since_low,NO_LAUNCH,40,12,60.0,22.9175,83.33,66.67,47.5,83.33,-6.67,0.2042,-37.106,15.0,0.0,,,,,,
1000,pct_bars_above_vwap_since_low,STRUCTURE_FAIL,40,51,60.0,22.9175,83.33,50.0,16.67,83.33,10.0,0.0015,-30.0,26.67,0.0,,,,,,
1000,pct_bars_above_vwap_since_low,ALL_CONTROL,40,160,60.0,22.9175,83.33,60.0,19.1675,83.33,0.0,0.0159,-18.335,16.67,0.0,,,,,,
1000,vwap_rebreak_count_after_low,FAILED_BREAKOUT,40,97,0.0,0.0,1.0,0.0,0.0,1.0,0.0,-0.0351,-1.0,1.0,0.0,,,,,,
1000,vwap_rebreak_count_after_low,NO_LAUNCH,40,12,0.0,0.0,1.0,1.0,0.0,1.0,-1.0,0.1417,-1.0,1.0,0.0,,,,,,
1000,vwap_rebreak_count_after_low,STRUCTURE_FAIL,40,51,0.0,0.0,1.0,0.0,0.0,1.0,0.0,-0.1059,0.0,1.0,0.0,,,,,,
1000,vwap_rebreak_count_after_low,ALL_CONTROL,40,160,0.0,0.0,1.0,0.0,0.0,1.0,0.0,-0.0444,0.0,1.0,0.0,,,,,,
1000,vwap_reclaim_count_after_low,FAILED_BREAKOUT,40,97,0.5,0.0,1.0,0.0,0.0,1.0,0.5,0.0119,-1.0,1.0,0.0,,,,,,
1000,vwap_reclaim_count_after_low,NO_LAUNCH,40,12,0.5,0.0,1.0,1.0,0.0,1.0,-0.5,0.0958,-1.0,1.0,0.0,,,,,,
1000,vwap_reclaim_count_after_low,STRUCTURE_FAIL,40,51,0.5,0.0,1.0,0.0,0.0,1.0,0.5,-0.098,-1.0,1.0,0.0,,,,,,
1000,vwap_reclaim_count_after_low,ALL_CONTROL,40,160,0.5,0.0,1.0,0.0,0.0,1.0,0.5,-0.0169,-1.0,1.0,0.0,,,,,,
1000,closest_high_to_s1_pct_so_far,FAILED_BREAKOUT,40,97,-6.5496,-10.1179,-4.8951,-6.8975,-9.0444,-5.1282,0.3479,0.0082,-1.7592,1.9604,0.0,,,,,,
1000,closest_high_to_s1_pct_so_far,NO_LAUNCH,40,12,-6.5496,-10.1179,-4.8951,-11.1044,-15.7311,-7.9162,4.5549,-0.5083,0.7507,9.3983,0.0,,,,,,
1000,closest_high_to_s1_pct_so_far,STRUCTURE_FAIL,40,51,-6.5496,-10.1179,-4.8951,-9.2929,-12.4307,-6.3525,2.7433,-0.3235,0.3295,5.1156,0.0,,,,,,
1000,closest_high_to_s1_pct_so_far,ALL_CONTROL,40,160,-6.5496,-10.1179,-4.8951,-8.0609,-10.8605,-5.4415,1.5113,-0.1362,-0.8273,2.7936,0.0,,,,,,
1000,number_of_intraday_local_highs,FAILED_BREAKOUT,40,97,1.0,1.0,2.0,1.0,1.0,2.0,0.0,0.0322,-1.0,1.0,0.0,,,,,,
1000,number_of_intraday_local_highs,NO_LAUNCH,40,12,1.0,1.0,2.0,1.5,1.0,2.25,-0.5,0.0979,-1.5,1.0,0.0,,,,,,
1000,number_of_intraday_local_highs,STRUCTURE_FAIL,40,51,1.0,1.0,2.0,1.0,1.0,3.0,0.0,0.1211,-1.0,1.0,0.0,,,,,,
1000,number_of_intraday_local_highs,ALL_CONTROL,40,160,1.0,1.0,2.0,1.0,1.0,2.0,0.0,0.0655,-1.0,1.0,0.0,,,,,,
1000,local_high_progression_pct,FAILED_BREAKOUT,40,97,2.7022,1.7932,4.0182,2.5893,1.3192,4.1223,0.1129,-0.0441,-0.4361,1.2983,0.0,,,,,,
1000,local_high_progression_pct,NO_LAUNCH,40,12,2.7022,1.7932,4.0182,2.7911,1.6459,3.5391,-0.0889,0.0208,-0.9804,1.2731,0.0,,,,,,
1000,local_high_progression_pct,STRUCTURE_FAIL,40,51,2.7022,1.7932,4.0182,3.8851,1.3939,5.1464,-1.1829,0.1912,-1.675,-0.1364,0.0,,,,,,
1000,local_high_progression_pct,ALL_CONTROL,40,160,2.7022,1.7932,4.0182,2.7977,1.3333,4.2635,-0.0955,0.0358,-0.8322,0.726,0.0,,,,,,
1000,high_progression_pct,FAILED_BREAKOUT,40,97,2.7022,1.7932,4.0182,2.5893,1.3192,4.1223,0.1129,-0.0441,-0.4361,1.2983,0.0,,,,,,
1000,high_progression_pct,NO_LAUNCH,40,12,2.7022,1.7932,4.0182,2.7911,1.6459,3.5391,-0.0889,0.0208,-0.9804,1.2731,0.0,,,,,,
1000,high_progression_pct,STRUCTURE_FAIL,40,51,2.7022,1.7932,4.0182,3.8851,1.3939,5.1464,-1.1829,0.1912,-1.675,-0.1364,0.0,,,,,,
1000,high_progression_pct,ALL_CONTROL,40,160,2.7022,1.7932,4.0182,2.7977,1.3333,4.2635,-0.0955,0.0358,-0.8322,0.726,0.0,,,,,,
1000,probe_v01_compat,FAILED_BREAKOUT,40,97,0.0,0.0,0.0,0.0,0.0,0.0,0.0,0.0,0.0,0.0,0.0,,,,,,
1000,probe_v01_compat,NO_LAUNCH,40,12,0.0,0.0,0.0,0.0,0.0,0.0,0.0,0.0,0.0,0.0,0.0,,,,,,
1000,probe_v01_compat,STRUCTURE_FAIL,40,51,0.0,0.0,0.0,0.0,0.0,0.0,0.0,0.0,0.0,0.0,0.0,,,,,,
1000,probe_v01_compat,ALL_CONTROL,40,160,0.0,0.0,0.0,0.0,0.0,0.0,0.0,0.0,0.0,0.0,0.0,,,,,,
1000,continuous_s1_approach,FAILED_BREAKOUT,40,97,-6.5496,-10.1179,-4.8951,-6.8975,-9.0444,-5.1282,0.3479,0.0082,-1.7592,1.9604,0.0,,,,,,
1000,continuous_s1_approach,NO_LAUNCH,40,12,-6.5496,-10.1179,-4.8951,-11.1044,-15.7311,-7.9162,4.5549,-0.5083,0.7507,9.3983,0.0,,,,,,
1000,continuous_s1_approach,STRUCTURE_FAIL,40,51,-6.5496,-10.1179,-4.8951,-9.2929,-12.4307,-6.3525,2.7433,-0.3235,0.3295,5.1156,0.0,,,,,,
1000,continuous_s1_approach,ALL_CONTROL,40,160,-6.5496,-10.1179,-4.8951,-8.0609,-10.8605,-5.4415,1.5113,-0.1362,-0.8273,2.7936,0.0,,,,,,
1000,cum_volume,FAILED_BREAKOUT,40,97,17551064.5,6799312.75,31006482.5,10658100.0,5847700.0,32116727.0,6892964.5,-0.0995,-3272247.025,17182270.5625,0.0,,,,,,
1000,cum_volume,NO_LAUNCH,40,12,17551064.5,6799312.75,31006482.5,8441929.5,1758150.0,11945650.0,9109135.0,-0.425,442800.9375,21343159.325,0.0,,,,,,
1000,cum_volume,STRUCTURE_FAIL,40,51,17551064.5,6799312.75,31006482.5,14676800.0,6579400.0,28703454.5,2874264.5,-0.051,-5525671.875,11740283.0,0.0,,,,,,
1000,cum_volume,ALL_CONTROL,40,160,17551064.5,6799312.75,31006482.5,12303710.0,5706770.75,28374789.0,5247354.5,-0.1084,-2725261.125,15971968.3625,0.0,,,,,,
1000,cum_volume_vs_D1_ratio,FAILED_BREAKOUT,40,97,0.3106,0.233,0.4574,0.4003,0.2953,0.6878,-0.0897,0.2853,-0.1836,0.0029,0.0,,,,,,
1000,cum_volume_vs_D1_ratio,NO_LAUNCH,40,12,0.3106,0.233,0.4574,0.2895,0.2318,0.3283,0.0211,-0.1604,-0.0568,0.1154,0.0,,,,,,
1000,cum_volume_vs_D1_ratio,STRUCTURE_FAIL,40,51,0.3106,0.233,0.4574,0.4614,0.3224,0.9454,-0.1508,0.398,-0.35,-0.0406,0.0,,,,,,
1000,cum_volume_vs_D1_ratio,ALL_CONTROL,40,160,0.3106,0.233,0.4574,0.4019,0.2948,0.7036,-0.0913,0.2878,-0.1773,0.002,0.0,,,,,,
1000,cum_volume_vs_anchor_ratio,FAILED_BREAKOUT,40,97,0.3713,0.2989,0.5422,0.4342,0.3398,0.707,-0.0629,0.2536,-0.1957,0.0192,0.0,,,,,,
1000,cum_volume_vs_anchor_ratio,NO_LAUNCH,40,12,0.3713,0.2989,0.5422,0.2545,0.2097,0.3283,0.1168,-0.4083,0.0145,0.2149,0.0,,,,,,
1000,cum_volume_vs_anchor_ratio,STRUCTURE_FAIL,40,51,0.3713,0.2989,0.5422,0.5258,0.3398,0.9801,-0.1545,0.326,-0.4147,-0.0254,0.0,,,,,,
1000,cum_volume_vs_anchor_ratio,ALL_CONTROL,40,160,0.3713,0.2989,0.5422,0.4456,0.3253,0.7659,-0.0743,0.227,-0.1764,0.0072,0.0,,,,,,
1000,volume_since_session_low,FAILED_BREAKOUT,40,97,11405529.5,4294775.0,26514805.75,8229400.0,2946475.0,25069632.0,3176129.5,-0.0861,-2363065.6,12411572.7875,0.0,,,,,,
1000,volume_since_session_low,NO_LAUNCH,40,12,11405529.5,4294775.0,26514805.75,4468942.0,1633774.75,9620286.75,6936587.5,-0.4167,-1379168.0,17073641.0375,0.0,,,,,,
1000,volume_since_session_low,STRUCTURE_FAIL,40,51,11405529.5,4294775.0,26514805.75,9043450.0,3299836.5,19691650.5,2362079.5,-0.101,-3277983.5,11511989.5,0.0,,,,,,
1000,volume_since_session_low,ALL_CONTROL,40,160,11405529.5,4294775.0,26514805.75,8234200.0,2826275.0,20703317.25,3171329.5,-0.1156,-2214119.5,11721061.8625,0.0,,,,,,
1000,volume_on_recovery,FAILED_BREAKOUT,30,63,9541756.5,2599853.0,18086497.0,7033000.0,3836386.5,20819919.0,2508756.5,0.0656,-7014912.9,9867320.275,0.25,,,,,,
1000,volume_on_recovery,NO_LAUNCH,30,8,9541756.5,2599853.0,18086497.0,2467900.0,1052988.0,7416141.5,7073856.5,-0.3667,-3744629.0,15165287.8,0.25,,,,,,
1000,volume_on_recovery,STRUCTURE_FAIL,30,36,9541756.5,2599853.0,18086497.0,6713268.5,3469000.0,15396585.5,2828488.0,-0.0037,-5717222.575,10711963.075,0.25,,,,,,
1000,volume_on_recovery,ALL_CONTROL,30,107,9541756.5,2599853.0,18086497.0,6702800.0,3365705.5,19824464.5,2838956.5,0.01,-4056143.75,10541110.475,0.25,,,,,,
1000,return_from_open_pct,FAILED_BREAKOUT,40,97,0.6322,-0.5689,1.8294,0.4112,-1.4607,2.2481,0.221,-0.0418,-0.9284,1.4905,0.0,,,,,,
1000,return_from_open_pct,NO_LAUNCH,40,12,0.6322,-0.5689,1.8294,1.157,-0.3795,2.3207,-0.5248,0.1,-1.7979,1.0752,0.0,,,,,,
1000,return_from_open_pct,STRUCTURE_FAIL,40,51,0.6322,-0.5689,1.8294,1.33,-1.5532,2.9066,-0.6978,0.0824,-1.7967,0.5038,0.0,,,,,,
1000,return_from_open_pct,ALL_CONTROL,40,160,0.6322,-0.5689,1.8294,0.8491,-1.4739,2.5873,-0.2168,0.0084,-0.9922,0.7752,0.0,,,,,,
1000,return_from_prev_close_pct,FAILED_BREAKOUT,40,97,1.0957,-0.3894,2.7547,0.2398,-1.6897,2.6245,0.8559,-0.124,-0.6476,2.0798,0.0,,,,,,
1000,return_from_prev_close_pct,NO_LAUNCH,40,12,1.0957,-0.3894,2.7547,0.2176,-1.9224,1.4045,0.878,-0.2375,-1.2392,3.1028,0.0,,,,,,
1000,return_from_prev_close_pct,STRUCTURE_FAIL,40,51,1.0957,-0.3894,2.7547,1.1618,-1.9099,2.9187,-0.0661,-0.0941,-1.4086,2.4437,0.0,,,,,,
1000,return_from_prev_close_pct,ALL_CONTROL,40,160,1.0957,-0.3894,2.7547,0.3495,-1.8635,2.6491,0.7462,-0.123,-0.7188,1.8843,0.0,,,,,,
1000,session_range_pct,FAILED_BREAKOUT,40,97,4.2479,3.6918,5.1953,4.8276,4.0439,6.0962,-0.5797,0.2418,-1.0913,-0.0315,0.0,,,,,,
1000,session_range_pct,NO_LAUNCH,40,12,4.2479,3.6918,5.1953,4.3144,3.6048,5.4839,-0.0665,0.0208,-1.6241,0.9487,0.0,,,,,,
1000,session_range_pct,STRUCTURE_FAIL,40,51,4.2479,3.6918,5.1953,5.3892,4.4743,7.0898,-1.1413,0.4382,-2.0212,-0.4864,0.0,,,,,,
1000,session_range_pct,ALL_CONTROL,40,160,4.2479,3.6918,5.1953,5.0644,4.0872,6.6242,-0.8165,0.2878,-1.2292,-0.1947,0.0,,,,,,
1000,close_location_so_far,FAILED_BREAKOUT,40,97,0.5415,0.3538,0.7157,0.559,0.333,0.793,-0.0175,0.0719,-0.1513,0.1063,0.0,,,,,,
1000,close_location_so_far,NO_LAUNCH,40,12,0.5415,0.3538,0.7157,0.5925,0.4778,0.7378,-0.051,0.1583,-0.2121,0.115,0.0,,,,,,
1000,close_location_so_far,STRUCTURE_FAIL,40,51,0.5415,0.3538,0.7157,0.523,0.2865,0.7575,0.0185,-0.0377,-0.1491,0.1943,0.0,,,,,,
1000,close_location_so_far,ALL_CONTROL,40,160,0.5415,0.3538,0.7157,0.55,0.3067,0.7863,-0.0085,0.0434,-0.1379,0.1011,0.0,,,,,,
1000,high_from_open_pct,FAILED_BREAKOUT,40,97,2.7022,1.7932,4.0182,2.5893,1.3192,4.1223,0.1129,-0.0441,-0.4361,1.2983,0.0,,,,,,
1000,high_from_open_pct,NO_LAUNCH,40,12,2.7022,1.7932,4.0182,2.7911,1.6459,3.5391,-0.0889,0.0208,-0.9804,1.2731,0.0,,,,,,
1000,high_from_open_pct,STRUCTURE_FAIL,40,51,2.7022,1.7932,4.0182,3.8851,1.3939,5.1464,-1.1829,0.1912,-1.675,-0.1364,0.0,,,,,,
1000,high_from_open_pct,ALL_CONTROL,40,160,2.7022,1.7932,4.0182,2.7977,1.3333,4.2635,-0.0955,0.0358,-0.8322,0.726,0.0,,,,,,
1000,low_from_open_pct,FAILED_BREAKOUT,40,97,-1.6483,-2.0582,-1.2286,-1.9192,-3.4968,-0.823,0.2709,-0.1505,-0.1917,0.8806,0.0,,,,,,
1000,low_from_open_pct,NO_LAUNCH,40,12,-1.6483,-2.0582,-1.2286,-1.1302,-3.0118,-0.5944,-0.5181,0.025,-1.109,1.4423,0.0,,,,,,
1000,low_from_open_pct,STRUCTURE_FAIL,40,51,-1.6483,-2.0582,-1.2286,-1.6639,-3.2031,-0.9545,0.0156,-0.1029,-0.4335,0.6484,0.0,,,,,,
1000,low_from_open_pct,ALL_CONTROL,40,160,-1.6483,-2.0582,-1.2286,-1.8416,-3.3921,-0.7986,0.1933,-0.1222,-0.1889,0.6006,0.0,,,,,,
1000,lower_shadow_proxy_so_far_pct,FAILED_BREAKOUT,40,97,1.4001,0.4901,1.7328,1.1942,0.5556,2.0027,0.2059,-0.0028,-0.3484,0.6633,0.0,,,,,,
1000,lower_shadow_proxy_so_far_pct,NO_LAUNCH,40,12,1.4001,0.4901,1.7328,0.9526,0.5944,1.914,0.4476,-0.0208,-0.618,0.8935,0.0,,,,,,
1000,lower_shadow_proxy_so_far_pct,STRUCTURE_FAIL,40,51,1.4001,0.4901,1.7328,1.0423,0.5984,1.7911,0.3578,-0.0525,-0.2471,0.7782,0.0,,,,,,
1000,lower_shadow_proxy_so_far_pct,ALL_CONTROL,40,160,1.4001,0.4901,1.7328,1.1236,0.5556,1.9203,0.2765,-0.02,-0.201,0.6393,0.0,,,,,,
1000,upper_shadow_proxy_so_far_pct,FAILED_BREAKOUT,40,97,1.6905,0.8431,2.5917,1.2109,0.5123,2.1053,0.4796,-0.1704,-0.2567,0.9844,0.0,,,,,,
1000,upper_shadow_proxy_so_far_pct,NO_LAUNCH,40,12,1.6905,0.8431,2.5917,1.2129,0.6503,2.0889,0.4776,-0.0917,-0.7309,1.1102,0.0,,,,,,
1000,upper_shadow_proxy_so_far_pct,STRUCTURE_FAIL,40,51,1.6905,0.8431,2.5917,1.4245,0.7809,3.0514,0.266,0.0642,-1.1128,0.7748,0.0,,,,,,
1000,upper_shadow_proxy_so_far_pct,ALL_CONTROL,40,160,1.6905,0.8431,2.5917,1.2725,0.5625,2.4036,0.4181,-0.0897,-0.3294,0.8714,0.0,,,,,,
1000,checkpoint_close,FAILED_BREAKOUT,40,97,13.685,8.635,20.9375,19.16,11.45,34.55,-5.475,0.2802,-10.0736,-0.5769,0.0,,,,,,
1000,checkpoint_close,NO_LAUNCH,40,12,13.685,8.635,20.9375,12.475,9.715,31.575,1.21,0.1208,-25.4062,6.5614,0.0,,,,,,
1000,checkpoint_close,STRUCTURE_FAIL,40,51,13.685,8.635,20.9375,14.44,9.45,22.865,-0.755,0.0735,-5.4511,4.5901,0.0,,,,,,
1000,checkpoint_close,ALL_CONTROL,40,160,13.685,8.635,20.9375,16.925,10.5575,30.45,-3.24,0.2023,-7.8031,1.7007,0.0,,,,,,
1000,session_low_price,FAILED_BREAKOUT,40,97,13.34,8.49,20.44,18.55,10.97,33.23,-5.21,0.2747,-9.8235,-0.3443,0.0,,,,,,
1000,session_low_price,NO_LAUNCH,40,12,13.34,8.49,20.44,12.13,9.495,31.02,1.21,0.1167,-24.7629,6.5953,0.0,,,,,,
1000,session_low_price,STRUCTURE_FAIL,40,51,13.34,8.49,20.44,13.65,9.31,22.305,-0.31,0.0652,-5.3608,4.58,0.0,,,,,,
1000,session_low_price,ALL_CONTROL,40,160,13.34,8.49,20.44,16.625,10.3525,30.055,-3.285,0.1961,-7.7086,1.911,0.0,,,,,,
1000,session_high_price,FAILED_BREAKOUT,40,97,14.185,8.8125,21.35,19.85,11.75,35.3,-5.665,0.2809,-10.5005,-0.6048,0.0,,,,,,
1000,session_high_price,NO_LAUNCH,40,12,14.185,8.8125,21.35,12.67,10.025,31.895,1.515,0.1292,-25.7882,6.7752,0.0,,,,,,
1000,session_high_price,STRUCTURE_FAIL,40,51,14.185,8.8125,21.35,14.65,9.79,23.285,-0.465,0.0789,-5.6571,4.7244,0.0,,,,,,
1000,session_high_price,ALL_CONTROL,40,160,14.185,8.8125,21.35,17.515,11.0425,31.1075,-3.33,0.2052,-8.3081,1.8305,0.0,,,,,,
1000,vwap_price,FAILED_BREAKOUT,40,97,13.6859,8.6333,20.8557,19.2285,11.4467,34.2563,-5.5426,0.2799,-10.0829,-0.5073,0.0,,,,,,
1000,vwap_price,NO_LAUNCH,40,12,13.6859,8.6333,20.8557,12.4011,9.6953,31.4902,1.2848,0.1208,-25.1594,6.6511,0.0,,,,,,
1000,vwap_price,STRUCTURE_FAIL,40,51,13.6859,8.6333,20.8557,14.0696,9.5093,22.798,-0.3837,0.0706,-5.5123,4.6348,0.0,,,,,,
1000,vwap_price,ALL_CONTROL,40,160,13.6859,8.6333,20.8557,16.9882,10.6327,30.6489,-3.3022,0.2013,-8.0912,1.8482,0.0,,,,,,
1000,high_level_consolidation_pre_D0,FAILED_BREAKOUT,40,97,,,,,,,,,,,,0.325,0.1856,1.751,2.113,0.932,4.617
1000,high_level_consolidation_pre_D0,NO_LAUNCH,40,12,,,,,,,,,,,,0.325,0.0833,3.9,5.296,0.974,9.952
1000,high_level_consolidation_pre_D0,STRUCTURE_FAIL,40,51,,,,,,,,,,,,0.325,0.098,3.315,4.43,1.56,16.333
1000,high_level_consolidation_pre_D0,ALL_CONTROL,40,160,,,,,,,,,,,,0.325,0.15,2.167,2.728,1.232,5.765
1000,s1_touched_so_far,FAILED_BREAKOUT,40,97,,,,,,,,,,,,0.0,0.0,,,,
1000,s1_touched_so_far,NO_LAUNCH,40,12,,,,,,,,,,,,0.0,0.0,,,,
1000,s1_touched_so_far,STRUCTURE_FAIL,40,51,,,,,,,,,,,,0.0,0.0,,,,
1000,s1_touched_so_far,ALL_CONTROL,40,160,,,,,,,,,,,,0.0,0.0,,,,
1000,support_touched_so_far,FAILED_BREAKOUT,40,97,,,,,,,,,,,,0.55,0.6289,0.875,0.721,0.33,1.521
1000,support_touched_so_far,NO_LAUNCH,40,12,,,,,,,,,,,,0.55,0.25,2.2,3.667,0.971,20.429
1000,support_touched_so_far,STRUCTURE_FAIL,40,51,,,,,,,,,,,,0.55,0.6078,0.905,0.789,0.372,1.786
1000,support_touched_so_far,ALL_CONTROL,40,160,,,,,,,,,,,,0.55,0.5938,0.926,0.836,0.415,1.764
1000,support_broken_so_far,FAILED_BREAKOUT,40,97,,,,,,,,,,,,0.55,0.6186,0.889,0.754,0.335,1.586
1000,support_broken_so_far,NO_LAUNCH,40,12,,,,,,,,,,,,0.55,0.25,2.2,3.667,0.971,20.429
1000,support_broken_so_far,STRUCTURE_FAIL,40,51,,,,,,,,,,,,0.55,0.6078,0.905,0.789,0.372,1.786
1000,support_broken_so_far,ALL_CONTROL,40,160,,,,,,,,,,,,0.55,0.5875,0.936,0.858,0.43,1.804
1000,support_reclaimed_so_far,FAILED_BREAKOUT,40,97,,,,,,,,,,,,0.425,0.4639,0.916,0.854,0.387,1.876
1000,support_reclaimed_so_far,NO_LAUNCH,40,12,,,,,,,,,,,,0.425,0.1667,2.55,3.696,0.963,11.857
1000,support_reclaimed_so_far,STRUCTURE_FAIL,40,51,,,,,,,,,,,,0.425,0.4314,0.985,0.974,0.428,2.075
1000,support_reclaimed_so_far,ALL_CONTROL,40,160,,,,,,,,,,,,0.425,0.4313,0.986,0.975,0.451,1.981
1000,open_reclaimed_so_far,FAILED_BREAKOUT,40,97,,,,,,,,,,,,0.675,0.5464,1.235,1.724,0.776,3.98
1000,open_reclaimed_so_far,NO_LAUNCH,40,12,,,,,,,,,,,,0.675,0.6667,1.013,1.038,0.242,4.092
1000,open_reclaimed_so_far,STRUCTURE_FAIL,40,51,,,,,,,,,,,,0.675,0.6667,1.013,1.038,0.463,2.464
1000,open_reclaimed_so_far,ALL_CONTROL,40,160,,,,,,,,,,,,0.675,0.5938,1.137,1.421,0.695,3.334
1000,prev_close_reclaimed_so_far,FAILED_BREAKOUT,40,97,,,,,,,,,,,,0.625,0.5567,1.123,1.327,0.608,2.935
1000,prev_close_reclaimed_so_far,NO_LAUNCH,40,12,,,,,,,,,,,,0.625,0.5,1.25,1.667,0.428,6.889
1000,prev_close_reclaimed_so_far,STRUCTURE_FAIL,40,51,,,,,,,,,,,,0.625,0.5686,1.099,1.264,0.593,2.966
1000,prev_close_reclaimed_so_far,ALL_CONTROL,40,160,,,,,,,,,,,,0.625,0.5563,1.124,1.33,0.653,2.983
1000,above_vwap_now,FAILED_BREAKOUT,40,97,,,,,,,,,,,,0.525,0.5773,0.909,0.809,0.356,1.675
1000,above_vwap_now,NO_LAUNCH,40,12,,,,,,,,,,,,0.525,0.6667,0.788,0.553,0.127,2.015
1000,above_vwap_now,STRUCTURE_FAIL,40,51,,,,,,,,,,,,0.525,0.5098,1.03,1.063,0.497,2.381
1000,above_vwap_now,ALL_CONTROL,40,160,,,,,,,,,,,,0.525,0.5625,0.933,0.86,0.419,1.827
1000,vwap_reclaimed_after_low,FAILED_BREAKOUT,40,97,,,,,,,,,,,,0.5,0.5258,0.951,0.902,0.472,1.848
1000,vwap_reclaimed_after_low,NO_LAUNCH,40,12,,,,,,,,,,,,0.5,0.6667,0.75,0.5,0.086,1.81
1000,vwap_reclaimed_after_low,STRUCTURE_FAIL,40,51,,,,,,,,,,,,0.5,0.4118,1.214,1.429,0.641,3.066
1000,vwap_reclaimed_after_low,ALL_CONTROL,40,160,,,,,,,,,,,,0.5,0.5,1.0,1.0,0.483,2.059
1000,d0_new_low_since_anchor_so_far,FAILED_BREAKOUT,40,97,,,,,,,,,,,,0.3,0.2062,1.455,1.65,0.72,3.483
1000,d0_new_low_since_anchor_so_far,NO_LAUNCH,40,12,,,,,,,,,,,,0.3,0.5,0.6,0.429,0.101,1.391
1000,d0_new_low_since_anchor_so_far,STRUCTURE_FAIL,40,51,,,,,,,,,,,,0.3,0.2941,1.02,1.029,0.415,2.247
1000,d0_new_low_since_anchor_so_far,ALL_CONTROL,40,160,,,,,,,,,,,,0.3,0.2562,1.171,1.244,0.57,2.519
1030,s1,FAILED_BREAKOUT,40,97,15.02,9.2575,21.805,20.79,12.25,37.95,-5.77,0.2789,-11.062,-0.7311,0.0,,,,,,
1030,s1,NO_LAUNCH,40,12,15.02,9.2575,21.805,13.9,11.5675,34.555,1.12,0.1771,-28.2765,6.6936,0.0,,,,,,
1030,s1,STRUCTURE_FAIL,40,51,15.02,9.2575,21.805,15.54,10.835,24.62,-0.52,0.0941,-6.0909,5.175,0.0,,,,,,
1030,s1,ALL_CONTROL,40,160,15.02,9.2575,21.805,18.615,11.72,32.1825,-3.595,0.2123,-8.8564,1.8534,0.0,,,,,,
1030,invalid,FAILED_BREAKOUT,40,97,13.44,8.0475,19.7525,18.75,10.78,33.46,-5.31,0.282,-9.8599,-0.6459,0.0,,,,,,
1030,invalid,NO_LAUNCH,40,12,13.44,8.0475,19.7525,11.885,9.7625,27.9525,1.555,0.1,-19.015,6.6552,0.0,,,,,,
1030,invalid,STRUCTURE_FAIL,40,51,13.44,8.0475,19.7525,13.53,8.955,22.615,-0.09,0.0672,-5.34,4.891,0.0,,,,,,
1030,invalid,ALL_CONTROL,40,160,13.44,8.0475,19.7525,16.18,10.2,29.8,-2.74,0.1998,-7.9189,1.8825,0.0,,,,,,
1030,D1_close,FAILED_BREAKOUT,40,97,13.91,8.515,20.5575,18.74,11.39,35.55,-4.83,0.283,-9.8569,-0.4948,0.0,,,,,,
1030,D1_close,NO_LAUNCH,40,12,13.91,8.515,20.5575,12.215,9.78,31.85,1.695,0.1458,-26.227,6.5784,0.0,,,,,,
1030,D1_close,STRUCTURE_FAIL,40,51,13.91,8.515,20.5575,14.25,9.495,22.525,-0.34,0.0721,-5.5991,4.55,0.0,,,,,,
1030,D1_close,ALL_CONTROL,40,160,13.91,8.515,20.5575,16.985,10.715,30.855,-3.075,0.2055,-7.8555,1.7076,0.0,,,,,,
1030,D1_volume,FAILED_BREAKOUT,40,97,38378271.0,21600997.75,88396361.5,27585410.0,12836496.0,61045791.0,10792861.0,-0.2211,-3454678.55,38190319.5,0.0,,,,,,
1030,D1_volume,NO_LAUNCH,40,12,38378271.0,21600997.75,88396361.5,32690851.0,8298818.5,42421264.0,5687420.0,-0.3542,-8459176.65,43700418.7625,0.0,,,,,,
1030,D1_volume,STRUCTURE_FAIL,40,51,38378271.0,21600997.75,88396361.5,24452300.0,14205952.0,59077579.5,13925971.0,-0.2569,-3970581.0,37121887.6625,0.0,,,,,,
1030,D1_volume,ALL_CONTROL,40,160,38378271.0,21600997.75,88396361.5,27464760.5,12291668.5,59786917.5,10913510.5,-0.2425,-1191392.1375,44524682.8,0.0,,,,,,
1030,D1_upper_shadow_pct,FAILED_BREAKOUT,40,97,1.6802,0.0,2.2929,0.0,0.0,0.7242,1.6802,-0.3211,0.0,2.0661,0.0,,,,,,
1030,D1_upper_shadow_pct,NO_LAUNCH,40,12,1.6802,0.0,2.2929,1.258,0.0552,1.9251,0.4222,-0.0604,-1.5518,1.7784,0.0,,,,,,
1030,D1_upper_shadow_pct,STRUCTURE_FAIL,40,51,1.6802,0.0,2.2929,0.0,0.0,1.0797,1.6802,-0.3113,0.0,2.0903,0.0,,,,,,
1030,D1_upper_shadow_pct,ALL_CONTROL,40,160,1.6802,0.0,2.2929,0.0,0.0,1.1674,1.6802,-0.2984,0.0,2.0774,0.0,,,,,,
1030,D1_close_location,FAILED_BREAKOUT,40,97,0.222,0.0805,1.0,1.0,0.295,1.0,-0.778,0.332,-0.8955,0.0,0.0,,,,,,
1030,D1_close_location,NO_LAUNCH,40,12,0.222,0.0805,1.0,0.288,0.057,0.9835,-0.066,-0.1021,-0.7568,0.602,0.0,,,,,,
1030,D1_close_location,STRUCTURE_FAIL,40,51,0.222,0.0805,1.0,1.0,0.177,1.0,-0.778,0.2162,-0.8955,0.0,0.0,,,,,,
1030,D1_close_location,ALL_CONTROL,40,160,0.222,0.0805,1.0,1.0,0.2273,1.0,-0.778,0.2625,-0.889,0.0,0.0,,,,,,
1030,dist_D1_close_to_s1_pct,FAILED_BREAKOUT,40,97,-7.8255,-10.3963,-5.4528,-7.174,-9.7053,-5.2,-0.6515,0.1113,-2.098,1.2709,0.0,,,,,,
1030,dist_D1_close_to_s1_pct,NO_LAUNCH,40,12,-7.8255,-10.3963,-5.4528,-9.5171,-16.7256,-7.9345,1.6916,-0.3458,-0.3806,9.0924,0.0,,,,,,
1030,dist_D1_close_to_s1_pct,STRUCTURE_FAIL,40,51,-7.8255,-10.3963,-5.4528,-9.5538,-11.9075,-6.5019,1.7283,-0.2147,-0.3001,3.7519,0.0,,,,,,
1030,dist_D1_close_to_s1_pct,ALL_CONTROL,40,160,-7.8255,-10.3963,-5.4528,-7.874,-11.0682,-5.7075,0.0485,-0.0269,-1.3246,1.8812,0.0,,,,,,
1030,dist_D1_close_to_support_pct,FAILED_BREAKOUT,40,97,0.6732,-0.2964,3.1082,0.2036,-0.2195,4.1467,0.4696,0.0191,-1.0612,2.1712,0.0,,,,,,
1030,dist_D1_close_to_support_pct,NO_LAUNCH,40,12,0.6732,-0.2964,3.1082,5.7976,2.7759,13.3344,-5.1243,0.45,-13.5385,-0.0168,0.0,,,,,,
1030,dist_D1_close_to_support_pct,STRUCTURE_FAIL,40,51,0.6732,-0.2964,3.1082,0.7866,-0.6988,4.4425,-0.1134,0.0265,-2.1346,2.0619,0.0,,,,,,
1030,dist_D1_close_to_support_pct,ALL_CONTROL,40,160,0.6732,-0.2964,3.1082,0.6419,-0.2886,4.8383,0.0313,0.0537,-1.4222,2.0902,0.0,,,,,,
1030,dist_D1_close_to_invalid_pct,FAILED_BREAKOUT,40,97,1.8796,0.4904,4.1686,0.9183,0.4875,5.307,0.9613,-0.0119,-1.4637,2.5018,0.0,,,,,,
1030,dist_D1_close_to_invalid_pct,NO_LAUNCH,40,12,1.8796,0.4904,4.1686,6.9767,3.3286,14.1151,-5.0971,0.4375,-13.2495,0.0176,0.0,,,,,,
1030,dist_D1_close_to_invalid_pct,STRUCTURE_FAIL,40,51,1.8796,0.4904,4.1686,2.1254,0.4792,4.9866,-0.2458,0.0098,-2.0201,2.2019,0.0,,,,,,
1030,dist_D1_close_to_invalid_pct,ALL_CONTROL,40,160,1.8796,0.4904,4.1686,1.6545,0.4867,5.74,0.2251,0.0288,-1.7035,2.226,0.0,,,,,,
1030,pullback_volume_dry_up_pre_D0,FAILED_BREAKOUT,25,35,1.231,1.0324,1.4271,1.2824,1.0119,1.5483,-0.0514,0.0949,-0.2766,0.1581,0.375,,,,,,
1030,pullback_volume_dry_up_pre_D0,NO_LAUNCH,25,9,1.231,1.0324,1.4271,0.9015,0.6461,1.0816,0.3295,-0.4222,-0.1115,0.6398,0.375,,,,,,
1030,pullback_volume_dry_up_pre_D0,STRUCTURE_FAIL,25,20,1.231,1.0324,1.4271,1.0961,0.9382,1.4599,0.1349,-0.084,-0.1624,0.3217,0.375,,,,,,
1030,pullback_volume_dry_up_pre_D0,ALL_CONTROL,25,64,1.231,1.0324,1.4271,1.1586,0.9361,1.477,0.0724,-0.0337,-0.1702,0.2573,0.375,,,,,,
1030,probe_count_pre_D0,FAILED_BREAKOUT,40,97,0.0,0.0,1.0,0.0,0.0,1.0,0.0,-0.108,0.0,0.5,0.0,,,,,,
1030,probe_count_pre_D0,NO_LAUNCH,40,12,0.0,0.0,1.0,0.5,0.0,1.25,-0.5,0.1854,-1.5,0.0,0.0,,,,,,
1030,probe_count_pre_D0,STRUCTURE_FAIL,40,51,0.0,0.0,1.0,0.0,0.0,1.0,0.0,-0.0608,0.0,0.5,0.0,,,,,,
1030,probe_count_pre_D0,ALL_CONTROL,40,160,0.0,0.0,1.0,0.0,0.0,1.0,0.0,-0.0709,0.0,0.5,0.0,,,,,,
1030,closest_high_to_s1_pre_D0_pct,FAILED_BREAKOUT,25,35,-2.2685,-6.2017,0.0,0.0,-4.1989,0.2021,-2.2685,0.2183,-5.2386,2.0274,0.375,,,,,,
1030,closest_high_to_s1_pre_D0_pct,NO_LAUNCH,25,9,-2.2685,-6.2017,0.0,-2.4513,-8.0537,-1.1155,0.1828,-0.3067,-3.1298,10.9155,0.375,,,,,,
1030,closest_high_to_s1_pre_D0_pct,STRUCTURE_FAIL,25,20,-2.2685,-6.2017,0.0,-2.157,-5.4459,0.0,-0.1115,0.008,-4.2453,4.6295,0.375,,,,,,
1030,closest_high_to_s1_pre_D0_pct,ALL_CONTROL,25,64,-2.2685,-6.2017,0.0,-1.336,-5.2344,0.0,-0.9325,0.0787,-3.935,2.482,0.375,,,,,,
1030,pre_D0_min_low,FAILED_BREAKOUT,25,35,14.61,7.6,23.3,21.05,10.91,69.99,-6.44,0.2983,-26.27,2.2215,0.375,,,,,,
1030,pre_D0_min_low,NO_LAUNCH,25,9,14.61,7.6,23.3,16.4,9.74,43.3,-1.79,0.2044,-49.42,8.9295,0.375,,,,,,
1030,pre_D0_min_low,STRUCTURE_FAIL,25,20,14.61,7.6,23.3,13.965,10.37,24.52,0.645,0.072,-6.731,7.0,0.375,,,,,,
1030,pre_D0_min_low,ALL_CONTROL,25,64,14.61,7.6,23.3,17.35,10.0625,45.79,-2.74,0.2144,-11.7,4.5722,0.375,,,,,,
1030,d0_open,FAILED_BREAKOUT,40,97,14.0,8.6625,20.8425,18.89,11.2,35.03,-4.89,0.2799,-10.1028,-0.599,0.0,,,,,,
1030,d0_open,NO_LAUNCH,40,12,14.0,8.6625,20.8425,12.22,9.69,31.44,1.78,0.1333,-25.5562,6.6677,0.0,,,,,,
1030,d0_open,STRUCTURE_FAIL,40,51,14.0,8.6625,20.8425,14.12,9.405,22.735,-0.12,0.0706,-5.6779,4.53,0.0,,,,,,
1030,d0_open,ALL_CONTROL,40,160,14.0,8.6625,20.8425,16.845,10.53,30.8325,-2.845,0.2022,-7.8068,1.9355,0.0,,,,,,
1030,prev_close,FAILED_BREAKOUT,40,97,13.91,8.515,20.5575,18.74,11.39,35.55,-4.83,0.283,-9.8569,-0.4948,0.0,,,,,,
1030,prev_close,NO_LAUNCH,40,12,13.91,8.515,20.5575,12.215,9.78,31.85,1.695,0.1458,-26.227,6.5784,0.0,,,,,,
1030,prev_close,STRUCTURE_FAIL,40,51,13.91,8.515,20.5575,14.25,9.495,22.525,-0.34,0.0721,-5.5991,4.55,0.0,,,,,,
1030,prev_close,ALL_CONTROL,40,160,13.91,8.515,20.5575,16.985,10.715,30.855,-3.075,0.2055,-7.8555,1.7076,0.0,,,,,,
1030,anchor_volume,FAILED_BREAKOUT,40,97,34400680.0,20753255.25,88258304.0,23968869.0,10048904.0,59367293.0,10431811.0,-0.2124,-783196.0,29472921.8,0.0,,,,,,
1030,anchor_volume,NO_LAUNCH,40,12,34400680.0,20753255.25,88258304.0,32472144.5,9585006.25,36957980.0,1928535.5,-0.2833,-9125916.0,36104441.0,0.0,,,,,,
1030,anchor_volume,STRUCTURE_FAIL,40,51,34400680.0,20753255.25,88258304.0,23851203.0,9866050.0,60878530.0,10549477.0,-0.2196,-6820401.675,29799121.975,0.0,,,,,,
1030,anchor_volume,ALL_CONTROL,40,160,34400680.0,20753255.25,88258304.0,24103611.0,9934030.5,58467182.0,10297069.0,-0.22,-667990.8875,36267876.3125,0.0,,,,,,
1030,price_to_s1_pct,FAILED_BREAKOUT,40,97,-7.1903,-9.0674,-5.184,-6.535,-8.7156,-4.7393,-0.6553,0.0897,-2.0957,0.8675,0.0,,,,,,
1030,price_to_s1_pct,NO_LAUNCH,40,12,-7.1903,-9.0674,-5.184,-9.8207,-15.6938,-7.5976,2.6303,-0.4958,-0.4393,8.9734,0.0,,,,,,
1030,price_to_s1_pct,STRUCTURE_FAIL,40,51,-7.1903,-9.0674,-5.184,-8.8293,-12.5294,-6.2706,1.639,-0.3069,-0.0681,3.8858,0.0,,,,,,
1030,price_to_s1_pct,ALL_CONTROL,40,160,-7.1903,-9.0674,-5.184,-7.2772,-9.927,-5.1709,0.0869,-0.0806,-1.1406,1.7666,0.0,,,,,,
1030,session_high_to_s1_pct,FAILED_BREAKOUT,40,97,-4.4213,-7.3354,-3.0433,-4.107,-5.8735,-2.7724,-0.3143,0.1139,-1.984,0.9611,0.0,,,,,,
1030,session_high_to_s1_pct,NO_LAUNCH,40,12,-4.4213,-7.3354,-3.0433,-7.6461,-10.7369,-5.1219,3.2248,-0.4708,-0.2879,7.0746,0.0,,,,,,
1030,session_high_to_s1_pct,STRUCTURE_FAIL,40,51,-4.4213,-7.3354,-3.0433,-4.9797,-8.5505,-2.8564,0.5584,-0.1,-1.5398,2.3781,0.0,,,,,,
1030,session_high_to_s1_pct,ALL_CONTROL,40,160,-4.4213,-7.3354,-3.0433,-4.5477,-7.0057,-2.8674,0.1264,0.0019,-1.8325,1.3621,0.0,,,,,,
1030,best_distance_to_s1_so_far_pct,FAILED_BREAKOUT,40,97,-6.8974,-10.4638,-5.7103,-7.4595,-9.4994,-5.2397,0.5621,0.0384,-1.8016,1.7342,0.0,,,,,,
1030,best_distance_to_s1_so_far_pct,NO_LAUNCH,40,12,-6.8974,-10.4638,-5.7103,-11.7546,-15.7311,-8.0336,4.8571,-0.5167,0.3478,8.9242,0.0,,,,,,
1030,best_distance_to_s1_so_far_pct,STRUCTURE_FAIL,40,51,-6.8974,-10.4638,-5.7103,-9.3437,-12.7379,-6.9336,2.4463,-0.3245,0.0251,4.9198,0.0,,,,,,
1030,best_distance_to_s1_so_far_pct,ALL_CONTROL,40,160,-6.8974,-10.4638,-5.7103,-8.1945,-11.3283,-5.7554,1.2971,-0.1189,-1.1799,2.5206,0.0,,,,,,
1030,s1_cross_count_so_far,FAILED_BREAKOUT,40,97,0.0,0.0,0.0,0.0,0.0,0.0,0.0,0.0,0.0,0.0,0.0,,,,,,
1030,s1_cross_count_so_far,NO_LAUNCH,40,12,0.0,0.0,0.0,0.0,0.0,0.0,0.0,0.0,0.0,0.0,0.0,,,,,,
1030,s1_cross_count_so_far,STRUCTURE_FAIL,40,51,0.0,0.0,0.0,0.0,0.0,0.0,0.0,0.0,0.0,0.0,0.0,,,,,,
1030,s1_cross_count_so_far,ALL_CONTROL,40,160,0.0,0.0,0.0,0.0,0.0,0.0,0.0,0.0,0.0,0.0,0.0,,,,,,
1030,s1_reject_count_so_far,FAILED_BREAKOUT,40,97,0.0,0.0,0.0,0.0,0.0,0.0,0.0,0.0,0.0,0.0,0.0,,,,,,
1030,s1_reject_count_so_far,NO_LAUNCH,40,12,0.0,0.0,0.0,0.0,0.0,0.0,0.0,0.0,0.0,0.0,0.0,,,,,,
1030,s1_reject_count_so_far,STRUCTURE_FAIL,40,51,0.0,0.0,0.0,0.0,0.0,0.0,0.0,0.0,0.0,0.0,0.0,,,,,,
1030,s1_reject_count_so_far,ALL_CONTROL,40,160,0.0,0.0,0.0,0.0,0.0,0.0,0.0,0.0,0.0,0.0,0.0,,,,,,
1030,price_to_support_pct,FAILED_BREAKOUT,40,97,2.0703,0.8843,4.1655,2.3188,0.7187,3.8818,-0.2485,-0.0119,-1.1299,0.7721,0.0,,,,,,
1030,price_to_support_pct,NO_LAUNCH,40,12,2.0703,0.8843,4.1655,5.2323,3.2006,10.6107,-3.162,0.5625,-8.7375,-0.8733,0.0,,,,,,
1030,price_to_support_pct,STRUCTURE_FAIL,40,51,2.0703,0.8843,4.1655,1.5642,0.3028,4.2222,0.5061,-0.1039,-0.5406,1.4674,0.0,,,,,,
1030,price_to_support_pct,ALL_CONTROL,40,160,2.0703,0.8843,4.1655,2.1482,0.6248,4.483,-0.0779,0.0019,-0.9305,0.8931,0.0,,,,,,
1030,price_to_invalid_pct,FAILED_BREAKOUT,40,97,2.9318,1.72,4.7311,3.1516,1.2399,4.7354,-0.2199,-0.0505,-1.1564,1.2694,0.0,,,,,,
1030,price_to_invalid_pct,NO_LAUNCH,40,12,2.9318,1.72,4.7311,5.9818,4.4344,11.3703,-3.05,0.5417,-8.7919,-0.8725,0.0,,,,,,
1030,price_to_invalid_pct,STRUCTURE_FAIL,40,51,2.9318,1.72,4.7311,2.6391,0.8772,5.169,0.2927,-0.1167,-0.5993,1.7004,0.0,,,,,,
1030,price_to_invalid_pct,ALL_CONTROL,40,160,2.9318,1.72,4.7311,2.9751,1.2056,5.3341,-0.0434,-0.0272,-0.933,1.2481,0.0,,,,,,
1030,session_low_to_support_pct,FAILED_BREAKOUT,40,97,-0.3256,-1.6921,1.0771,-1.1014,-2.9126,0.8256,0.7758,-0.1835,-0.1305,1.9043,0.0,,,,,,
1030,session_low_to_support_pct,NO_LAUNCH,40,12,-0.3256,-1.6921,1.0771,2.9715,0.1535,9.0517,-3.2971,0.45,-9.7468,0.007,0.0,,,,,,
1030,session_low_to_support_pct,STRUCTURE_FAIL,40,51,-0.3256,-1.6921,1.0771,-1.1297,-2.644,0.833,0.8041,-0.1912,-0.292,2.2157,0.0,,,,,,
1030,session_low_to_support_pct,ALL_CONTROL,40,160,-0.3256,-1.6921,1.0771,-0.8953,-2.7084,1.3365,0.5697,-0.1384,-0.1904,1.8868,0.0,,,,,,
1030,minutes_since_support_touch,FAILED_BREAKOUT,22,64,55.0,55.0,55.0,55.0,55.0,55.0,0.0,-0.0625,0.0,0.0,0.45,,,,,,
1030,minutes_since_support_touch,STRUCTURE_FAIL,22,34,55.0,55.0,55.0,55.0,55.0,55.0,0.0,-0.0909,0.0,0.0,0.45,,,,,,
1030,minutes_since_support_touch,ALL_CONTROL,22,101,55.0,55.0,55.0,55.0,55.0,55.0,0.0,-0.0675,0.0,0.0,0.45,,,,,,
1030,minutes_from_support_low_to_reclaim,FAILED_BREAKOUT,19,53,5.0,5.0,5.0,5.0,5.0,5.0,0.0,0.001,0.0,0.0,0.525,,,,,,
1030,minutes_from_support_low_to_reclaim,STRUCTURE_FAIL,19,26,5.0,5.0,5.0,5.0,5.0,10.0,0.0,0.1093,-2.5,0.0,0.525,,,,,,
1030,minutes_from_support_low_to_reclaim,ALL_CONTROL,19,82,5.0,5.0,5.0,5.0,5.0,5.0,0.0,0.0558,0.0,0.0,0.525,,,,,,
1030,price_after_support_reclaim_pct,FAILED_BREAKOUT,19,53,1.6077,0.8225,2.1272,1.7995,0.7187,2.9482,-0.1918,0.1142,-1.0319,0.4023,0.525,,,,,,
1030,price_after_support_reclaim_pct,STRUCTURE_FAIL,19,26,1.6077,0.8225,2.1272,1.253,0.419,2.8457,0.3547,-0.0405,-0.6879,1.1046,0.525,,,,,,
1030,price_after_support_reclaim_pct,ALL_CONTROL,19,82,1.6077,0.8225,2.1272,1.6654,0.5801,2.9486,-0.0577,0.0745,-0.8277,0.5069,0.525,,,,,,
1030,drawdown_from_open_pct,FAILED_BREAKOUT,40,97,-1.7194,-2.3765,-1.2286,-2.3374,-3.6682,-0.8499,0.618,-0.1804,-0.0743,1.049,0.0,,,,,,
1030,drawdown_from_open_pct,NO_LAUNCH,40,12,-1.7194,-2.3765,-1.2286,-1.1302,-3.0118,-0.5944,-0.5892,0.0667,-1.245,1.3036,0.0,,,,,,
1030,drawdown_from_open_pct,STRUCTURE_FAIL,40,51,-1.7194,-2.3765,-1.2286,-1.7657,-3.5243,-0.983,0.0463,-0.0941,-0.5047,0.6413,0.0,,,,,,
1030,drawdown_from_open_pct,ALL_CONTROL,40,160,-1.7194,-2.3765,-1.2286,-1.9734,-3.5213,-0.8307,0.254,-0.1344,-0.1821,0.8101,0.0,,,,,,
1030,session_low_pct_vs_prev_close,FAILED_BREAKOUT,40,97,-1.5122,-2.9279,0.0,-2.3715,-3.9387,-1.0139,0.8593,-0.2933,-0.0935,1.7629,0.0,,,,,,
1030,session_low_pct_vs_prev_close,NO_LAUNCH,40,12,-1.5122,-2.9279,0.0,-2.0547,-3.9687,-1.3485,0.5425,-0.3167,-0.5467,2.6313,0.0,,,,,,
1030,session_low_pct_vs_prev_close,STRUCTURE_FAIL,40,51,-1.5122,-2.9279,0.0,-2.452,-4.1938,-1.3171,0.9398,-0.3294,0.0054,1.9764,0.0,,,,,,
1030,session_low_pct_vs_prev_close,ALL_CONTROL,40,160,-1.5122,-2.9279,0.0,-2.3979,-3.9629,-1.2088,0.8857,-0.3066,0.0949,1.5791,0.0,,,,,,
1030,recovery_from_session_low_pct,FAILED_BREAKOUT,40,97,2.3836,1.3174,3.7615,2.963,1.5714,4.664,-0.5794,0.1696,-1.4777,0.4383,0.0,,,,,,
1030,recovery_from_session_low_pct,NO_LAUNCH,40,12,2.3836,1.3174,3.7615,2.5973,1.5981,2.9604,-0.2137,0.0292,-1.1062,1.2287,0.0,,,,,,
1030,recovery_from_session_low_pct,STRUCTURE_FAIL,40,51,2.3836,1.3174,3.7615,2.4295,1.1439,4.7163,-0.0459,0.0686,-1.0289,1.0581,0.0,,,,,,
1030,recovery_from_session_low_pct,ALL_CONTROL,40,160,2.3836,1.3174,3.7615,2.6654,1.4877,4.5678,-0.2818,0.1269,-1.0698,0.5685,0.0,,,,,,
1030,recovery_fraction_of_drawdown,FAILED_BREAKOUT,39,85,1.3333,0.8777,2.425,1.1786,0.4909,2.1624,0.1547,-0.1116,-0.2737,0.7774,0.025,,,,,,
1030,recovery_fraction_of_drawdown,NO_LAUNCH,39,12,1.3333,0.8777,2.425,2.009,0.9127,5.1428,-0.6757,0.1987,-3.8433,0.7105,0.025,,,,,,
1030,recovery_fraction_of_drawdown,STRUCTURE_FAIL,39,49,1.3333,0.8777,2.425,1.2667,0.4026,2.6,0.0666,-0.0235,-0.755,0.8164,0.025,,,,,,
1030,recovery_fraction_of_drawdown,ALL_CONTROL,39,146,1.3333,0.8777,2.425,1.2567,0.4769,2.465,0.0766,-0.0566,-0.285,0.6628,0.025,,,,,,
1030,minutes_low_to_open_reclaim,FAILED_BREAKOUT,34,66,5.0,5.0,8.75,5.0,5.0,5.0,0.0,-0.0526,0.0,0.0,0.15,,,,,,
1030,minutes_low_to_open_reclaim,NO_LAUNCH,34,10,5.0,5.0,8.75,5.0,5.0,8.75,0.0,0.0147,-10.0,0.0,0.15,,,,,,
1030,minutes_low_to_open_reclaim,STRUCTURE_FAIL,34,35,5.0,5.0,8.75,5.0,5.0,5.0,0.0,-0.0908,0.0,0.0,0.15,,,,,,
1030,minutes_low_to_open_reclaim,ALL_CONTROL,34,111,5.0,5.0,8.75,5.0,5.0,5.0,0.0,-0.0586,0.0,0.0,0.15,,,,,,
1030,minutes_low_to_prev_close_reclaim,FAILED_BREAKOUT,30,69,5.0,5.0,8.75,5.0,5.0,5.0,0.0,-0.0309,0.0,0.0,0.25,,,,,,
1030,minutes_low_to_prev_close_reclaim,NO_LAUNCH,30,8,5.0,5.0,8.75,5.0,5.0,10.0,0.0,0.0625,-5.0,0.0,0.25,,,,,,
1030,minutes_low_to_prev_close_reclaim,STRUCTURE_FAIL,30,33,5.0,5.0,8.75,5.0,5.0,10.0,0.0,0.0141,0.0,0.0,0.25,,,,,,
1030,minutes_low_to_prev_close_reclaim,ALL_CONTROL,30,110,5.0,5.0,8.75,5.0,5.0,10.0,0.0,-0.0106,0.0,0.0,0.25,,,,,,
1030,price_vs_vwap_pct,FAILED_BREAKOUT,40,97,-0.0673,-0.9589,1.175,0.204,-0.6996,1.2197,-0.2713,0.0701,-0.827,0.3851,0.0,,,,,,
1030,price_vs_vwap_pct,NO_LAUNCH,40,12,-0.0673,-0.9589,1.175,-0.1074,-0.5971,0.5417,0.0401,-0.0208,-0.7881,0.9335,0.0,,,,,,
1030,price_vs_vwap_pct,STRUCTURE_FAIL,40,51,-0.0673,-0.9589,1.175,-0.5829,-0.988,0.5492,0.5155,-0.1471,-0.2566,1.1495,0.0,,,,,,
1030,price_vs_vwap_pct,ALL_CONTROL,40,160,-0.0673,-0.9589,1.175,-0.0171,-0.8559,0.8748,-0.0502,-0.0059,-0.6277,0.6061,0.0,,,,,,
1030,minutes_low_to_vwap_reclaim,FAILED_BREAKOUT,27,60,15.0,7.5,25.0,10.0,5.0,20.0,5.0,-0.1759,-5.0,12.5,0.325,,,,,,
1030,minutes_low_to_vwap_reclaim,NO_LAUNCH,27,10,15.0,7.5,25.0,15.0,6.25,23.75,0.0,-0.0667,-12.5,15.0,0.325,,,,,,
1030,minutes_low_to_vwap_reclaim,STRUCTURE_FAIL,27,29,15.0,7.5,25.0,10.0,5.0,25.0,5.0,-0.1226,-5.0,15.0,0.325,,,,,,
1030,minutes_low_to_vwap_reclaim,ALL_CONTROL,27,99,15.0,7.5,25.0,10.0,5.0,25.0,5.0,-0.1493,-5.0,15.0,0.325,,,,,,
1030,pct_bars_above_vwap_since_low,FAILED_BREAKOUT,40,97,59.165,25.0,82.1975,58.33,20.0,90.91,0.835,0.0309,-22.6208,19.2447,0.0,,,,,,
1030,pct_bars_above_vwap_since_low,NO_LAUNCH,40,12,59.165,25.0,82.1975,58.33,21.21,83.33,0.835,0.0458,-33.33,44.45,0.0,,,,,,
1030,pct_bars_above_vwap_since_low,STRUCTURE_FAIL,40,51,59.165,25.0,82.1975,41.67,9.72,75.0,17.495,-0.1314,-11.1126,39.4,0.0,,,,,,
1030,pct_bars_above_vwap_since_low,ALL_CONTROL,40,160,59.165,25.0,82.1975,58.33,16.67,84.3725,0.835,-0.0197,-13.89,23.7059,0.0,,,,,,
1030,vwap_rebreak_count_after_low,FAILED_BREAKOUT,40,97,1.0,0.0,1.25,1.0,0.0,1.0,0.0,-0.0631,-1.0,1.0,0.0,,,,,,
1030,vwap_rebreak_count_after_low,NO_LAUNCH,40,12,1.0,0.0,1.25,1.0,1.0,2.25,0.0,0.3125,-2.0,0.0,0.0,,,,,,
1030,vwap_rebreak_count_after_low,STRUCTURE_FAIL,40,51,1.0,0.0,1.25,1.0,0.0,1.0,0.0,0.0098,-1.0,1.0,0.0,,,,,,
1030,vwap_rebreak_count_after_low,ALL_CONTROL,40,160,1.0,0.0,1.25,1.0,0.0,1.0,0.0,-0.0117,-1.0,1.0,0.0,,,,,,
1030,vwap_reclaim_count_after_low,FAILED_BREAKOUT,40,97,1.0,0.0,1.0,1.0,0.0,2.0,0.0,-0.0219,0.0,1.0,0.0,,,,,,
1030,vwap_reclaim_count_after_low,NO_LAUNCH,40,12,1.0,0.0,1.0,1.0,0.75,1.25,0.0,0.1104,-0.5,0.5,0.0,,,,,,
1030,vwap_reclaim_count_after_low,STRUCTURE_FAIL,40,51,1.0,0.0,1.0,1.0,0.0,1.0,0.0,-0.0863,0.0,1.0,0.0,,,,,,
1030,vwap_reclaim_count_after_low,ALL_CONTROL,40,160,1.0,0.0,1.0,1.0,0.0,1.25,0.0,-0.0325,-0.2625,0.0,0.0,,,,,,
1030,closest_high_to_s1_pct_so_far,FAILED_BREAKOUT,40,97,-6.8974,-10.4638,-5.7103,-7.4595,-9.4994,-5.2397,0.5621,0.0384,-1.8016,1.7342,0.0,,,,,,
1030,closest_high_to_s1_pct_so_far,NO_LAUNCH,40,12,-6.8974,-10.4638,-5.7103,-11.7546,-15.7311,-8.0336,4.8571,-0.5167,0.3478,8.9242,0.0,,,,,,
1030,closest_high_to_s1_pct_so_far,STRUCTURE_FAIL,40,51,-6.8974,-10.4638,-5.7103,-9.3437,-12.7379,-6.9336,2.4463,-0.3245,0.0251,4.9198,0.0,,,,,,
1030,closest_high_to_s1_pct_so_far,ALL_CONTROL,40,160,-6.8974,-10.4638,-5.7103,-8.1945,-11.3283,-5.7554,1.2971,-0.1189,-1.1799,2.5206,0.0,,,,,,
1030,number_of_intraday_local_highs,FAILED_BREAKOUT,40,97,2.0,1.0,3.0,2.0,1.0,4.0,0.0,0.0696,-1.0,1.0,0.0,,,,,,
1030,number_of_intraday_local_highs,NO_LAUNCH,40,12,2.0,1.0,3.0,2.0,1.0,3.0,0.0,0.175,-2.0,1.0,0.0,,,,,,
1030,number_of_intraday_local_highs,STRUCTURE_FAIL,40,51,2.0,1.0,3.0,2.0,1.0,3.0,0.0,0.0485,-1.0,1.0,0.0,,,,,,
1030,number_of_intraday_local_highs,ALL_CONTROL,40,160,2.0,1.0,3.0,2.0,1.0,3.0,0.0,0.0708,-1.0,1.0,0.0,,,,,,
1030,local_high_progression_pct,FAILED_BREAKOUT,40,97,2.7139,1.7932,4.0182,2.7132,1.5727,4.4211,0.0007,-0.0057,-0.654,1.0869,0.0,,,,,,
1030,local_high_progression_pct,NO_LAUNCH,40,12,2.7139,1.7932,4.0182,2.9085,2.0293,4.4299,-0.1946,0.0875,-3.4078,0.9619,0.0,,,,,,
1030,local_high_progression_pct,STRUCTURE_FAIL,40,51,2.7139,1.7932,4.0182,4.0174,1.5089,6.0296,-1.3035,0.2255,-2.207,-0.3914,0.0,,,,,,
1030,local_high_progression_pct,ALL_CONTROL,40,160,2.7139,1.7932,4.0182,3.1063,1.5725,5.0571,-0.3925,0.075,-0.972,0.4864,0.0,,,,,,
1030,high_progression_pct,FAILED_BREAKOUT,40,97,2.7139,1.7932,4.0182,2.7132,1.5727,4.4211,0.0007,-0.0057,-0.654,1.0869,0.0,,,,,,
1030,high_progression_pct,NO_LAUNCH,40,12,2.7139,1.7932,4.0182,2.9085,2.0293,4.4299,-0.1946,0.0875,-3.4078,0.9619,0.0,,,,,,
1030,high_progression_pct,STRUCTURE_FAIL,40,51,2.7139,1.7932,4.0182,4.0174,1.5089,6.0296,-1.3035,0.2255,-2.207,-0.3914,0.0,,,,,,
1030,high_progression_pct,ALL_CONTROL,40,160,2.7139,1.7932,4.0182,3.1063,1.5725,5.0571,-0.3925,0.075,-0.972,0.4864,0.0,,,,,,
1030,probe_v01_compat,FAILED_BREAKOUT,40,97,0.0,0.0,0.0,0.0,0.0,0.0,0.0,0.0,0.0,0.0,0.0,,,,,,
1030,probe_v01_compat,NO_LAUNCH,40,12,0.0,0.0,0.0,0.0,0.0,0.0,0.0,0.0,0.0,0.0,0.0,,,,,,
1030,probe_v01_compat,STRUCTURE_FAIL,40,51,0.0,0.0,0.0,0.0,0.0,0.0,0.0,0.0,0.0,0.0,0.0,,,,,,
1030,probe_v01_compat,ALL_CONTROL,40,160,0.0,0.0,0.0,0.0,0.0,0.0,0.0,0.0,0.0,0.0,0.0,,,,,,
1030,continuous_s1_approach,FAILED_BREAKOUT,40,97,-6.8974,-10.4638,-5.7103,-7.4595,-9.4994,-5.2397,0.5621,0.0384,-1.8016,1.7342,0.0,,,,,,
1030,continuous_s1_approach,NO_LAUNCH,40,12,-6.8974,-10.4638,-5.7103,-11.7546,-15.7311,-8.0336,4.8571,-0.5167,0.3478,8.9242,0.0,,,,,,
1030,continuous_s1_approach,STRUCTURE_FAIL,40,51,-6.8974,-10.4638,-5.7103,-9.3437,-12.7379,-6.9336,2.4463,-0.3245,0.0251,4.9198,0.0,,,,,,
1030,continuous_s1_approach,ALL_CONTROL,40,160,-6.8974,-10.4638,-5.7103,-8.1945,-11.3283,-5.7554,1.2971,-0.1189,-1.1799,2.5206,0.0,,,,,,
1030,cum_volume,FAILED_BREAKOUT,40,97,24858664.5,8864730.75,42819720.0,13967099.0,7297100.0,45154172.0,10891565.5,-0.101,-3525565.2,21189901.8375,0.0,,,,,,
1030,cum_volume,NO_LAUNCH,40,12,24858664.5,8864730.75,42819720.0,12097704.5,3077600.0,20783652.0,12760960.0,-0.3833,-2085871.8625,27412164.8,0.0,,,,,,
1030,cum_volume,STRUCTURE_FAIL,40,51,24858664.5,8864730.75,42819720.0,22764886.0,8603152.5,37347484.0,2093778.5,-0.0588,-9017557.3625,13952292.7,0.0,,,,,,
1030,cum_volume,ALL_CONTROL,40,160,24858664.5,8864730.75,42819720.0,17810402.0,7292000.0,38465807.0,7048262.5,-0.1087,-4741115.475,19174528.6375,0.0,,,,,,
1030,cum_volume_vs_D1_ratio,FAILED_BREAKOUT,40,97,0.4094,0.3241,0.6295,0.5479,0.4126,0.8714,-0.1385,0.3052,-0.2424,0.0052,0.0,,,,,,
1030,cum_volume_vs_D1_ratio,NO_LAUNCH,40,12,0.4094,0.3241,0.6295,0.4387,0.3626,0.5138,-0.0293,0.0417,-0.1307,0.1079,0.0,,,,,,
1030,cum_volume_vs_D1_ratio,STRUCTURE_FAIL,40,51,0.4094,0.3241,0.6295,0.6413,0.4634,1.1892,-0.2319,0.4167,-0.4137,-0.0833,0.0,,,,,,
1030,cum_volume_vs_D1_ratio,ALL_CONTROL,40,160,0.4094,0.3241,0.6295,0.5534,0.4204,0.9297,-0.144,0.3209,-0.2527,-0.0095,0.0,,,,,,
1030,cum_volume_vs_anchor_ratio,FAILED_BREAKOUT,40,97,0.4938,0.4122,0.6915,0.615,0.4981,0.9611,-0.1212,0.2943,-0.242,0.0341,0.0,,,,,,
1030,cum_volume_vs_anchor_ratio,NO_LAUNCH,40,12,0.4938,0.4122,0.6915,0.3888,0.3151,0.4776,0.105,-0.3333,-0.057,0.2497,0.0,,,,,,
1030,cum_volume_vs_anchor_ratio,STRUCTURE_FAIL,40,51,0.4938,0.4122,0.6915,0.7075,0.4939,1.3446,-0.2137,0.3598,-0.4598,-0.0279,0.0,,,,,,
1030,cum_volume_vs_anchor_ratio,ALL_CONTROL,40,160,0.4938,0.4122,0.6915,0.624,0.4786,0.9793,-0.1302,0.2681,-0.2206,0.0028,0.0,,,,,,
1030,volume_since_session_low,FAILED_BREAKOUT,40,97,13983745.0,5150525.0,34265350.0,10766143.0,3703300.0,27678531.0,3217602.0,-0.0696,-3917884.6125,16302814.0875,0.0,,,,,,
1030,volume_since_session_low,NO_LAUNCH,40,12,13983745.0,5150525.0,34265350.0,6938324.5,3007300.0,18897023.25,7045420.5,-0.2625,-9490728.6375,19445515.075,0.0,,,,,,
1030,volume_since_session_low,STRUCTURE_FAIL,40,51,13983745.0,5150525.0,34265350.0,11177218.0,4299449.0,27114928.0,2806527.0,-0.0382,-8654468.8625,13772661.475,0.0,,,,,,
1030,volume_since_session_low,ALL_CONTROL,40,160,13983745.0,5150525.0,34265350.0,10768321.5,3658315.75,26714332.0,3215423.5,-0.0741,-4953730.5,14679286.8875,0.0,,,,,,
1030,volume_on_recovery,FAILED_BREAKOUT,28,73,11972850.5,2954175.0,19653925.25,5535426.0,2808344.0,19465229.0,6437424.5,-0.0841,-1815047.35,12803718.0,0.3,,,,,,
1030,volume_on_recovery,NO_LAUNCH,28,8,11972850.5,2954175.0,19653925.25,2467900.0,1052988.0,7416141.5,9504950.5,-0.4107,-1811542.9,16394692.0,0.3,,,,,,
1030,volume_on_recovery,STRUCTURE_FAIL,28,34,11972850.5,2954175.0,19653925.25,8631283.0,3359600.0,17732528.5,3341567.5,-0.0483,-5002647.9625,12275064.225,0.3,,,,,,
1030,volume_on_recovery,ALL_CONTROL,28,115,11972850.5,2954175.0,19653925.25,5535426.0,2719872.0,18104353.0,6437424.5,-0.0963,-1486033.35,12600246.85,0.3,,,,,,
1030,return_from_open_pct,FAILED_BREAKOUT,40,97,0.4992,-0.228,1.9373,0.625,-1.6983,2.6357,-0.1258,0.0258,-1.0977,0.9502,0.0,,,,,,
1030,return_from_open_pct,NO_LAUNCH,40,12,0.4992,-0.228,1.9373,0.8258,-0.3199,2.3942,-0.3266,0.075,-2.0928,1.2873,0.0,,,,,,
1030,return_from_open_pct,STRUCTURE_FAIL,40,51,0.4992,-0.228,1.9373,0.6226,-1.8853,2.5156,-0.1234,-0.0123,-1.0359,1.0854,0.0,,,,,,
1030,return_from_open_pct,ALL_CONTROL,40,160,0.4992,-0.228,1.9373,0.6462,-1.5576,2.6185,-0.147,0.0173,-0.8464,0.8524,0.0,,,,,,
1030,return_from_prev_close_pct,FAILED_BREAKOUT,40,97,1.2169,-1.1465,3.0992,0.8034,-1.4507,2.6372,0.4135,-0.0856,-1.1639,1.4607,0.0,,,,,,
1030,return_from_prev_close_pct,NO_LAUNCH,40,12,1.2169,-1.1465,3.0992,-0.6574,-2.2656,1.8163,1.8743,-0.2417,-1.2946,3.9641,0.0,,,,,,
1030,return_from_prev_close_pct,STRUCTURE_FAIL,40,51,1.2169,-1.1465,3.0992,0.3431,-2.2311,2.1945,0.8739,-0.1554,-0.643,2.2383,0.0,,,,,,
1030,return_from_prev_close_pct,ALL_CONTROL,40,160,1.2169,-1.1465,3.0992,0.627,-1.7319,2.5421,0.59,-0.1195,-0.8722,1.5566,0.0,,,,,,
1030,session_range_pct,FAILED_BREAKOUT,40,97,4.3198,3.9087,5.4298,5.3341,4.3733,6.8696,-1.0143,0.3175,-1.4328,-0.2444,0.0,,,,,,
1030,session_range_pct,NO_LAUNCH,40,12,4.3198,3.9087,5.4298,4.6249,3.8028,6.7961,-0.3051,0.0542,-2.7918,0.8315,0.0,,,,,,
1030,session_range_pct,STRUCTURE_FAIL,40,51,4.3198,3.9087,5.4298,5.7995,4.7994,8.8132,-1.4797,0.4784,-2.4136,-0.618,0.0,,,,,,
1030,session_range_pct,ALL_CONTROL,40,160,4.3198,3.9087,5.4298,5.3863,4.3789,7.1508,-1.0664,0.3491,-1.4241,-0.4192,0.0,,,,,,
1030,close_location_so_far,FAILED_BREAKOUT,40,97,0.538,0.2585,0.719,0.559,0.357,0.768,-0.021,0.0719,-0.2086,0.0968,0.0,,,,,,
1030,close_location_so_far,NO_LAUNCH,40,12,0.538,0.2585,0.719,0.4595,0.3098,0.6653,0.0785,-0.0208,-0.2197,0.2934,0.0,,,,,,
1030,close_location_so_far,STRUCTURE_FAIL,40,51,0.538,0.2585,0.719,0.388,0.196,0.583,0.15,-0.1819,-0.048,0.3083,0.0,,,,,,
1030,close_location_so_far,ALL_CONTROL,40,160,0.538,0.2585,0.719,0.536,0.2708,0.724,0.002,-0.0159,-0.1241,0.1469,0.0,,,,,,
1030,high_from_open_pct,FAILED_BREAKOUT,40,97,2.7139,1.7932,4.0182,2.7132,1.5727,4.4211,0.0007,-0.0057,-0.654,1.0869,0.0,,,,,,
1030,high_from_open_pct,NO_LAUNCH,40,12,2.7139,1.7932,4.0182,2.9085,2.0293,4.4299,-0.1946,0.0875,-3.4078,0.9619,0.0,,,,,,
1030,high_from_open_pct,STRUCTURE_FAIL,40,51,2.7139,1.7932,4.0182,4.0174,1.5089,6.0296,-1.3035,0.2255,-2.207,-0.3914,0.0,,,,,,
1030,high_from_open_pct,ALL_CONTROL,40,160,2.7139,1.7932,4.0182,3.1063,1.5725,5.0571,-0.3925,0.075,-0.972,0.4864,0.0,,,,,,
1030,low_from_open_pct,FAILED_BREAKOUT,40,97,-1.7194,-2.3765,-1.2286,-2.3374,-3.6682,-0.8499,0.618,-0.1804,-0.0743,1.049,0.0,,,,,,
1030,low_from_open_pct,NO_LAUNCH,40,12,-1.7194,-2.3765,-1.2286,-1.1302,-3.0118,-0.5944,-0.5892,0.0667,-1.245,1.3036,0.0,,,,,,
1030,low_from_open_pct,STRUCTURE_FAIL,40,51,-1.7194,-2.3765,-1.2286,-1.7657,-3.5243,-0.983,0.0463,-0.0941,-0.5047,0.6413,0.0,,,,,,
1030,low_from_open_pct,ALL_CONTROL,40,160,-1.7194,-2.3765,-1.2286,-1.9734,-3.5213,-0.8307,0.254,-0.1344,-0.1821,0.8101,0.0,,,,,,
1030,lower_shadow_proxy_so_far_pct,FAILED_BREAKOUT,40,97,1.3931,0.3874,1.8938,1.2069,0.5168,2.186,0.1862,0.017,-0.676,0.6334,0.0,,,,,,
1030,lower_shadow_proxy_so_far_pct,NO_LAUNCH,40,12,1.3931,0.3874,1.8938,0.7978,0.5944,1.7619,0.5953,-0.05,-0.656,0.9759,0.0,,,,,,
1030,lower_shadow_proxy_so_far_pct,STRUCTURE_FAIL,40,51,1.3931,0.3874,1.8938,1.1159,0.6548,1.955,0.2772,0.0186,-0.5752,0.6959,0.0,,,,,,
1030,lower_shadow_proxy_so_far_pct,ALL_CONTROL,40,160,1.3931,0.3874,1.8938,1.1864,0.5657,2.0608,0.2067,0.0125,-0.6459,0.6509,0.0,,,,,,
1030,upper_shadow_proxy_so_far_pct,FAILED_BREAKOUT,40,97,1.5787,0.9039,2.5957,1.3378,0.5814,2.069,0.2409,-0.1392,-0.2641,1.0828,0.0,,,,,,
1030,upper_shadow_proxy_so_far_pct,NO_LAUNCH,40,12,1.5787,0.9039,2.5957,1.514,1.2276,2.455,0.0647,0.0667,-1.154,0.92,0.0,,,,,,
1030,upper_shadow_proxy_so_far_pct,STRUCTURE_FAIL,40,51,1.5787,0.9039,2.5957,2.4046,0.979,3.5991,-0.8259,0.1956,-1.598,0.1804,0.0,,,,,,
1030,upper_shadow_proxy_so_far_pct,ALL_CONTROL,40,160,1.5787,0.9039,2.5957,1.5863,0.7713,2.6951,-0.0076,-0.017,-0.4638,0.8372,0.0,,,,,,
1030,checkpoint_close,FAILED_BREAKOUT,40,97,14.03,8.5425,21.095,19.51,11.28,34.21,-5.48,0.2768,-10.1475,-0.64,0.0,,,,,,
1030,checkpoint_close,NO_LAUNCH,40,12,14.03,8.5425,21.095,12.335,10.1975,31.605,1.695,0.1292,-25.6544,6.335,0.0,,,,,,
1030,checkpoint_close,STRUCTURE_FAIL,40,51,14.03,8.5425,21.095,14.39,9.435,23.115,-0.36,0.0676,-5.3781,4.7007,0.0,,,,,,
1030,checkpoint_close,ALL_CONTROL,40,160,14.03,8.5425,21.095,16.835,10.7625,30.7,-2.805,0.1991,-7.9357,1.766,0.0,,,,,,
1030,session_low_price,FAILED_BREAKOUT,40,97,13.34,8.49,20.44,18.55,10.97,33.23,-5.21,0.2735,-9.8235,-0.2943,0.0,,,,,,
1030,session_low_price,NO_LAUNCH,40,12,13.34,8.49,20.44,12.13,9.495,31.02,1.21,0.1167,-24.8311,6.5653,0.0,,,,,,
1030,session_low_price,STRUCTURE_FAIL,40,51,13.34,8.49,20.44,13.42,9.31,22.305,-0.08,0.0618,-5.3608,4.6331,0.0,,,,,,
1030,session_low_price,ALL_CONTROL,40,160,13.34,8.49,20.44,16.34,10.315,30.055,-3.0,0.1942,-7.6399,1.8155,0.0,,,,,,
1030,session_high_price,FAILED_BREAKOUT,40,97,14.28,8.8125,21.35,19.88,11.86,35.6,-5.6,0.283,-10.6192,-0.5948,0.0,,,,,,
1030,session_high_price,NO_LAUNCH,40,12,14.28,8.8125,21.35,12.87,10.46,32.06,1.41,0.15,-26.0036,6.4482,0.0,,,,,,
1030,session_high_price,STRUCTURE_FAIL,40,51,14.28,8.8125,21.35,14.78,9.79,23.37,-0.5,0.0824,-5.6571,4.7244,0.0,,,,,,
1030,session_high_price,ALL_CONTROL,40,160,14.28,8.8125,21.35,17.515,11.12,31.36,-3.235,0.2091,-8.3055,1.7406,0.0,,,,,,
1030,vwap_price,FAILED_BREAKOUT,40,97,13.7619,8.6298,20.9212,19.2574,11.4382,34.3206,-5.4955,0.2794,-10.1707,-0.5322,0.0,,,,,,
1030,vwap_price,NO_LAUNCH,40,12,13.7619,8.6298,20.9212,12.4647,9.8763,31.5815,1.2972,0.125,-25.4241,6.5213,0.0,,,,,,
1030,vwap_price,STRUCTURE_FAIL,40,51,13.7619,8.6298,20.9212,14.2507,9.4825,22.8583,-0.4888,0.0706,-5.4874,4.6609,0.0,,,,,,
1030,vwap_price,ALL_CONTROL,40,160,13.7619,8.6298,20.9212,16.9436,10.6348,30.6586,-3.1817,0.2013,-8.0631,1.8466,0.0,,,,,,
1030,high_level_consolidation_pre_D0,FAILED_BREAKOUT,40,97,,,,,,,,,,,,0.325,0.1856,1.751,2.113,0.932,4.617
1030,high_level_consolidation_pre_D0,NO_LAUNCH,40,12,,,,,,,,,,,,0.325,0.0833,3.9,5.296,0.974,9.952
1030,high_level_consolidation_pre_D0,STRUCTURE_FAIL,40,51,,,,,,,,,,,,0.325,0.098,3.315,4.43,1.56,16.333
1030,high_level_consolidation_pre_D0,ALL_CONTROL,40,160,,,,,,,,,,,,0.325,0.15,2.167,2.728,1.232,5.765
1030,s1_touched_so_far,FAILED_BREAKOUT,40,97,,,,,,,,,,,,0.0,0.0,,,,
1030,s1_touched_so_far,NO_LAUNCH,40,12,,,,,,,,,,,,0.0,0.0,,,,
1030,s1_touched_so_far,STRUCTURE_FAIL,40,51,,,,,,,,,,,,0.0,0.0,,,,
1030,s1_touched_so_far,ALL_CONTROL,40,160,,,,,,,,,,,,0.0,0.0,,,,
1030,support_touched_so_far,FAILED_BREAKOUT,40,97,,,,,,,,,,,,0.55,0.6598,0.834,0.63,0.283,1.316
1030,support_touched_so_far,NO_LAUNCH,40,12,,,,,,,,,,,,0.55,0.25,2.2,3.667,0.971,20.429
1030,support_touched_so_far,STRUCTURE_FAIL,40,51,,,,,,,,,,,,0.55,0.6667,0.825,0.611,0.279,1.369
1030,support_touched_so_far,ALL_CONTROL,40,160,,,,,,,,,,,,0.55,0.6312,0.871,0.714,0.356,1.504
1030,support_broken_so_far,FAILED_BREAKOUT,40,97,,,,,,,,,,,,0.55,0.6495,0.847,0.66,0.293,1.348
1030,support_broken_so_far,NO_LAUNCH,40,12,,,,,,,,,,,,0.55,0.25,2.2,3.667,0.971,20.429
1030,support_broken_so_far,STRUCTURE_FAIL,40,51,,,,,,,,,,,,0.55,0.6667,0.825,0.611,0.279,1.369
1030,support_broken_so_far,ALL_CONTROL,40,160,,,,,,,,,,,,0.55,0.625,0.88,0.733,0.363,1.543
1030,support_reclaimed_so_far,FAILED_BREAKOUT,40,97,,,,,,,,,,,,0.475,0.5464,0.869,0.751,0.394,1.46
1030,support_reclaimed_so_far,NO_LAUNCH,40,12,,,,,,,,,,,,0.475,0.25,1.9,2.714,0.739,12.158
1030,support_reclaimed_so_far,STRUCTURE_FAIL,40,51,,,,,,,,,,,,0.475,0.5098,0.932,0.87,0.364,2.029
1030,support_reclaimed_so_far,ALL_CONTROL,40,160,,,,,,,,,,,,0.475,0.5125,0.927,0.861,0.454,1.735
1030,open_reclaimed_so_far,FAILED_BREAKOUT,40,97,,,,,,,,,,,,0.65,0.6082,1.069,1.196,0.548,2.694
1030,open_reclaimed_so_far,NO_LAUNCH,40,12,,,,,,,,,,,,0.65,0.6667,0.975,0.929,0.216,3.59
1030,open_reclaimed_so_far,STRUCTURE_FAIL,40,51,,,,,,,,,,,,0.65,0.6275,1.036,1.103,0.511,2.667
1030,open_reclaimed_so_far,ALL_CONTROL,40,160,,,,,,,,,,,,0.65,0.6188,1.051,1.144,0.563,2.535
1030,prev_close_reclaimed_so_far,FAILED_BREAKOUT,40,97,,,,,,,,,,,,0.65,0.6495,1.001,1.002,0.457,2.142
1030,prev_close_reclaimed_so_far,NO_LAUNCH,40,12,,,,,,,,,,,,0.65,0.4167,1.56,2.6,0.702,12.0
1030,prev_close_reclaimed_so_far,STRUCTURE_FAIL,40,51,,,,,,,,,,,,0.65,0.549,1.184,1.526,0.712,3.652
1030,prev_close_reclaimed_so_far,ALL_CONTROL,40,160,,,,,,,,,,,,0.65,0.6,1.083,1.238,0.614,2.748
1030,above_vwap_now,FAILED_BREAKOUT,40,97,,,,,,,,,,,,0.5,0.5773,0.866,0.732,0.379,1.479
1030,above_vwap_now,NO_LAUNCH,40,12,,,,,,,,,,,,0.5,0.4167,1.2,1.4,0.386,5.0
1030,above_vwap_now,STRUCTURE_FAIL,40,51,,,,,,,,,,,,0.5,0.3529,1.417,1.833,0.832,3.983
1030,above_vwap_now,ALL_CONTROL,40,160,,,,,,,,,,,,0.5,0.4938,1.013,1.025,0.496,2.121
1030,vwap_reclaimed_after_low,FAILED_BREAKOUT,40,97,,,,,,,,,,,,0.675,0.6186,1.091,1.281,0.577,2.931
1030,vwap_reclaimed_after_low,NO_LAUNCH,40,12,,,,,,,,,,,,0.675,0.8333,0.81,0.415,0.136,1.722
1030,vwap_reclaimed_after_low,STRUCTURE_FAIL,40,51,,,,,,,,,,,,0.675,0.5686,1.187,1.576,0.726,3.833
1030,vwap_reclaimed_after_low,ALL_CONTROL,40,160,,,,,,,,,,,,0.675,0.6188,1.091,1.28,0.623,2.932
1030,d0_new_low_since_anchor_so_far,FAILED_BREAKOUT,40,97,,,,,,,,,,,,0.35,0.2062,1.698,2.073,0.92,4.449
1030,d0_new_low_since_anchor_so_far,NO_LAUNCH,40,12,,,,,,,,,,,,0.35,0.5,0.7,0.538,0.13,1.8
1030,d0_new_low_since_anchor_so_far,STRUCTURE_FAIL,40,51,,,,,,,,,,,,0.35,0.2941,1.19,1.292,0.524,2.863
1030,d0_new_low_since_anchor_so_far,ALL_CONTROL,40,160,,,,,,,,,,,,0.35,0.2562,1.366,1.563,0.737,3.177
1130,s1,FAILED_BREAKOUT,40,97,15.02,9.2575,21.805,20.79,12.25,37.95,-5.77,0.2789,-11.062,-0.7311,0.0,,,,,,
1130,s1,NO_LAUNCH,40,12,15.02,9.2575,21.805,13.9,11.5675,34.555,1.12,0.1771,-28.2765,6.6936,0.0,,,,,,
1130,s1,STRUCTURE_FAIL,40,51,15.02,9.2575,21.805,15.54,10.835,24.62,-0.52,0.0941,-6.0909,5.175,0.0,,,,,,
1130,s1,ALL_CONTROL,40,160,15.02,9.2575,21.805,18.615,11.72,32.1825,-3.595,0.2123,-8.8564,1.8534,0.0,,,,,,
1130,invalid,FAILED_BREAKOUT,40,97,13.44,8.0475,19.7525,18.75,10.78,33.46,-5.31,0.282,-9.8599,-0.6459,0.0,,,,,,
1130,invalid,NO_LAUNCH,40,12,13.44,8.0475,19.7525,11.885,9.7625,27.9525,1.555,0.1,-19.015,6.6552,0.0,,,,,,
1130,invalid,STRUCTURE_FAIL,40,51,13.44,8.0475,19.7525,13.53,8.955,22.615,-0.09,0.0672,-5.34,4.891,0.0,,,,,,
1130,invalid,ALL_CONTROL,40,160,13.44,8.0475,19.7525,16.18,10.2,29.8,-2.74,0.1998,-7.9189,1.8825,0.0,,,,,,
1130,D1_close,FAILED_BREAKOUT,40,97,13.91,8.515,20.5575,18.74,11.39,35.55,-4.83,0.283,-9.8569,-0.4948,0.0,,,,,,
1130,D1_close,NO_LAUNCH,40,12,13.91,8.515,20.5575,12.215,9.78,31.85,1.695,0.1458,-26.227,6.5784,0.0,,,,,,
1130,D1_close,STRUCTURE_FAIL,40,51,13.91,8.515,20.5575,14.25,9.495,22.525,-0.34,0.0721,-5.5991,4.55,0.0,,,,,,
1130,D1_close,ALL_CONTROL,40,160,13.91,8.515,20.5575,16.985,10.715,30.855,-3.075,0.2055,-7.8555,1.7076,0.0,,,,,,
1130,D1_volume,FAILED_BREAKOUT,40,97,38378271.0,21600997.75,88396361.5,27585410.0,12836496.0,61045791.0,10792861.0,-0.2211,-3454678.55,38190319.5,0.0,,,,,,
1130,D1_volume,NO_LAUNCH,40,12,38378271.0,21600997.75,88396361.5,32690851.0,8298818.5,42421264.0,5687420.0,-0.3542,-8459176.65,43700418.7625,0.0,,,,,,
1130,D1_volume,STRUCTURE_FAIL,40,51,38378271.0,21600997.75,88396361.5,24452300.0,14205952.0,59077579.5,13925971.0,-0.2569,-3970581.0,37121887.6625,0.0,,,,,,
1130,D1_volume,ALL_CONTROL,40,160,38378271.0,21600997.75,88396361.5,27464760.5,12291668.5,59786917.5,10913510.5,-0.2425,-1191392.1375,44524682.8,0.0,,,,,,
1130,D1_upper_shadow_pct,FAILED_BREAKOUT,40,97,1.6802,0.0,2.2929,0.0,0.0,0.7242,1.6802,-0.3211,0.0,2.0661,0.0,,,,,,
1130,D1_upper_shadow_pct,NO_LAUNCH,40,12,1.6802,0.0,2.2929,1.258,0.0552,1.9251,0.4222,-0.0604,-1.5518,1.7784,0.0,,,,,,
1130,D1_upper_shadow_pct,STRUCTURE_FAIL,40,51,1.6802,0.0,2.2929,0.0,0.0,1.0797,1.6802,-0.3113,0.0,2.0903,0.0,,,,,,
1130,D1_upper_shadow_pct,ALL_CONTROL,40,160,1.6802,0.0,2.2929,0.0,0.0,1.1674,1.6802,-0.2984,0.0,2.0774,0.0,,,,,,
1130,D1_close_location,FAILED_BREAKOUT,40,97,0.222,0.0805,1.0,1.0,0.295,1.0,-0.778,0.332,-0.8955,0.0,0.0,,,,,,
1130,D1_close_location,NO_LAUNCH,40,12,0.222,0.0805,1.0,0.288,0.057,0.9835,-0.066,-0.1021,-0.7568,0.602,0.0,,,,,,
1130,D1_close_location,STRUCTURE_FAIL,40,51,0.222,0.0805,1.0,1.0,0.177,1.0,-0.778,0.2162,-0.8955,0.0,0.0,,,,,,
1130,D1_close_location,ALL_CONTROL,40,160,0.222,0.0805,1.0,1.0,0.2273,1.0,-0.778,0.2625,-0.889,0.0,0.0,,,,,,
1130,dist_D1_close_to_s1_pct,FAILED_BREAKOUT,40,97,-7.8255,-10.3963,-5.4528,-7.174,-9.7053,-5.2,-0.6515,0.1113,-2.098,1.2709,0.0,,,,,,
1130,dist_D1_close_to_s1_pct,NO_LAUNCH,40,12,-7.8255,-10.3963,-5.4528,-9.5171,-16.7256,-7.9345,1.6916,-0.3458,-0.3806,9.0924,0.0,,,,,,
1130,dist_D1_close_to_s1_pct,STRUCTURE_FAIL,40,51,-7.8255,-10.3963,-5.4528,-9.5538,-11.9075,-6.5019,1.7283,-0.2147,-0.3001,3.7519,0.0,,,,,,
1130,dist_D1_close_to_s1_pct,ALL_CONTROL,40,160,-7.8255,-10.3963,-5.4528,-7.874,-11.0682,-5.7075,0.0485,-0.0269,-1.3246,1.8812,0.0,,,,,,
1130,dist_D1_close_to_support_pct,FAILED_BREAKOUT,40,97,0.6732,-0.2964,3.1082,0.2036,-0.2195,4.1467,0.4696,0.0191,-1.0612,2.1712,0.0,,,,,,
1130,dist_D1_close_to_support_pct,NO_LAUNCH,40,12,0.6732,-0.2964,3.1082,5.7976,2.7759,13.3344,-5.1243,0.45,-13.5385,-0.0168,0.0,,,,,,
1130,dist_D1_close_to_support_pct,STRUCTURE_FAIL,40,51,0.6732,-0.2964,3.1082,0.7866,-0.6988,4.4425,-0.1134,0.0265,-2.1346,2.0619,0.0,,,,,,
1130,dist_D1_close_to_support_pct,ALL_CONTROL,40,160,0.6732,-0.2964,3.1082,0.6419,-0.2886,4.8383,0.0313,0.0537,-1.4222,2.0902,0.0,,,,,,
1130,dist_D1_close_to_invalid_pct,FAILED_BREAKOUT,40,97,1.8796,0.4904,4.1686,0.9183,0.4875,5.307,0.9613,-0.0119,-1.4637,2.5018,0.0,,,,,,
1130,dist_D1_close_to_invalid_pct,NO_LAUNCH,40,12,1.8796,0.4904,4.1686,6.9767,3.3286,14.1151,-5.0971,0.4375,-13.2495,0.0176,0.0,,,,,,
1130,dist_D1_close_to_invalid_pct,STRUCTURE_FAIL,40,51,1.8796,0.4904,4.1686,2.1254,0.4792,4.9866,-0.2458,0.0098,-2.0201,2.2019,0.0,,,,,,
1130,dist_D1_close_to_invalid_pct,ALL_CONTROL,40,160,1.8796,0.4904,4.1686,1.6545,0.4867,5.74,0.2251,0.0288,-1.7035,2.226,0.0,,,,,,
1130,pullback_volume_dry_up_pre_D0,FAILED_BREAKOUT,25,35,1.231,1.0324,1.4271,1.2824,1.0119,1.5483,-0.0514,0.0949,-0.2766,0.1581,0.375,,,,,,
1130,pullback_volume_dry_up_pre_D0,NO_LAUNCH,25,9,1.231,1.0324,1.4271,0.9015,0.6461,1.0816,0.3295,-0.4222,-0.1115,0.6398,0.375,,,,,,
1130,pullback_volume_dry_up_pre_D0,STRUCTURE_FAIL,25,20,1.231,1.0324,1.4271,1.0961,0.9382,1.4599,0.1349,-0.084,-0.1624,0.3217,0.375,,,,,,
1130,pullback_volume_dry_up_pre_D0,ALL_CONTROL,25,64,1.231,1.0324,1.4271,1.1586,0.9361,1.477,0.0724,-0.0337,-0.1702,0.2573,0.375,,,,,,
1130,probe_count_pre_D0,FAILED_BREAKOUT,40,97,0.0,0.0,1.0,0.0,0.0,1.0,0.0,-0.108,0.0,0.5,0.0,,,,,,
1130,probe_count_pre_D0,NO_LAUNCH,40,12,0.0,0.0,1.0,0.5,0.0,1.25,-0.5,0.1854,-1.5,0.0,0.0,,,,,,
1130,probe_count_pre_D0,STRUCTURE_FAIL,40,51,0.0,0.0,1.0,0.0,0.0,1.0,0.0,-0.0608,0.0,0.5,0.0,,,,,,
1130,probe_count_pre_D0,ALL_CONTROL,40,160,0.0,0.0,1.0,0.0,0.0,1.0,0.0,-0.0709,0.0,0.5,0.0,,,,,,
1130,closest_high_to_s1_pre_D0_pct,FAILED_BREAKOUT,25,35,-2.2685,-6.2017,0.0,0.0,-4.1989,0.2021,-2.2685,0.2183,-5.2386,2.0274,0.375,,,,,,
1130,closest_high_to_s1_pre_D0_pct,NO_LAUNCH,25,9,-2.2685,-6.2017,0.0,-2.4513,-8.0537,-1.1155,0.1828,-0.3067,-3.1298,10.9155,0.375,,,,,,
1130,closest_high_to_s1_pre_D0_pct,STRUCTURE_FAIL,25,20,-2.2685,-6.2017,0.0,-2.157,-5.4459,0.0,-0.1115,0.008,-4.2453,4.6295,0.375,,,,,,
1130,closest_high_to_s1_pre_D0_pct,ALL_CONTROL,25,64,-2.2685,-6.2017,0.0,-1.336,-5.2344,0.0,-0.9325,0.0787,-3.935,2.482,0.375,,,,,,
1130,pre_D0_min_low,FAILED_BREAKOUT,25,35,14.61,7.6,23.3,21.05,10.91,69.99,-6.44,0.2983,-26.27,2.2215,0.375,,,,,,
1130,pre_D0_min_low,NO_LAUNCH,25,9,14.61,7.6,23.3,16.4,9.74,43.3,-1.79,0.2044,-49.42,8.9295,0.375,,,,,,
1130,pre_D0_min_low,STRUCTURE_FAIL,25,20,14.61,7.6,23.3,13.965,10.37,24.52,0.645,0.072,-6.731,7.0,0.375,,,,,,
1130,pre_D0_min_low,ALL_CONTROL,25,64,14.61,7.6,23.3,17.35,10.0625,45.79,-2.74,0.2144,-11.7,4.5722,0.375,,,,,,
1130,d0_open,FAILED_BREAKOUT,40,97,14.0,8.6625,20.8425,18.89,11.2,35.03,-4.89,0.2799,-10.1028,-0.599,0.0,,,,,,
1130,d0_open,NO_LAUNCH,40,12,14.0,8.6625,20.8425,12.22,9.69,31.44,1.78,0.1333,-25.5562,6.6677,0.0,,,,,,
1130,d0_open,STRUCTURE_FAIL,40,51,14.0,8.6625,20.8425,14.12,9.405,22.735,-0.12,0.0706,-5.6779,4.53,0.0,,,,,,
1130,d0_open,ALL_CONTROL,40,160,14.0,8.6625,20.8425,16.845,10.53,30.8325,-2.845,0.2022,-7.8068,1.9355,0.0,,,,,,
1130,prev_close,FAILED_BREAKOUT,40,97,13.91,8.515,20.5575,18.74,11.39,35.55,-4.83,0.283,-9.8569,-0.4948,0.0,,,,,,
1130,prev_close,NO_LAUNCH,40,12,13.91,8.515,20.5575,12.215,9.78,31.85,1.695,0.1458,-26.227,6.5784,0.0,,,,,,
1130,prev_close,STRUCTURE_FAIL,40,51,13.91,8.515,20.5575,14.25,9.495,22.525,-0.34,0.0721,-5.5991,4.55,0.0,,,,,,
1130,prev_close,ALL_CONTROL,40,160,13.91,8.515,20.5575,16.985,10.715,30.855,-3.075,0.2055,-7.8555,1.7076,0.0,,,,,,
1130,anchor_volume,FAILED_BREAKOUT,40,97,34400680.0,20753255.25,88258304.0,23968869.0,10048904.0,59367293.0,10431811.0,-0.2124,-783196.0,29472921.8,0.0,,,,,,
1130,anchor_volume,NO_LAUNCH,40,12,34400680.0,20753255.25,88258304.0,32472144.5,9585006.25,36957980.0,1928535.5,-0.2833,-9125916.0,36104441.0,0.0,,,,,,
1130,anchor_volume,STRUCTURE_FAIL,40,51,34400680.0,20753255.25,88258304.0,23851203.0,9866050.0,60878530.0,10549477.0,-0.2196,-6820401.675,29799121.975,0.0,,,,,,
1130,anchor_volume,ALL_CONTROL,40,160,34400680.0,20753255.25,88258304.0,24103611.0,9934030.5,58467182.0,10297069.0,-0.22,-667990.8875,36267876.3125,0.0,,,,,,
1130,price_to_s1_pct,FAILED_BREAKOUT,40,97,-6.7689,-8.937,-4.8704,-6.0038,-8.433,-4.6814,-0.7651,0.1363,-2.5494,0.3978,0.0,,,,,,
1130,price_to_s1_pct,NO_LAUNCH,40,12,-6.7689,-8.937,-4.8704,-8.7982,-16.1095,-8.1289,2.0293,-0.4771,0.0662,9.5303,0.0,,,,,,
1130,price_to_s1_pct,STRUCTURE_FAIL,40,51,-6.7689,-8.937,-4.8704,-7.9522,-12.1665,-6.2782,1.1833,-0.2833,-1.001,3.1326,0.0,,,,,,
1130,price_to_s1_pct,ALL_CONTROL,40,160,-6.7689,-8.937,-4.8704,-7.0114,-9.3476,-5.0474,0.2425,-0.0434,-1.5458,1.1989,0.0,,,,,,
1130,session_high_to_s1_pct,FAILED_BREAKOUT,40,97,-4.2478,-6.7901,-2.7262,-4.0683,-5.367,-2.7298,-0.1795,0.1366,-1.6878,0.8168,0.0,,,,,,
1130,session_high_to_s1_pct,NO_LAUNCH,40,12,-4.2478,-6.7901,-2.7262,-7.1856,-10.7369,-5.1219,2.9378,-0.5083,-0.0126,7.4228,0.0,,,,,,
1130,session_high_to_s1_pct,STRUCTURE_FAIL,40,51,-4.2478,-6.7901,-2.7262,-4.9797,-8.5505,-2.8564,0.7319,-0.1304,-1.1229,2.4569,0.0,,,,,,
1130,session_high_to_s1_pct,ALL_CONTROL,40,160,-4.2478,-6.7901,-2.7262,-4.315,-6.3322,-2.8413,0.0672,0.0031,-1.4286,1.1504,0.0,,,,,,
1130,best_distance_to_s1_so_far_pct,FAILED_BREAKOUT,40,97,-7.3994,-10.7312,-6.0473,-7.6864,-9.6442,-5.5777,0.287,0.0485,-1.7744,1.5027,0.0,,,,,,
1130,best_distance_to_s1_so_far_pct,NO_LAUNCH,40,12,-7.3994,-10.7312,-6.0473,-11.7546,-16.5493,-8.9444,4.3552,-0.5375,0.6565,9.3921,0.0,,,,,,
1130,best_distance_to_s1_so_far_pct,STRUCTURE_FAIL,40,51,-7.3994,-10.7312,-6.0473,-9.8947,-12.7379,-7.5348,2.4954,-0.3235,-0.0461,4.6356,0.0,,,,,,
1130,best_distance_to_s1_so_far_pct,ALL_CONTROL,40,160,-7.3994,-10.7312,-6.0473,-8.6158,-11.5371,-6.1001,1.2165,-0.1141,-0.8443,2.3829,0.0,,,,,,
1130,s1_cross_count_so_far,FAILED_BREAKOUT,40,97,0.0,0.0,0.0,0.0,0.0,0.0,0.0,0.0,0.0,0.0,0.0,,,,,,
1130,s1_cross_count_so_far,NO_LAUNCH,40,12,0.0,0.0,0.0,0.0,0.0,0.0,0.0,0.0,0.0,0.0,0.0,,,,,,
1130,s1_cross_count_so_far,STRUCTURE_FAIL,40,51,0.0,0.0,0.0,0.0,0.0,0.0,0.0,0.0,0.0,0.0,0.0,,,,,,
1130,s1_cross_count_so_far,ALL_CONTROL,40,160,0.0,0.0,0.0,0.0,0.0,0.0,0.0,0.0,0.0,0.0,0.0,,,,,,
1130,s1_reject_count_so_far,FAILED_BREAKOUT,40,97,0.0,0.0,0.0,0.0,0.0,0.0,0.0,0.0,0.0,0.0,0.0,,,,,,
1130,s1_reject_count_so_far,NO_LAUNCH,40,12,0.0,0.0,0.0,0.0,0.0,0.0,0.0,0.0,0.0,0.0,0.0,,,,,,
1130,s1_reject_count_so_far,STRUCTURE_FAIL,40,51,0.0,0.0,0.0,0.0,0.0,0.0,0.0,0.0,0.0,0.0,0.0,,,,,,
1130,s1_reject_count_so_far,ALL_CONTROL,40,160,0.0,0.0,0.0,0.0,0.0,0.0,0.0,0.0,0.0,0.0,0.0,,,,,,
1130,price_to_support_pct,FAILED_BREAKOUT,40,97,2.4131,0.8669,4.3767,2.2294,1.0803,3.892,0.1837,-0.0077,-0.9128,0.9984,0.0,,,,,,
1130,price_to_support_pct,NO_LAUNCH,40,12,2.4131,0.8669,4.3767,4.6677,3.4867,10.5137,-2.2546,0.4917,-9.9674,-0.4171,0.0,,,,,,
1130,price_to_support_pct,STRUCTURE_FAIL,40,51,2.4131,0.8669,4.3767,1.5648,0.6848,3.609,0.8483,-0.0951,-0.5357,1.7458,0.0,,,,,,
1130,price_to_support_pct,ALL_CONTROL,40,160,2.4131,0.8669,4.3767,2.2731,0.9546,4.1106,0.14,0.0019,-0.8108,1.0026,0.0,,,,,,
1130,price_to_invalid_pct,FAILED_BREAKOUT,40,97,3.4588,1.7549,4.896,3.0738,1.6529,5.0132,0.385,-0.0356,-0.8339,1.3131,0.0,,,,,,
1130,price_to_invalid_pct,NO_LAUNCH,40,12,3.4588,1.7549,4.896,5.3331,4.5447,11.6595,-1.8744,0.5042,-9.6754,-0.5898,0.0,,,,,,
1130,price_to_invalid_pct,STRUCTURE_FAIL,40,51,3.4588,1.7549,4.896,2.4889,1.4252,4.5327,0.9699,-0.1206,-0.369,1.7598,0.0,,,,,,
1130,price_to_invalid_pct,ALL_CONTROL,40,160,3.4588,1.7549,4.896,3.0084,1.6485,5.0189,0.4504,-0.0222,-0.5989,1.3886,0.0,,,,,,
1130,session_low_to_support_pct,FAILED_BREAKOUT,40,97,-0.4002,-1.6921,1.0771,-1.2209,-2.9126,0.8256,0.8207,-0.1655,-0.3041,1.9179,0.0,,,,,,
1130,session_low_to_support_pct,NO_LAUNCH,40,12,-0.4002,-1.6921,1.0771,2.7404,0.1535,8.8441,-3.1406,0.4667,-9.6409,-0.2861,0.0,,,,,,
1130,session_low_to_support_pct,STRUCTURE_FAIL,40,51,-0.4002,-1.6921,1.0771,-1.7341,-2.644,0.3586,1.3339,-0.2059,-0.3862,2.3801,0.0,,,,,,
1130,session_low_to_support_pct,ALL_CONTROL,40,160,-0.4002,-1.6921,1.0771,-1.023,-2.7084,0.9892,0.6228,-0.1309,-0.2988,1.8622,0.0,,,,,,
1130,minutes_since_support_touch,FAILED_BREAKOUT,24,64,115.0,115.0,115.0,115.0,115.0,115.0,0.0,0.026,0.0,0.0,0.4,,,,,,
1130,minutes_since_support_touch,STRUCTURE_FAIL,24,36,115.0,115.0,115.0,115.0,115.0,115.0,0.0,-0.0556,0.0,0.0,0.4,,,,,,
1130,minutes_since_support_touch,ALL_CONTROL,24,103,115.0,115.0,115.0,115.0,115.0,115.0,0.0,0.0016,0.0,0.0,0.4,,,,,,
1130,minutes_from_support_low_to_reclaim,FAILED_BREAKOUT,23,56,5.0,5.0,5.0,5.0,5.0,5.0,0.0,-0.052,0.0,0.0,0.425,,,,,,
1130,minutes_from_support_low_to_reclaim,STRUCTURE_FAIL,23,29,5.0,5.0,5.0,5.0,5.0,10.0,0.0,0.0495,-5.0,0.0,0.425,,,,,,
1130,minutes_from_support_low_to_reclaim,ALL_CONTROL,23,88,5.0,5.0,5.0,5.0,5.0,10.0,0.0,-0.002,0.0,0.0,0.425,,,,,,
1130,price_after_support_reclaim_pct,FAILED_BREAKOUT,23,56,1.1958,0.0661,2.7143,2.0542,1.0497,2.947,-0.8584,0.1724,-1.6351,0.7157,0.425,,,,,,
1130,price_after_support_reclaim_pct,STRUCTURE_FAIL,23,29,1.1958,0.0661,2.7143,1.4353,0.9085,2.484,-0.2395,0.1064,-1.3351,1.1111,0.425,,,,,,
1130,price_after_support_reclaim_pct,ALL_CONTROL,23,88,1.1958,0.0661,2.7143,1.7984,0.9354,2.7756,-0.6026,0.1482,-1.4854,0.8422,0.425,,,,,,
1130,drawdown_from_open_pct,FAILED_BREAKOUT,40,97,-1.8074,-2.7698,-1.2286,-2.3374,-3.8961,-0.8499,0.5301,-0.15,-0.0997,1.1543,0.0,,,,,,
1130,drawdown_from_open_pct,NO_LAUNCH,40,12,-1.8074,-2.7698,-1.2286,-1.2473,-3.0118,-0.6991,-0.56,0.075,-1.1967,1.2411,0.0,,,,,,
1130,drawdown_from_open_pct,STRUCTURE_FAIL,40,51,-1.8074,-2.7698,-1.2286,-1.9144,-3.5703,-1.1027,0.1071,-0.1314,-0.4653,1.0839,0.0,,,,,,
1130,drawdown_from_open_pct,ALL_CONTROL,40,160,-1.8074,-2.7698,-1.2286,-2.0334,-3.628,-0.9635,0.226,-0.1272,-0.1619,0.8897,0.0,,,,,,
1130,session_low_pct_vs_prev_close,FAILED_BREAKOUT,40,97,-1.8043,-3.0438,0.0,-2.3715,-4.0159,-1.0139,0.5672,-0.2655,-0.2267,1.787,0.0,,,,,,
1130,session_low_pct_vs_prev_close,NO_LAUNCH,40,12,-1.8043,-3.0438,0.0,-2.057,-4.1489,-1.3485,0.2526,-0.3042,-0.7028,2.706,0.0,,,,,,
1130,session_low_pct_vs_prev_close,STRUCTURE_FAIL,40,51,-1.8043,-3.0438,0.0,-2.452,-4.1938,-1.4975,0.6477,-0.3373,-0.0274,2.1396,0.0,,,,,,
1130,session_low_pct_vs_prev_close,ALL_CONTROL,40,160,-1.8043,-3.0438,0.0,-2.3979,-4.1228,-1.2187,0.5936,-0.2912,-0.1719,1.6391,0.0,,,,,,
1130,recovery_from_session_low_pct,FAILED_BREAKOUT,40,97,2.3651,1.1576,3.6414,3.3271,1.7831,4.6003,-0.9621,0.25,-1.7782,-0.0084,0.0,,,,,,
1130,recovery_from_session_low_pct,NO_LAUNCH,40,12,2.3651,1.1576,3.6414,2.7865,1.5347,3.8307,-0.4215,0.0917,-1.6566,1.3451,0.0,,,,,,
1130,recovery_from_session_low_pct,STRUCTURE_FAIL,40,51,2.3651,1.1576,3.6414,3.1153,1.5507,4.2998,-0.7502,0.1593,-1.638,0.4755,0.0,,,,,,
1130,recovery_from_session_low_pct,ALL_CONTROL,40,160,2.3651,1.1576,3.6414,3.186,1.6818,4.3059,-0.8209,0.2092,-1.6204,0.0379,0.0,,,,,,
1130,recovery_fraction_of_drawdown,FAILED_BREAKOUT,39,85,1.3898,0.702,2.4667,1.1961,0.5614,2.2083,0.1937,-0.0745,-0.1603,0.7481,0.025,,,,,,
1130,recovery_fraction_of_drawdown,NO_LAUNCH,39,12,1.3898,0.702,2.4667,1.6111,0.9166,4.4821,-0.2213,0.1517,-3.0394,0.7403,0.025,,,,,,
1130,recovery_fraction_of_drawdown,STRUCTURE_FAIL,39,49,1.3898,0.702,2.4667,1.3281,0.4213,3.0,0.0617,-0.0408,-0.6667,0.976,0.025,,,,,,
1130,recovery_fraction_of_drawdown,ALL_CONTROL,39,146,1.3898,0.702,2.4667,1.2786,0.5499,2.5586,0.1112,-0.0446,-0.2181,0.6199,0.025,,,,,,
1130,minutes_low_to_open_reclaim,FAILED_BREAKOUT,33,75,5.0,5.0,10.0,5.0,5.0,15.0,0.0,0.04,0.0,0.0,0.175,,,,,,
1130,minutes_low_to_open_reclaim,NO_LAUNCH,33,11,5.0,5.0,10.0,5.0,5.0,17.5,0.0,0.1543,-20.0,0.0,0.175,,,,,,
1130,minutes_low_to_open_reclaim,STRUCTURE_FAIL,33,34,5.0,5.0,10.0,5.0,5.0,5.0,0.0,-0.0927,0.0,0.0,0.175,,,,,,
1130,minutes_low_to_open_reclaim,ALL_CONTROL,33,120,5.0,5.0,10.0,5.0,5.0,10.0,0.0,0.0129,0.0,0.0,0.175,,,,,,
1130,minutes_low_to_prev_close_reclaim,FAILED_BREAKOUT,32,70,5.0,5.0,11.25,5.0,5.0,8.75,0.0,-0.0732,0.0,0.0,0.2,,,,,,
1130,minutes_low_to_prev_close_reclaim,NO_LAUNCH,32,9,5.0,5.0,11.25,10.0,5.0,25.0,-5.0,0.2396,-55.0,0.0,0.2,,,,,,
1130,minutes_low_to_prev_close_reclaim,STRUCTURE_FAIL,32,31,5.0,5.0,11.25,5.0,5.0,10.0,0.0,-0.0484,0.0,0.0,0.2,,,,,,
1130,minutes_low_to_prev_close_reclaim,ALL_CONTROL,32,110,5.0,5.0,11.25,5.0,5.0,10.0,0.0,-0.0406,0.0,2.5,0.2,,,,,,
1130,price_vs_vwap_pct,FAILED_BREAKOUT,40,97,-0.1628,-0.9947,0.943,0.2481,-0.6477,1.143,-0.4108,0.1216,-1.0109,0.479,0.0,,,,,,
1130,price_vs_vwap_pct,NO_LAUNCH,40,12,-0.1628,-0.9947,0.943,0.2053,-0.7487,0.9422,-0.368,0.0542,-1.2393,1.0589,0.0,,,,,,
1130,price_vs_vwap_pct,STRUCTURE_FAIL,40,51,-0.1628,-0.9947,0.943,-0.1924,-0.9355,0.7134,0.0296,-0.05,-0.6585,1.1698,0.0,,,,,,
1130,price_vs_vwap_pct,ALL_CONTROL,40,160,-0.1628,-0.9947,0.943,0.1588,-0.7766,0.8991,-0.3216,0.0619,-0.8851,0.567,0.0,,,,,,
1130,minutes_low_to_vwap_reclaim,FAILED_BREAKOUT,27,76,15.0,7.5,25.0,15.0,5.0,30.0,0.0,0.0492,-10.0,10.0,0.325,,,,,,
1130,minutes_low_to_vwap_reclaim,NO_LAUNCH,27,10,15.0,7.5,25.0,22.5,6.25,33.75,-7.5,0.1407,-27.5,12.5,0.325,,,,,,
1130,minutes_low_to_vwap_reclaim,STRUCTURE_FAIL,27,32,15.0,7.5,25.0,15.0,5.0,40.0,0.0,0.0845,-21.3125,15.0,0.325,,,,,,
1130,minutes_low_to_vwap_reclaim,ALL_CONTROL,27,118,15.0,7.5,25.0,15.0,5.0,35.0,0.0,0.0665,-10.0,10.0,0.325,,,,,,
1130,pct_bars_above_vwap_since_low,FAILED_BREAKOUT,40,97,52.085,19.79,87.5,66.67,25.0,87.5,-14.585,0.0809,-37.899,20.3954,0.0,,,,,,
1130,pct_bars_above_vwap_since_low,NO_LAUNCH,40,12,52.085,19.79,87.5,52.085,36.4575,67.9175,0.0,0.025,-31.59,31.1122,0.0,,,,,,
1130,pct_bars_above_vwap_since_low,STRUCTURE_FAIL,40,51,52.085,19.79,87.5,33.33,10.415,64.585,18.755,-0.1593,-8.9577,46.425,0.0,,,,,,
1130,pct_bars_above_vwap_since_low,ALL_CONTROL,40,160,52.085,19.79,87.5,50.0,21.5125,83.33,2.085,0.0002,-23.5739,27.3816,0.0,,,,,,
1130,vwap_rebreak_count_after_low,FAILED_BREAKOUT,40,97,1.0,0.0,2.0,1.0,0.0,2.0,0.0,0.057,-1.0,0.0,0.0,,,,,,
1130,vwap_rebreak_count_after_low,NO_LAUNCH,40,12,1.0,0.0,2.0,1.0,0.75,2.0,0.0,0.1188,-1.0,1.0,0.0,,,,,,
1130,vwap_rebreak_count_after_low,STRUCTURE_FAIL,40,51,1.0,0.0,2.0,1.0,0.0,2.0,0.0,0.0348,-1.0,1.0,0.0,,,,,,
1130,vwap_rebreak_count_after_low,ALL_CONTROL,40,160,1.0,0.0,2.0,1.0,0.0,2.0,0.0,0.0545,-1.0,0.0,0.0,,,,,,
1130,vwap_reclaim_count_after_low,FAILED_BREAKOUT,40,97,1.0,0.0,2.0,1.0,1.0,2.0,0.0,0.1232,-1.0,0.0,0.0,,,,,,
1130,vwap_reclaim_count_after_low,NO_LAUNCH,40,12,1.0,0.0,2.0,1.0,0.75,2.0,0.0,0.0563,-1.0,1.0,0.0,,,,,,
1130,vwap_reclaim_count_after_low,STRUCTURE_FAIL,40,51,1.0,0.0,2.0,1.0,0.0,2.0,0.0,0.0186,-1.0,1.0,0.0,,,,,,
1130,vwap_reclaim_count_after_low,ALL_CONTROL,40,160,1.0,0.0,2.0,1.0,0.0,2.0,0.0,0.0848,-1.0,0.5,0.0,,,,,,
1130,closest_high_to_s1_pct_so_far,FAILED_BREAKOUT,40,97,-7.3994,-10.7312,-6.0473,-7.6864,-9.6442,-5.5777,0.287,0.0485,-1.7744,1.5027,0.0,,,,,,
1130,closest_high_to_s1_pct_so_far,NO_LAUNCH,40,12,-7.3994,-10.7312,-6.0473,-11.7546,-16.5493,-8.9444,4.3552,-0.5375,0.6565,9.3921,0.0,,,,,,
1130,closest_high_to_s1_pct_so_far,STRUCTURE_FAIL,40,51,-7.3994,-10.7312,-6.0473,-9.8947,-12.7379,-7.5348,2.4954,-0.3235,-0.0461,4.6356,0.0,,,,,,
1130,closest_high_to_s1_pct_so_far,ALL_CONTROL,40,160,-7.3994,-10.7312,-6.0473,-8.6158,-11.5371,-6.1001,1.2165,-0.1141,-0.8443,2.3829,0.0,,,,,,
1130,number_of_intraday_local_highs,FAILED_BREAKOUT,40,97,2.0,1.0,4.0,2.0,1.0,4.0,0.0,0.074,-1.0,0.0,0.0,,,,,,
1130,number_of_intraday_local_highs,NO_LAUNCH,40,12,2.0,1.0,4.0,3.0,1.0,3.0,-1.0,0.1188,-2.0,1.0,0.0,,,,,,
1130,number_of_intraday_local_highs,STRUCTURE_FAIL,40,51,2.0,1.0,4.0,2.0,1.0,3.0,0.0,-0.026,-1.0,1.0,0.0,,,,,,
1130,number_of_intraday_local_highs,ALL_CONTROL,40,160,2.0,1.0,4.0,2.0,1.0,4.0,0.0,0.0455,-1.0,0.0,0.0,,,,,,
1130,local_high_progression_pct,FAILED_BREAKOUT,40,97,2.9211,2.3506,4.268,2.9095,1.7905,4.4586,0.0116,-0.0057,-0.657,1.0013,0.0,,,,,,
1130,local_high_progression_pct,NO_LAUNCH,40,12,2.9211,2.3506,4.268,2.9085,2.2804,4.4299,0.0126,0.0417,-3.2939,1.025,0.0,,,,,,
1130,local_high_progression_pct,STRUCTURE_FAIL,40,51,2.9211,2.3506,4.268,4.0174,1.5089,6.0296,-1.0963,0.1775,-2.0323,-0.0967,0.0,,,,,,
1130,local_high_progression_pct,ALL_CONTROL,40,160,2.9211,2.3506,4.268,3.2801,1.8061,5.0958,-0.359,0.0563,-0.8818,0.6714,0.0,,,,,,
1130,high_progression_pct,FAILED_BREAKOUT,40,97,2.9211,2.3506,4.268,2.9095,1.7905,4.4586,0.0116,-0.0057,-0.657,1.0013,0.0,,,,,,
1130,high_progression_pct,NO_LAUNCH,40,12,2.9211,2.3506,4.268,2.9085,2.2804,4.4299,0.0126,0.0417,-3.2939,1.025,0.0,,,,,,
1130,high_progression_pct,STRUCTURE_FAIL,40,51,2.9211,2.3506,4.268,4.0174,1.5089,6.0296,-1.0963,0.1775,-2.0323,-0.0967,0.0,,,,,,
1130,high_progression_pct,ALL_CONTROL,40,160,2.9211,2.3506,4.268,3.2801,1.8061,5.0958,-0.359,0.0563,-0.8818,0.6714,0.0,,,,,,
1130,probe_v01_compat,FAILED_BREAKOUT,40,97,0.0,0.0,0.0,0.0,0.0,0.0,0.0,0.0,0.0,0.0,0.0,,,,,,
1130,probe_v01_compat,NO_LAUNCH,40,12,0.0,0.0,0.0,0.0,0.0,0.0,0.0,0.0,0.0,0.0,0.0,,,,,,
1130,probe_v01_compat,STRUCTURE_FAIL,40,51,0.0,0.0,0.0,0.0,0.0,0.0,0.0,0.0,0.0,0.0,0.0,,,,,,
1130,probe_v01_compat,ALL_CONTROL,40,160,0.0,0.0,0.0,0.0,0.0,0.0,0.0,0.0,0.0,0.0,0.0,,,,,,
1130,continuous_s1_approach,FAILED_BREAKOUT,40,97,-7.3994,-10.7312,-6.0473,-7.6864,-9.6442,-5.5777,0.287,0.0485,-1.7744,1.5027,0.0,,,,,,
1130,continuous_s1_approach,NO_LAUNCH,40,12,-7.3994,-10.7312,-6.0473,-11.7546,-16.5493,-8.9444,4.3552,-0.5375,0.6565,9.3921,0.0,,,,,,
1130,continuous_s1_approach,STRUCTURE_FAIL,40,51,-7.3994,-10.7312,-6.0473,-9.8947,-12.7379,-7.5348,2.4954,-0.3235,-0.0461,4.6356,0.0,,,,,,
1130,continuous_s1_approach,ALL_CONTROL,40,160,-7.3994,-10.7312,-6.0473,-8.6158,-11.5371,-6.1001,1.2165,-0.1141,-0.8443,2.3829,0.0,,,,,,
1130,cum_volume,FAILED_BREAKOUT,40,97,33199463.5,11365927.5,56308815.0,18222100.0,9784000.0,59670299.0,14977363.5,-0.1041,-4348155.7625,24994090.9625,0.0,,,,,,
1130,cum_volume,NO_LAUNCH,40,12,33199463.5,11365927.5,56308815.0,16773880.5,4137375.0,29057190.75,16425583.0,-0.3792,-4409800.7375,32995884.125,0.0,,,,,,
1130,cum_volume,STRUCTURE_FAIL,40,51,33199463.5,11365927.5,56308815.0,27216955.0,11351250.0,44477671.0,5982508.5,-0.0863,-9821370.15,16743813.1,0.0,,,,,,
1130,cum_volume,ALL_CONTROL,40,160,33199463.5,11365927.5,56308815.0,22499408.0,9318790.25,47907405.5,10700055.5,-0.1191,-5112206.1125,21790511.325,0.0,,,,,,
1130,cum_volume_vs_D1_ratio,FAILED_BREAKOUT,40,97,0.537,0.4234,0.7753,0.7247,0.5291,1.0994,-0.1877,0.3131,-0.2997,-0.008,0.0,,,,,,
1130,cum_volume_vs_D1_ratio,NO_LAUNCH,40,12,0.537,0.4234,0.7753,0.6238,0.5456,0.68,-0.0868,0.075,-0.1817,0.113,0.0,,,,,,
1130,cum_volume_vs_D1_ratio,STRUCTURE_FAIL,40,51,0.537,0.4234,0.7753,0.7847,0.6049,1.4447,-0.2477,0.401,-0.4653,-0.0616,0.0,,,,,,
1130,cum_volume_vs_D1_ratio,ALL_CONTROL,40,160,0.537,0.4234,0.7753,0.7209,0.5563,1.1189,-0.1839,0.3233,-0.2966,-0.006,0.0,,,,,,
1130,cum_volume_vs_anchor_ratio,FAILED_BREAKOUT,40,97,0.6522,0.5218,0.8804,0.7992,0.6557,1.1467,-0.147,0.2995,-0.2958,0.0639,0.0,,,,,,
1130,cum_volume_vs_anchor_ratio,NO_LAUNCH,40,12,0.6522,0.5218,0.8804,0.5206,0.4376,0.6666,0.1316,-0.3,-0.1393,0.3532,0.0,,,,,,
1130,cum_volume_vs_anchor_ratio,STRUCTURE_FAIL,40,51,0.6522,0.5218,0.8804,0.877,0.6351,1.5721,-0.2248,0.3373,-0.5634,0.0033,0.0,,,,,,
1130,cum_volume_vs_anchor_ratio,ALL_CONTROL,40,160,0.6522,0.5218,0.8804,0.8044,0.6303,1.2256,-0.1522,0.2666,-0.2556,0.0425,0.0,,,,,,
1130,volume_since_session_low,FAILED_BREAKOUT,40,97,19707351.0,6186813.5,42875861.25,13463276.0,6543100.0,43470403.0,6244075.0,-0.0335,-5668784.4125,20586815.775,0.0,,,,,,
1130,volume_since_session_low,NO_LAUNCH,40,12,19707351.0,6186813.5,42875861.25,5062842.0,2517950.0,27017862.0,14644509.0,-0.3792,-14754314.5375,29098663.7125,0.0,,,,,,
1130,volume_since_session_low,STRUCTURE_FAIL,40,51,19707351.0,6186813.5,42875861.25,18246320.0,4249340.0,36415399.0,1461031.0,-0.0529,-11366556.95,18933081.7875,0.0,,,,,,
1130,volume_since_session_low,ALL_CONTROL,40,160,19707351.0,6186813.5,42875861.25,13471976.0,5290595.75,36310053.0,6235375.0,-0.0656,-6889660.0375,19994514.7375,0.0,,,,,,
1130,volume_on_recovery,FAILED_BREAKOUT,30,72,8401820.5,2637975.0,19098699.0,5254335.0,2889797.0,17249370.0,3147485.5,-0.0148,-3079230.625,10492662.95,0.25,,,,,,
1130,volume_on_recovery,NO_LAUNCH,30,8,8401820.5,2637975.0,19098699.0,1198500.0,1052988.0,5981682.0,7203320.5,-0.4333,-2277918.15,14420627.7,0.25,,,,,,
1130,volume_on_recovery,STRUCTURE_FAIL,30,34,8401820.5,2637975.0,19098699.0,9382961.0,3359600.0,19132820.0,-981140.5,0.0392,-7805024.225,8495374.05,0.25,,,,,,
1130,volume_on_recovery,ALL_CONTROL,30,114,8401820.5,2637975.0,19098699.0,5478646.0,2675636.0,17288594.0,2923174.5,-0.0281,-2635695.9875,12004794.4375,0.25,,,,,,
1130,return_from_open_pct,FAILED_BREAKOUT,40,97,0.5934,-0.6425,1.6303,1.0593,-0.8353,2.648,-0.4659,0.0737,-1.3338,0.7639,0.0,,,,,,
1130,return_from_open_pct,NO_LAUNCH,40,12,0.5934,-0.6425,1.6303,0.6545,-0.187,2.3084,-0.0612,0.0958,-1.9337,1.2067,0.0,,,,,,
1130,return_from_open_pct,STRUCTURE_FAIL,40,51,0.5934,-0.6425,1.6303,0.6908,-1.5724,2.7731,-0.0974,0.002,-1.6005,1.5644,0.0,,,,,,
1130,return_from_open_pct,ALL_CONTROL,40,160,0.5934,-0.6425,1.6303,0.8712,-1.146,2.6703,-0.2778,0.0525,-0.8682,0.7488,0.0,,,,,,
1130,return_from_prev_close_pct,FAILED_BREAKOUT,40,97,1.0321,-1.3778,2.9611,1.1023,-1.4474,2.6182,-0.0702,-0.05,-1.3751,1.3694,0.0,,,,,,
1130,return_from_prev_close_pct,NO_LAUNCH,40,12,1.0321,-1.3778,2.9611,-0.4095,-1.165,1.44,1.4416,-0.2375,-0.9849,2.9529,0.0,,,,,,
1130,return_from_prev_close_pct,STRUCTURE_FAIL,40,51,1.0321,-1.3778,2.9611,0.1741,-1.5905,2.2351,0.858,-0.1225,-0.9592,2.4199,0.0,,,,,,
1130,return_from_prev_close_pct,ALL_CONTROL,40,160,1.0321,-1.3778,2.9611,0.8166,-1.4603,2.3432,0.2155,-0.0872,-1.0615,1.5959,0.0,,,,,,
1130,session_range_pct,FAILED_BREAKOUT,40,97,4.6538,4.153,5.8718,5.4353,4.5006,7.3826,-0.7815,0.2655,-1.5128,0.1832,0.0,,,,,,
1130,session_range_pct,NO_LAUNCH,40,12,4.6538,4.153,5.8718,5.3756,3.8028,6.7961,-0.7218,0.0417,-2.3478,1.1481,0.0,,,,,,
1130,session_range_pct,STRUCTURE_FAIL,40,51,4.6538,4.153,5.8718,5.7995,4.9883,8.8132,-1.1457,0.4167,-2.0783,-0.2937,0.0,,,,,,
1130,session_range_pct,ALL_CONTROL,40,160,4.6538,4.153,5.8718,5.5644,4.6495,7.532,-0.9106,0.2969,-1.4569,-0.2041,0.0,,,,,,
1130,close_location_so_far,FAILED_BREAKOUT,40,97,0.5225,0.2628,0.822,0.611,0.375,0.748,-0.0885,0.1278,-0.283,0.009,0.0,,,,,,
1130,close_location_so_far,NO_LAUNCH,40,12,0.5225,0.2628,0.822,0.5465,0.3695,0.7042,-0.024,0.0,-0.3019,0.2172,0.0,,,,,,
1130,close_location_so_far,STRUCTURE_FAIL,40,51,0.5225,0.2628,0.822,0.433,0.272,0.6255,0.0895,-0.0887,-0.1255,0.1818,0.0,,,,,,
1130,close_location_so_far,ALL_CONTROL,40,160,0.5225,0.2628,0.822,0.5475,0.3475,0.7255,-0.025,0.0492,-0.2285,0.0818,0.0,,,,,,
1130,high_from_open_pct,FAILED_BREAKOUT,40,97,2.9211,2.3506,4.268,2.9095,1.7905,4.4586,0.0116,-0.0057,-0.657,1.0013,0.0,,,,,,
1130,high_from_open_pct,NO_LAUNCH,40,12,2.9211,2.3506,4.268,2.9085,2.2804,4.4299,0.0126,0.0417,-3.2939,1.025,0.0,,,,,,
1130,high_from_open_pct,STRUCTURE_FAIL,40,51,2.9211,2.3506,4.268,4.0174,1.5089,6.0296,-1.0963,0.1775,-2.0323,-0.0967,0.0,,,,,,
1130,high_from_open_pct,ALL_CONTROL,40,160,2.9211,2.3506,4.268,3.2801,1.8061,5.0958,-0.359,0.0563,-0.8818,0.6714,0.0,,,,,,
1130,low_from_open_pct,FAILED_BREAKOUT,40,97,-1.8074,-2.7698,-1.2286,-2.3374,-3.8961,-0.8499,0.5301,-0.15,-0.0997,1.1543,0.0,,,,,,
1130,low_from_open_pct,NO_LAUNCH,40,12,-1.8074,-2.7698,-1.2286,-1.2473,-3.0118,-0.6991,-0.56,0.075,-1.1967,1.2411,0.0,,,,,,
1130,low_from_open_pct,STRUCTURE_FAIL,40,51,-1.8074,-2.7698,-1.2286,-1.9144,-3.5703,-1.1027,0.1071,-0.1314,-0.4653,1.0839,0.0,,,,,,
1130,low_from_open_pct,ALL_CONTROL,40,160,-1.8074,-2.7698,-1.2286,-2.0334,-3.628,-0.9635,0.226,-0.1272,-0.1619,0.8897,0.0,,,,,,
1130,lower_shadow_proxy_so_far_pct,FAILED_BREAKOUT,40,97,1.3337,0.3874,1.9326,1.5031,0.7435,2.5974,-0.1694,0.116,-0.6465,0.3918,0.0,,,,,,
1130,lower_shadow_proxy_so_far_pct,NO_LAUNCH,40,12,1.3337,0.3874,1.9326,0.8615,0.413,2.0189,0.4722,-0.0583,-1.0608,1.0769,0.0,,,,,,
1130,lower_shadow_proxy_so_far_pct,STRUCTURE_FAIL,40,51,1.3337,0.3874,1.9326,1.328,0.7554,2.5439,0.0057,0.0824,-0.4459,0.5276,0.0,,,,,,
1130,lower_shadow_proxy_so_far_pct,ALL_CONTROL,40,160,1.3337,0.3874,1.9326,1.3623,0.7298,2.6014,-0.0285,0.0922,-0.4726,0.4603,0.0,,,,,,
1130,upper_shadow_proxy_so_far_pct,FAILED_BREAKOUT,40,97,1.8471,0.8237,2.8425,1.6968,0.8727,2.3654,0.1503,-0.0624,-0.5786,0.8436,0.0,,,,,,
1130,upper_shadow_proxy_so_far_pct,NO_LAUNCH,40,12,1.8471,0.8237,2.8425,2.0347,1.2917,2.608,-0.1876,0.125,-1.3193,0.7425,0.0,,,,,,
1130,upper_shadow_proxy_so_far_pct,STRUCTURE_FAIL,40,51,1.8471,0.8237,2.8425,2.4309,0.9701,3.9204,-0.5838,0.1931,-1.8986,0.4743,0.0,,,,,,
1130,upper_shadow_proxy_so_far_pct,ALL_CONTROL,40,160,1.8471,0.8237,2.8425,1.7997,0.9188,2.8977,0.0474,0.0331,-0.7065,0.7575,0.0,,,,,,
1130,checkpoint_close,FAILED_BREAKOUT,40,97,13.895,8.4725,20.82,19.45,11.21,35.15,-5.555,0.2791,-10.3075,-0.7038,0.0,,,,,,
1130,checkpoint_close,NO_LAUNCH,40,12,13.895,8.4725,20.82,12.265,10.2025,31.63,1.63,0.125,-25.7096,6.5407,0.0,,,,,,
1130,checkpoint_close,STRUCTURE_FAIL,40,51,13.895,8.4725,20.82,14.44,9.38,23.205,-0.545,0.0627,-5.3631,4.8661,0.0,,,,,,
1130,checkpoint_close,ALL_CONTROL,40,160,13.895,8.4725,20.82,16.84,10.615,30.6525,-2.945,0.1986,-7.931,1.8586,0.0,,,,,,
1130,session_low_price,FAILED_BREAKOUT,40,97,13.34,8.4375,20.44,18.55,10.97,33.2,-5.21,0.2735,-9.8235,-0.2943,0.0,,,,,,
1130,session_low_price,NO_LAUNCH,40,12,13.34,8.4375,20.44,12.105,9.495,31.02,1.235,0.1125,-24.8679,6.5705,0.0,,,,,,
1130,session_low_price,STRUCTURE_FAIL,40,51,13.34,8.4375,20.44,13.42,9.31,22.305,-0.08,0.0618,-5.2809,4.6331,0.0,,,,,,
1130,session_low_price,ALL_CONTROL,40,160,13.34,8.4375,20.44,16.225,10.315,30.055,-2.885,0.1939,-7.6399,1.8267,0.0,,,,,,
1130,session_high_price,FAILED_BREAKOUT,40,97,14.28,8.8125,21.35,19.88,11.86,35.79,-5.6,0.2822,-10.6572,-0.6948,0.0,,,,,,
1130,session_high_price,NO_LAUNCH,40,12,14.28,8.8125,21.35,12.87,10.46,32.1625,1.41,0.1438,-26.2782,6.4482,0.0,,,,,,
1130,session_high_price,STRUCTURE_FAIL,40,51,14.28,8.8125,21.35,14.78,9.79,23.395,-0.5,0.0814,-5.6424,4.7244,0.0,,,,,,
1130,session_high_price,ALL_CONTROL,40,160,14.28,8.8125,21.35,17.515,11.12,31.51,-3.235,0.2078,-8.3336,1.7406,0.0,,,,,,
1130,vwap_price,FAILED_BREAKOUT,40,97,13.7921,8.6079,20.9372,19.3127,11.4049,34.5556,-5.5207,0.2789,-10.2327,-0.5874,0.0,,,,,,
1130,vwap_price,NO_LAUNCH,40,12,13.7921,8.6079,20.9372,12.4041,9.958,31.568,1.388,0.1208,-25.5644,6.4331,0.0,,,,,,
1130,vwap_price,STRUCTURE_FAIL,40,51,13.7921,8.6079,20.9372,14.3271,9.4586,22.8929,-0.5351,0.0696,-5.4971,4.6997,0.0,,,,,,
1130,vwap_price,ALL_CONTROL,40,160,13.7921,8.6079,20.9372,16.9064,10.6334,30.6782,-3.1143,0.2003,-8.048,1.8346,0.0,,,,,,
1130,high_level_consolidation_pre_D0,FAILED_BREAKOUT,40,97,,,,,,,,,,,,0.325,0.1856,1.751,2.113,0.932,4.617
1130,high_level_consolidation_pre_D0,NO_LAUNCH,40,12,,,,,,,,,,,,0.325,0.0833,3.9,5.296,0.974,9.952
1130,high_level_consolidation_pre_D0,STRUCTURE_FAIL,40,51,,,,,,,,,,,,0.325,0.098,3.315,4.43,1.56,16.333
1130,high_level_consolidation_pre_D0,ALL_CONTROL,40,160,,,,,,,,,,,,0.325,0.15,2.167,2.728,1.232,5.765
1130,s1_touched_so_far,FAILED_BREAKOUT,40,97,,,,,,,,,,,,0.0,0.0,,,,
1130,s1_touched_so_far,NO_LAUNCH,40,12,,,,,,,,,,,,0.0,0.0,,,,
1130,s1_touched_so_far,STRUCTURE_FAIL,40,51,,,,,,,,,,,,0.0,0.0,,,,
1130,s1_touched_so_far,ALL_CONTROL,40,160,,,,,,,,,,,,0.0,0.0,,,,
1130,support_touched_so_far,FAILED_BREAKOUT,40,97,,,,,,,,,,,,0.6,0.6598,0.909,0.773,0.347,1.677
1130,support_touched_so_far,NO_LAUNCH,40,12,,,,,,,,,,,,0.6,0.25,2.4,4.5,1.203,22.846
1130,support_touched_so_far,STRUCTURE_FAIL,40,51,,,,,,,,,,,,0.6,0.7059,0.85,0.625,0.284,1.454
1130,support_touched_so_far,ALL_CONTROL,40,160,,,,,,,,,,,,0.6,0.6438,0.932,0.83,0.414,1.787
1130,support_broken_so_far,FAILED_BREAKOUT,40,97,,,,,,,,,,,,0.6,0.6495,0.924,0.81,0.366,1.712
1130,support_broken_so_far,NO_LAUNCH,40,12,,,,,,,,,,,,0.6,0.25,2.4,4.5,1.203,22.846
1130,support_broken_so_far,STRUCTURE_FAIL,40,51,,,,,,,,,,,,0.6,0.7059,0.85,0.625,0.284,1.454
1130,support_broken_so_far,ALL_CONTROL,40,160,,,,,,,,,,,,0.6,0.6375,0.941,0.853,0.436,1.833
1130,support_reclaimed_so_far,FAILED_BREAKOUT,40,97,,,,,,,,,,,,0.575,0.5773,0.996,0.991,0.444,2.105
1130,support_reclaimed_so_far,NO_LAUNCH,40,12,,,,,,,,,,,,0.575,0.25,2.3,4.059,1.08,20.429
1130,support_reclaimed_so_far,STRUCTURE_FAIL,40,51,,,,,,,,,,,,0.575,0.5686,1.011,1.026,0.482,2.337
1130,support_reclaimed_so_far,ALL_CONTROL,40,160,,,,,,,,,,,,0.575,0.55,1.045,1.107,0.551,2.389
1130,open_reclaimed_so_far,FAILED_BREAKOUT,40,97,,,,,,,,,,,,0.7,0.6392,1.095,1.317,0.601,3.05
1130,open_reclaimed_so_far,NO_LAUNCH,40,12,,,,,,,,,,,,0.7,0.6667,1.05,1.167,0.271,4.695
1130,open_reclaimed_so_far,STRUCTURE_FAIL,40,51,,,,,,,,,,,,0.7,0.5882,1.19,1.633,0.774,4.158
1130,open_reclaimed_so_far,ALL_CONTROL,40,160,,,,,,,,,,,,0.7,0.625,1.12,1.4,0.673,3.355
1130,prev_close_reclaimed_so_far,FAILED_BREAKOUT,40,97,,,,,,,,,,,,0.625,0.6186,1.01,1.028,0.47,2.291
1130,prev_close_reclaimed_so_far,NO_LAUNCH,40,12,,,,,,,,,,,,0.625,0.4167,1.5,2.333,0.631,10.385
1130,prev_close_reclaimed_so_far,STRUCTURE_FAIL,40,51,,,,,,,,,,,,0.625,0.549,1.138,1.369,0.643,3.209
1130,prev_close_reclaimed_so_far,ALL_CONTROL,40,160,,,,,,,,,,,,0.625,0.5813,1.075,1.201,0.587,2.697
1130,above_vwap_now,FAILED_BREAKOUT,40,97,,,,,,,,,,,,0.45,0.6186,0.728,0.505,0.244,1.021
1130,above_vwap_now,NO_LAUNCH,40,12,,,,,,,,,,,,0.45,0.5,0.9,0.818,0.2,2.706
1130,above_vwap_now,STRUCTURE_FAIL,40,51,,,,,,,,,,,,0.45,0.4706,0.956,0.92,0.408,1.966
1130,above_vwap_now,ALL_CONTROL,40,160,,,,,,,,,,,,0.45,0.5625,0.8,0.636,0.33,1.296
1130,vwap_reclaimed_after_low,FAILED_BREAKOUT,40,97,,,,,,,,,,,,0.675,0.7835,0.862,0.574,0.267,1.309
1130,vwap_reclaimed_after_low,NO_LAUNCH,40,12,,,,,,,,,,,,0.675,0.8333,0.81,0.415,0.136,1.722
1130,vwap_reclaimed_after_low,STRUCTURE_FAIL,40,51,,,,,,,,,,,,0.675,0.6275,1.076,1.233,0.567,2.901
1130,vwap_reclaimed_after_low,ALL_CONTROL,40,160,,,,,,,,,,,,0.675,0.7375,0.915,0.739,0.36,1.571
1130,d0_new_low_since_anchor_so_far,FAILED_BREAKOUT,40,97,,,,,,,,,,,,0.375,0.2062,1.819,2.31,1.036,4.922
1130,d0_new_low_since_anchor_so_far,NO_LAUNCH,40,12,,,,,,,,,,,,0.375,0.5,0.75,0.6,0.146,2.0
1130,d0_new_low_since_anchor_so_far,STRUCTURE_FAIL,40,51,,,,,,,,,,,,0.375,0.3137,1.195,1.312,0.554,2.84
1130,d0_new_low_since_anchor_so_far,ALL_CONTROL,40,160,,,,,,,,,,,,0.375,0.2625,1.429,1.686,0.806,3.459
1330,s1,FAILED_BREAKOUT,40,97,15.02,9.2575,21.805,20.79,12.25,37.95,-5.77,0.2789,-11.062,-0.7311,0.0,,,,,,
1330,s1,NO_LAUNCH,40,12,15.02,9.2575,21.805,13.9,11.5675,34.555,1.12,0.1771,-28.2765,6.6936,0.0,,,,,,
1330,s1,STRUCTURE_FAIL,40,51,15.02,9.2575,21.805,15.54,10.835,24.62,-0.52,0.0941,-6.0909,5.175,0.0,,,,,,
1330,s1,ALL_CONTROL,40,160,15.02,9.2575,21.805,18.615,11.72,32.1825,-3.595,0.2123,-8.8564,1.8534,0.0,,,,,,
1330,invalid,FAILED_BREAKOUT,40,97,13.44,8.0475,19.7525,18.75,10.78,33.46,-5.31,0.282,-9.8599,-0.6459,0.0,,,,,,
1330,invalid,NO_LAUNCH,40,12,13.44,8.0475,19.7525,11.885,9.7625,27.9525,1.555,0.1,-19.015,6.6552,0.0,,,,,,
1330,invalid,STRUCTURE_FAIL,40,51,13.44,8.0475,19.7525,13.53,8.955,22.615,-0.09,0.0672,-5.34,4.891,0.0,,,,,,
1330,invalid,ALL_CONTROL,40,160,13.44,8.0475,19.7525,16.18,10.2,29.8,-2.74,0.1998,-7.9189,1.8825,0.0,,,,,,
1330,D1_close,FAILED_BREAKOUT,40,97,13.91,8.515,20.5575,18.74,11.39,35.55,-4.83,0.283,-9.8569,-0.4948,0.0,,,,,,
1330,D1_close,NO_LAUNCH,40,12,13.91,8.515,20.5575,12.215,9.78,31.85,1.695,0.1458,-26.227,6.5784,0.0,,,,,,
1330,D1_close,STRUCTURE_FAIL,40,51,13.91,8.515,20.5575,14.25,9.495,22.525,-0.34,0.0721,-5.5991,4.55,0.0,,,,,,
1330,D1_close,ALL_CONTROL,40,160,13.91,8.515,20.5575,16.985,10.715,30.855,-3.075,0.2055,-7.8555,1.7076,0.0,,,,,,
1330,D1_volume,FAILED_BREAKOUT,40,97,38378271.0,21600997.75,88396361.5,27585410.0,12836496.0,61045791.0,10792861.0,-0.2211,-3454678.55,38190319.5,0.0,,,,,,
1330,D1_volume,NO_LAUNCH,40,12,38378271.0,21600997.75,88396361.5,32690851.0,8298818.5,42421264.0,5687420.0,-0.3542,-8459176.65,43700418.7625,0.0,,,,,,
1330,D1_volume,STRUCTURE_FAIL,40,51,38378271.0,21600997.75,88396361.5,24452300.0,14205952.0,59077579.5,13925971.0,-0.2569,-3970581.0,37121887.6625,0.0,,,,,,
1330,D1_volume,ALL_CONTROL,40,160,38378271.0,21600997.75,88396361.5,27464760.5,12291668.5,59786917.5,10913510.5,-0.2425,-1191392.1375,44524682.8,0.0,,,,,,
1330,D1_upper_shadow_pct,FAILED_BREAKOUT,40,97,1.6802,0.0,2.2929,0.0,0.0,0.7242,1.6802,-0.3211,0.0,2.0661,0.0,,,,,,
1330,D1_upper_shadow_pct,NO_LAUNCH,40,12,1.6802,0.0,2.2929,1.258,0.0552,1.9251,0.4222,-0.0604,-1.5518,1.7784,0.0,,,,,,
1330,D1_upper_shadow_pct,STRUCTURE_FAIL,40,51,1.6802,0.0,2.2929,0.0,0.0,1.0797,1.6802,-0.3113,0.0,2.0903,0.0,,,,,,
1330,D1_upper_shadow_pct,ALL_CONTROL,40,160,1.6802,0.0,2.2929,0.0,0.0,1.1674,1.6802,-0.2984,0.0,2.0774,0.0,,,,,,
1330,D1_close_location,FAILED_BREAKOUT,40,97,0.222,0.0805,1.0,1.0,0.295,1.0,-0.778,0.332,-0.8955,0.0,0.0,,,,,,
1330,D1_close_location,NO_LAUNCH,40,12,0.222,0.0805,1.0,0.288,0.057,0.9835,-0.066,-0.1021,-0.7568,0.602,0.0,,,,,,
1330,D1_close_location,STRUCTURE_FAIL,40,51,0.222,0.0805,1.0,1.0,0.177,1.0,-0.778,0.2162,-0.8955,0.0,0.0,,,,,,
1330,D1_close_location,ALL_CONTROL,40,160,0.222,0.0805,1.0,1.0,0.2273,1.0,-0.778,0.2625,-0.889,0.0,0.0,,,,,,
1330,dist_D1_close_to_s1_pct,FAILED_BREAKOUT,40,97,-7.8255,-10.3963,-5.4528,-7.174,-9.7053,-5.2,-0.6515,0.1113,-2.098,1.2709,0.0,,,,,,
1330,dist_D1_close_to_s1_pct,NO_LAUNCH,40,12,-7.8255,-10.3963,-5.4528,-9.5171,-16.7256,-7.9345,1.6916,-0.3458,-0.3806,9.0924,0.0,,,,,,
1330,dist_D1_close_to_s1_pct,STRUCTURE_FAIL,40,51,-7.8255,-10.3963,-5.4528,-9.5538,-11.9075,-6.5019,1.7283,-0.2147,-0.3001,3.7519,0.0,,,,,,
1330,dist_D1_close_to_s1_pct,ALL_CONTROL,40,160,-7.8255,-10.3963,-5.4528,-7.874,-11.0682,-5.7075,0.0485,-0.0269,-1.3246,1.8812,0.0,,,,,,
1330,dist_D1_close_to_support_pct,FAILED_BREAKOUT,40,97,0.6732,-0.2964,3.1082,0.2036,-0.2195,4.1467,0.4696,0.0191,-1.0612,2.1712,0.0,,,,,,
1330,dist_D1_close_to_support_pct,NO_LAUNCH,40,12,0.6732,-0.2964,3.1082,5.7976,2.7759,13.3344,-5.1243,0.45,-13.5385,-0.0168,0.0,,,,,,
1330,dist_D1_close_to_support_pct,STRUCTURE_FAIL,40,51,0.6732,-0.2964,3.1082,0.7866,-0.6988,4.4425,-0.1134,0.0265,-2.1346,2.0619,0.0,,,,,,
1330,dist_D1_close_to_support_pct,ALL_CONTROL,40,160,0.6732,-0.2964,3.1082,0.6419,-0.2886,4.8383,0.0313,0.0537,-1.4222,2.0902,0.0,,,,,,
1330,dist_D1_close_to_invalid_pct,FAILED_BREAKOUT,40,97,1.8796,0.4904,4.1686,0.9183,0.4875,5.307,0.9613,-0.0119,-1.4637,2.5018,0.0,,,,,,
1330,dist_D1_close_to_invalid_pct,NO_LAUNCH,40,12,1.8796,0.4904,4.1686,6.9767,3.3286,14.1151,-5.0971,0.4375,-13.2495,0.0176,0.0,,,,,,
1330,dist_D1_close_to_invalid_pct,STRUCTURE_FAIL,40,51,1.8796,0.4904,4.1686,2.1254,0.4792,4.9866,-0.2458,0.0098,-2.0201,2.2019,0.0,,,,,,
1330,dist_D1_close_to_invalid_pct,ALL_CONTROL,40,160,1.8796,0.4904,4.1686,1.6545,0.4867,5.74,0.2251,0.0288,-1.7035,2.226,0.0,,,,,,
1330,pullback_volume_dry_up_pre_D0,FAILED_BREAKOUT,25,35,1.231,1.0324,1.4271,1.2824,1.0119,1.5483,-0.0514,0.0949,-0.2766,0.1581,0.375,,,,,,
1330,pullback_volume_dry_up_pre_D0,NO_LAUNCH,25,9,1.231,1.0324,1.4271,0.9015,0.6461,1.0816,0.3295,-0.4222,-0.1115,0.6398,0.375,,,,,,
1330,pullback_volume_dry_up_pre_D0,STRUCTURE_FAIL,25,20,1.231,1.0324,1.4271,1.0961,0.9382,1.4599,0.1349,-0.084,-0.1624,0.3217,0.375,,,,,,
1330,pullback_volume_dry_up_pre_D0,ALL_CONTROL,25,64,1.231,1.0324,1.4271,1.1586,0.9361,1.477,0.0724,-0.0337,-0.1702,0.2573,0.375,,,,,,
1330,probe_count_pre_D0,FAILED_BREAKOUT,40,97,0.0,0.0,1.0,0.0,0.0,1.0,0.0,-0.108,0.0,0.5,0.0,,,,,,
1330,probe_count_pre_D0,NO_LAUNCH,40,12,0.0,0.0,1.0,0.5,0.0,1.25,-0.5,0.1854,-1.5,0.0,0.0,,,,,,
1330,probe_count_pre_D0,STRUCTURE_FAIL,40,51,0.0,0.0,1.0,0.0,0.0,1.0,0.0,-0.0608,0.0,0.5,0.0,,,,,,
1330,probe_count_pre_D0,ALL_CONTROL,40,160,0.0,0.0,1.0,0.0,0.0,1.0,0.0,-0.0709,0.0,0.5,0.0,,,,,,
1330,closest_high_to_s1_pre_D0_pct,FAILED_BREAKOUT,25,35,-2.2685,-6.2017,0.0,0.0,-4.1989,0.2021,-2.2685,0.2183,-5.2386,2.0274,0.375,,,,,,
1330,closest_high_to_s1_pre_D0_pct,NO_LAUNCH,25,9,-2.2685,-6.2017,0.0,-2.4513,-8.0537,-1.1155,0.1828,-0.3067,-3.1298,10.9155,0.375,,,,,,
1330,closest_high_to_s1_pre_D0_pct,STRUCTURE_FAIL,25,20,-2.2685,-6.2017,0.0,-2.157,-5.4459,0.0,-0.1115,0.008,-4.2453,4.6295,0.375,,,,,,
1330,closest_high_to_s1_pre_D0_pct,ALL_CONTROL,25,64,-2.2685,-6.2017,0.0,-1.336,-5.2344,0.0,-0.9325,0.0787,-3.935,2.482,0.375,,,,,,
1330,pre_D0_min_low,FAILED_BREAKOUT,25,35,14.61,7.6,23.3,21.05,10.91,69.99,-6.44,0.2983,-26.27,2.2215,0.375,,,,,,
1330,pre_D0_min_low,NO_LAUNCH,25,9,14.61,7.6,23.3,16.4,9.74,43.3,-1.79,0.2044,-49.42,8.9295,0.375,,,,,,
1330,pre_D0_min_low,STRUCTURE_FAIL,25,20,14.61,7.6,23.3,13.965,10.37,24.52,0.645,0.072,-6.731,7.0,0.375,,,,,,
1330,pre_D0_min_low,ALL_CONTROL,25,64,14.61,7.6,23.3,17.35,10.0625,45.79,-2.74,0.2144,-11.7,4.5722,0.375,,,,,,
1330,d0_open,FAILED_BREAKOUT,40,97,14.0,8.6625,20.8425,18.89,11.2,35.03,-4.89,0.2799,-10.1028,-0.599,0.0,,,,,,
1330,d0_open,NO_LAUNCH,40,12,14.0,8.6625,20.8425,12.22,9.69,31.44,1.78,0.1333,-25.5562,6.6677,0.0,,,,,,
1330,d0_open,STRUCTURE_FAIL,40,51,14.0,8.6625,20.8425,14.12,9.405,22.735,-0.12,0.0706,-5.6779,4.53,0.0,,,,,,
1330,d0_open,ALL_CONTROL,40,160,14.0,8.6625,20.8425,16.845,10.53,30.8325,-2.845,0.2022,-7.8068,1.9355,0.0,,,,,,
1330,prev_close,FAILED_BREAKOUT,40,97,13.91,8.515,20.5575,18.74,11.39,35.55,-4.83,0.283,-9.8569,-0.4948,0.0,,,,,,
1330,prev_close,NO_LAUNCH,40,12,13.91,8.515,20.5575,12.215,9.78,31.85,1.695,0.1458,-26.227,6.5784,0.0,,,,,,
1330,prev_close,STRUCTURE_FAIL,40,51,13.91,8.515,20.5575,14.25,9.495,22.525,-0.34,0.0721,-5.5991,4.55,0.0,,,,,,
1330,prev_close,ALL_CONTROL,40,160,13.91,8.515,20.5575,16.985,10.715,30.855,-3.075,0.2055,-7.8555,1.7076,0.0,,,,,,
1330,anchor_volume,FAILED_BREAKOUT,40,97,34400680.0,20753255.25,88258304.0,23968869.0,10048904.0,59367293.0,10431811.0,-0.2124,-783196.0,29472921.8,0.0,,,,,,
1330,anchor_volume,NO_LAUNCH,40,12,34400680.0,20753255.25,88258304.0,32472144.5,9585006.25,36957980.0,1928535.5,-0.2833,-9125916.0,36104441.0,0.0,,,,,,
1330,anchor_volume,STRUCTURE_FAIL,40,51,34400680.0,20753255.25,88258304.0,23851203.0,9866050.0,60878530.0,10549477.0,-0.2196,-6820401.675,29799121.975,0.0,,,,,,
1330,anchor_volume,ALL_CONTROL,40,160,34400680.0,20753255.25,88258304.0,24103611.0,9934030.5,58467182.0,10297069.0,-0.22,-667990.8875,36267876.3125,0.0,,,,,,
1330,price_to_s1_pct,FAILED_BREAKOUT,40,97,-6.5893,-8.6933,-4.3507,-5.9378,-8.046,-4.8,-0.6515,0.0711,-2.4082,1.0286,0.0,,,,,,
1330,price_to_s1_pct,NO_LAUNCH,40,12,-6.5893,-8.6933,-4.3507,-10.92,-16.7412,-7.9985,4.3307,-0.6083,0.2994,10.311,0.0,,,,,,
1330,price_to_s1_pct,STRUCTURE_FAIL,40,51,-6.5893,-8.6933,-4.3507,-8.134,-11.7801,-6.649,1.5447,-0.3716,-0.5041,4.0565,0.0,,,,,,
1330,price_to_s1_pct,ALL_CONTROL,40,160,-6.5893,-8.6933,-4.3507,-6.9825,-9.2787,-5.3341,0.3932,-0.1209,-1.3219,1.9531,0.0,,,,,,
1330,session_high_to_s1_pct,FAILED_BREAKOUT,40,97,-4.2288,-6.5649,-2.4994,-3.8246,-5.1421,-2.7027,-0.4042,0.1371,-1.909,0.9853,0.0,,,,,,
1330,session_high_to_s1_pct,NO_LAUNCH,40,12,-4.2288,-6.5649,-2.4994,-7.1856,-10.7369,-4.8613,2.9567,-0.5292,-0.1581,7.4642,0.0,,,,,,
1330,session_high_to_s1_pct,STRUCTURE_FAIL,40,51,-4.2288,-6.5649,-2.4994,-4.922,-8.3251,-2.8564,0.6932,-0.1578,-1.1834,2.7268,0.0,,,,,,
1330,session_high_to_s1_pct,ALL_CONTROL,40,160,-4.2288,-6.5649,-2.4994,-4.181,-5.9711,-2.8224,-0.0479,-0.0069,-1.5248,1.321,0.0,,,,,,
1330,best_distance_to_s1_so_far_pct,FAILED_BREAKOUT,40,97,-7.7169,-10.7312,-6.0473,-7.8635,-9.6481,-5.914,0.1466,0.0381,-1.7205,1.5098,0.0,,,,,,
1330,best_distance_to_s1_so_far_pct,NO_LAUNCH,40,12,-7.7169,-10.7312,-6.0473,-11.7546,-16.5493,-9.5984,4.0376,-0.55,0.724,9.2065,0.0,,,,,,
1330,best_distance_to_s1_so_far_pct,STRUCTURE_FAIL,40,51,-7.7169,-10.7312,-6.0473,-9.8947,-12.7379,-7.5393,2.1778,-0.3245,-0.0447,4.6287,0.0,,,,,,
1330,best_distance_to_s1_so_far_pct,ALL_CONTROL,40,160,-7.7169,-10.7312,-6.0473,-8.6944,-11.5371,-6.3053,0.9775,-0.1216,-0.8207,2.404,0.0,,,,,,
1330,s1_cross_count_so_far,FAILED_BREAKOUT,40,97,0.0,0.0,0.0,0.0,0.0,0.0,0.0,0.0,0.0,0.0,0.0,,,,,,
1330,s1_cross_count_so_far,NO_LAUNCH,40,12,0.0,0.0,0.0,0.0,0.0,0.0,0.0,0.0,0.0,0.0,0.0,,,,,,
1330,s1_cross_count_so_far,STRUCTURE_FAIL,40,51,0.0,0.0,0.0,0.0,0.0,0.0,0.0,0.0,0.0,0.0,0.0,,,,,,
1330,s1_cross_count_so_far,ALL_CONTROL,40,160,0.0,0.0,0.0,0.0,0.0,0.0,0.0,0.0,0.0,0.0,0.0,,,,,,
1330,s1_reject_count_so_far,FAILED_BREAKOUT,40,97,0.0,0.0,0.0,0.0,0.0,0.0,0.0,0.0,0.0,0.0,0.0,,,,,,
1330,s1_reject_count_so_far,NO_LAUNCH,40,12,0.0,0.0,0.0,0.0,0.0,0.0,0.0,0.0,0.0,0.0,0.0,,,,,,
1330,s1_reject_count_so_far,STRUCTURE_FAIL,40,51,0.0,0.0,0.0,0.0,0.0,0.0,0.0,0.0,0.0,0.0,0.0,,,,,,
1330,s1_reject_count_so_far,ALL_CONTROL,40,160,0.0,0.0,0.0,0.0,0.0,0.0,0.0,0.0,0.0,0.0,0.0,,,,,,
1330,price_to_support_pct,FAILED_BREAKOUT,40,97,2.6711,1.1663,4.8912,2.2302,1.0508,4.487,0.4409,-0.0474,-0.7979,1.1398,0.0,,,,,,
1330,price_to_support_pct,NO_LAUNCH,40,12,2.6711,1.1663,4.8912,5.2333,3.1018,8.4812,-2.5622,0.4625,-6.4399,-0.2493,0.0,,,,,,
1330,price_to_support_pct,STRUCTURE_FAIL,40,51,2.6711,1.1663,4.8912,1.4556,0.2412,3.2965,1.2155,-0.2225,-0.2949,2.1548,0.0,,,,,,
1330,price_to_support_pct,ALL_CONTROL,40,160,2.6711,1.1663,4.8912,2.1052,0.7813,4.5131,0.5658,-0.065,-0.6126,1.409,0.0,,,,,,
1330,price_to_invalid_pct,FAILED_BREAKOUT,40,97,3.2864,2.0594,5.5311,3.0562,1.7215,5.4122,0.2302,-0.0835,-0.3664,1.3453,0.0,,,,,,
1330,price_to_invalid_pct,NO_LAUNCH,40,12,3.2864,2.0594,5.5311,5.7746,3.8543,9.6089,-2.4882,0.4417,-6.4492,-0.0864,0.0,,,,,,
1330,price_to_invalid_pct,STRUCTURE_FAIL,40,51,3.2864,2.0594,5.5311,2.3757,0.9981,4.1238,0.9107,-0.2451,-0.0673,2.2744,0.0,,,,,,
1330,price_to_invalid_pct,ALL_CONTROL,40,160,3.2864,2.0594,5.5311,2.9768,1.4762,5.4058,0.3096,-0.0956,-0.2466,1.3818,0.0,,,,,,
1330,session_low_to_support_pct,FAILED_BREAKOUT,40,97,-0.4002,-1.6921,1.0771,-1.2209,-2.9126,0.6674,0.8207,-0.1753,-0.2585,1.9179,0.0,,,,,,
1330,session_low_to_support_pct,NO_LAUNCH,40,12,-0.4002,-1.6921,1.0771,2.7404,0.1535,8.205,-3.1406,0.475,-8.9169,-0.2861,0.0,,,,,,
1330,session_low_to_support_pct,STRUCTURE_FAIL,40,51,-0.4002,-1.6921,1.0771,-1.7341,-2.8537,0.1335,1.3339,-0.2088,-0.3862,2.3822,0.0,,,,,,
1330,session_low_to_support_pct,ALL_CONTROL,40,160,-0.4002,-1.6921,1.0771,-1.023,-2.8502,0.9031,0.6228,-0.1372,-0.2976,1.8622,0.0,,,,,,
1330,minutes_since_support_touch,FAILED_BREAKOUT,24,65,235.0,235.0,235.0,235.0,235.0,235.0,0.0,0.0103,0.0,0.0,0.4,,,,,,
1330,minutes_since_support_touch,STRUCTURE_FAIL,24,38,235.0,235.0,235.0,235.0,231.25,235.0,0.0,-0.1053,0.0,0.0,0.4,,,,,,
1330,minutes_since_support_touch,ALL_CONTROL,24,106,235.0,235.0,235.0,235.0,235.0,235.0,0.0,-0.0267,0.0,0.0,0.4,,,,,,
1330,minutes_from_support_low_to_reclaim,FAILED_BREAKOUT,23,60,5.0,5.0,5.0,5.0,5.0,10.0,0.0,-0.0116,0.0,0.0,0.425,,,,,,
1330,minutes_from_support_low_to_reclaim,STRUCTURE_FAIL,23,33,5.0,5.0,5.0,5.0,5.0,15.0,0.0,0.1146,-5.0,0.0,0.425,,,,,,
1330,minutes_from_support_low_to_reclaim,ALL_CONTROL,23,96,5.0,5.0,5.0,5.0,5.0,15.0,0.0,0.0457,0.0,0.0,0.425,,,,,,
1330,price_after_support_reclaim_pct,FAILED_BREAKOUT,23,60,1.6171,0.8613,2.7881,1.9529,0.9453,3.225,-0.3358,0.0449,-1.1835,1.0789,0.425,,,,,,
1330,price_after_support_reclaim_pct,STRUCTURE_FAIL,23,33,1.6171,0.8613,2.7881,1.0914,0.3042,1.8561,0.5257,-0.2227,-0.3816,2.0492,0.425,,,,,,
1330,price_after_support_reclaim_pct,ALL_CONTROL,23,96,1.6171,0.8613,2.7881,1.6037,0.5357,3.0897,0.0134,-0.0516,-0.7153,1.2341,0.425,,,,,,
1330,drawdown_from_open_pct,FAILED_BREAKOUT,40,97,-1.8623,-2.7698,-1.2286,-2.3374,-3.8961,-1.0169,0.4751,-0.149,-0.1052,1.1386,0.0,,,,,,
1330,drawdown_from_open_pct,NO_LAUNCH,40,12,-1.8623,-2.7698,-1.2286,-1.2473,-3.0118,-0.6991,-0.615,0.1042,-1.302,1.2174,0.0,,,,,,
1330,drawdown_from_open_pct,STRUCTURE_FAIL,40,51,-1.8623,-2.7698,-1.2286,-1.9956,-3.5703,-1.1645,0.1333,-0.1294,-0.6131,1.1213,0.0,,,,,,
1330,drawdown_from_open_pct,ALL_CONTROL,40,160,-1.8623,-2.7698,-1.2286,-2.0485,-3.7449,-1.0242,0.1862,-0.1238,-0.2942,0.9026,0.0,,,,,,
1330,session_low_pct_vs_prev_close,FAILED_BREAKOUT,40,97,-1.8043,-3.0438,0.0,-2.3715,-4.1096,-1.0139,0.5672,-0.2562,-0.3794,1.7212,0.0,,,,,,
1330,session_low_pct_vs_prev_close,NO_LAUNCH,40,12,-1.8043,-3.0438,0.0,-2.057,-4.2253,-1.3485,0.2526,-0.2917,-0.7169,2.8569,0.0,,,,,,
1330,session_low_pct_vs_prev_close,STRUCTURE_FAIL,40,51,-1.8043,-3.0438,0.0,-2.6519,-4.1938,-1.4975,0.8476,-0.3373,-0.0113,2.0969,0.0,,,,,,
1330,session_low_pct_vs_prev_close,ALL_CONTROL,40,160,-1.8043,-3.0438,0.0,-2.4371,-4.171,-1.2187,0.6327,-0.2847,-0.1648,1.6391,0.0,,,,,,
1330,recovery_from_session_low_pct,FAILED_BREAKOUT,40,97,3.1045,1.1886,4.1075,3.5829,1.7953,5.3333,-0.4784,0.2082,-2.1134,0.3415,0.0,,,,,,
1330,recovery_from_session_low_pct,NO_LAUNCH,40,12,3.1045,1.1886,4.1075,1.8384,0.8531,3.1858,1.2661,-0.2,-0.9472,2.5719,0.0,,,,,,
1330,recovery_from_session_low_pct,STRUCTURE_FAIL,40,51,3.1045,1.1886,4.1075,2.3576,1.4204,4.2758,0.7469,-0.0088,-1.0451,1.3995,0.0,,,,,,
1330,recovery_from_session_low_pct,ALL_CONTROL,40,160,3.1045,1.1886,4.1075,3.1355,1.6449,4.9138,-0.031,0.1084,-1.3762,0.7433,0.0,,,,,,
1330,recovery_fraction_of_drawdown,FAILED_BREAKOUT,39,85,1.4444,0.6661,2.4476,1.2151,0.5625,2.2264,0.2293,-0.0377,-0.6013,0.8653,0.025,,,,,,
1330,recovery_fraction_of_drawdown,NO_LAUNCH,39,12,1.4444,0.6661,2.4476,2.125,0.3959,4.5552,-0.6806,0.1068,-3.2486,1.3484,0.025,,,,,,
1330,recovery_fraction_of_drawdown,STRUCTURE_FAIL,39,49,1.4444,0.6661,2.4476,1.1724,0.5455,2.5,0.272,-0.0863,-0.6414,0.9946,0.025,,,,,,
1330,recovery_fraction_of_drawdown,ALL_CONTROL,39,146,1.4444,0.6661,2.4476,1.2075,0.5403,2.6254,0.2369,-0.0421,-0.4992,0.9841,0.025,,,,,,
1330,minutes_low_to_open_reclaim,FAILED_BREAKOUT,31,75,5.0,5.0,12.5,5.0,5.0,17.5,0.0,0.0989,0.0,0.0,0.225,,,,,,
1330,minutes_low_to_open_reclaim,NO_LAUNCH,31,11,5.0,5.0,12.5,5.0,5.0,17.5,0.0,0.1584,-20.0,0.0,0.225,,,,,,
1330,minutes_low_to_open_reclaim,STRUCTURE_FAIL,31,35,5.0,5.0,12.5,5.0,5.0,7.5,0.0,-0.0028,0.0,0.0,0.225,,,,,,
1330,minutes_low_to_open_reclaim,ALL_CONTROL,31,121,5.0,5.0,12.5,5.0,5.0,15.0,0.0,0.0749,0.0,0.0,0.225,,,,,,
1330,minutes_low_to_prev_close_reclaim,FAILED_BREAKOUT,31,76,5.0,5.0,17.5,5.0,5.0,10.0,0.0,-0.0301,0.0,5.0,0.225,,,,,,
1330,minutes_low_to_prev_close_reclaim,NO_LAUNCH,31,9,5.0,5.0,17.5,10.0,5.0,25.0,-5.0,0.1792,-20.0,0.0,0.225,,,,,,
1330,minutes_low_to_prev_close_reclaim,STRUCTURE_FAIL,31,32,5.0,5.0,17.5,5.0,5.0,10.0,0.0,-0.0101,-5.0,5.0,0.225,,,,,,
1330,minutes_low_to_prev_close_reclaim,ALL_CONTROL,31,117,5.0,5.0,17.5,5.0,5.0,10.0,0.0,-0.0085,0.0,5.0,0.225,,,,,,
1330,price_vs_vwap_pct,FAILED_BREAKOUT,40,97,0.2156,-0.9258,1.0958,0.5292,-0.6339,1.4214,-0.3136,0.0714,-0.9513,0.4134,0.0,,,,,,
1330,price_vs_vwap_pct,NO_LAUNCH,40,12,0.2156,-0.9258,1.0958,-0.5844,-1.5288,0.5151,0.8,-0.2458,-0.7572,2.1421,0.0,,,,,,
1330,price_vs_vwap_pct,STRUCTURE_FAIL,40,51,0.2156,-0.9258,1.0958,-0.3394,-1.3562,0.7026,0.555,-0.2118,-0.3571,1.5015,0.0,,,,,,
1330,price_vs_vwap_pct,ALL_CONTROL,40,160,0.2156,-0.9258,1.0958,0.1735,-1.1598,1.094,0.042,-0.0427,-0.64,0.6966,0.0,,,,,,
1330,minutes_low_to_vwap_reclaim,FAILED_BREAKOUT,28,79,17.5,8.75,30.0,15.0,5.0,37.5,2.5,0.0036,-10.0,10.0,0.3,,,,,,
1330,minutes_low_to_vwap_reclaim,NO_LAUNCH,28,10,17.5,8.75,30.0,22.5,6.25,33.75,-5.0,0.0214,-31.3125,15.0,0.3,,,,,,
1330,minutes_low_to_vwap_reclaim,STRUCTURE_FAIL,28,32,17.5,8.75,30.0,20.0,5.0,41.25,-2.5,0.0078,-20.0,15.0,0.3,,,,,,
1330,minutes_low_to_vwap_reclaim,ALL_CONTROL,28,121,17.5,8.75,30.0,20.0,5.0,40.0,-2.5,0.0062,-10.0,10.0,0.3,,,,,,
1330,pct_bars_above_vwap_since_low,FAILED_BREAKOUT,40,97,43.54,22.4975,86.7825,60.0,33.33,86.67,-16.46,0.0936,-36.66,18.5987,0.0,,,,,,
1330,pct_bars_above_vwap_since_low,NO_LAUNCH,40,12,43.54,22.4975,86.7825,50.0,38.3325,71.67,-6.46,0.0333,-33.34,28.8784,0.0,,,,,,
1330,pct_bars_above_vwap_since_low,STRUCTURE_FAIL,40,51,43.54,22.4975,86.7825,31.03,11.025,68.335,12.51,-0.1647,-10.0,44.1972,0.0,,,,,,
1330,pct_bars_above_vwap_since_low,ALL_CONTROL,40,160,43.54,22.4975,86.7825,50.0,21.665,83.33,-6.46,0.0067,-22.443,24.43,0.0,,,,,,
1330,vwap_rebreak_count_after_low,FAILED_BREAKOUT,40,97,1.0,0.0,2.25,1.0,0.0,2.0,0.0,0.066,-1.0,1.0,0.0,,,,,,
1330,vwap_rebreak_count_after_low,NO_LAUNCH,40,12,1.0,0.0,2.25,2.0,0.75,2.25,-1.0,0.1917,-2.0,1.0,0.0,,,,,,
1330,vwap_rebreak_count_after_low,STRUCTURE_FAIL,40,51,1.0,0.0,2.25,1.0,0.0,3.0,0.0,0.0588,-1.5,1.0,0.0,,,,,,
1330,vwap_rebreak_count_after_low,ALL_CONTROL,40,160,1.0,0.0,2.25,1.0,0.0,2.0,0.0,0.0731,-1.0,1.0,0.0,,,,,,
1330,vwap_reclaim_count_after_low,FAILED_BREAKOUT,40,97,1.0,0.0,2.0,2.0,1.0,2.0,-1.0,0.1,-1.0,1.0,0.0,,,,,,
1330,vwap_reclaim_count_after_low,NO_LAUNCH,40,12,1.0,0.0,2.0,1.0,0.75,2.0,0.0,0.0354,-1.0,1.0,0.0,,,,,,
1330,vwap_reclaim_count_after_low,STRUCTURE_FAIL,40,51,1.0,0.0,2.0,1.0,0.0,3.0,0.0,0.0123,-1.0,1.0,0.0,,,,,,
1330,vwap_reclaim_count_after_low,ALL_CONTROL,40,160,1.0,0.0,2.0,1.5,0.0,2.0,-0.5,0.0672,-1.0,1.0,0.0,,,,,,
1330,closest_high_to_s1_pct_so_far,FAILED_BREAKOUT,40,97,-7.7169,-10.7312,-6.0473,-7.8635,-9.6481,-5.914,0.1466,0.0381,-1.7205,1.5098,0.0,,,,,,
1330,closest_high_to_s1_pct_so_far,NO_LAUNCH,40,12,-7.7169,-10.7312,-6.0473,-11.7546,-16.5493,-9.5984,4.0376,-0.55,0.724,9.2065,0.0,,,,,,
1330,closest_high_to_s1_pct_so_far,STRUCTURE_FAIL,40,51,-7.7169,-10.7312,-6.0473,-9.8947,-12.7379,-7.5393,2.1778,-0.3245,-0.0447,4.6287,0.0,,,,,,
1330,closest_high_to_s1_pct_so_far,ALL_CONTROL,40,160,-7.7169,-10.7312,-6.0473,-8.6944,-11.5371,-6.3053,0.9775,-0.1216,-0.8207,2.404,0.0,,,,,,
1330,number_of_intraday_local_highs,FAILED_BREAKOUT,40,97,2.0,1.0,4.0,2.0,1.0,4.0,0.0,0.0675,-1.5,1.0,0.0,,,,,,
1330,number_of_intraday_local_highs,NO_LAUNCH,40,12,2.0,1.0,4.0,3.0,2.5,3.0,-1.0,0.1042,-2.0,1.0,0.0,,,,,,
1330,number_of_intraday_local_highs,STRUCTURE_FAIL,40,51,2.0,1.0,4.0,2.0,1.0,3.0,0.0,-0.0863,-1.0,2.0,0.0,,,,,,
1330,number_of_intraday_local_highs,ALL_CONTROL,40,160,2.0,1.0,4.0,2.0,1.0,4.0,0.0,0.0212,-1.2625,1.0,0.0,,,,,,
1330,local_high_progression_pct,FAILED_BREAKOUT,40,97,3.0731,2.4069,4.3796,3.2713,1.8537,5.0898,-0.1982,0.0149,-0.8429,0.883,0.0,,,,,,
1330,local_high_progression_pct,NO_LAUNCH,40,12,3.0731,2.4069,4.3796,3.2929,2.2804,4.702,-0.2197,0.0333,-3.1241,1.2609,0.0,,,,,,
1330,local_high_progression_pct,STRUCTURE_FAIL,40,51,3.0731,2.4069,4.3796,4.0174,1.7421,6.0296,-0.9443,0.151,-1.9109,0.0749,0.0,,,,,,
1330,local_high_progression_pct,ALL_CONTROL,40,160,3.0731,2.4069,4.3796,3.4794,1.8585,5.2427,-0.4063,0.0597,-0.9977,0.5095,0.0,,,,,,
1330,high_progression_pct,FAILED_BREAKOUT,40,97,3.0731,2.4069,4.3796,3.2713,1.8537,5.0898,-0.1982,0.0149,-0.8429,0.883,0.0,,,,,,
1330,high_progression_pct,NO_LAUNCH,40,12,3.0731,2.4069,4.3796,3.2929,2.2804,4.702,-0.2197,0.0333,-3.1241,1.2609,0.0,,,,,,
1330,high_progression_pct,STRUCTURE_FAIL,40,51,3.0731,2.4069,4.3796,4.0174,1.7421,6.0296,-0.9443,0.151,-1.9109,0.0749,0.0,,,,,,
1330,high_progression_pct,ALL_CONTROL,40,160,3.0731,2.4069,4.3796,3.4794,1.8585,5.2427,-0.4063,0.0597,-0.9977,0.5095,0.0,,,,,,
1330,probe_v01_compat,FAILED_BREAKOUT,40,97,0.0,0.0,0.0,0.0,0.0,0.0,0.0,0.0,0.0,0.0,0.0,,,,,,
1330,probe_v01_compat,NO_LAUNCH,40,12,0.0,0.0,0.0,0.0,0.0,0.0,0.0,0.0,0.0,0.0,0.0,,,,,,
1330,probe_v01_compat,STRUCTURE_FAIL,40,51,0.0,0.0,0.0,0.0,0.0,0.0,0.0,0.0,0.0,0.0,0.0,,,,,,
1330,probe_v01_compat,ALL_CONTROL,40,160,0.0,0.0,0.0,0.0,0.0,0.0,0.0,0.0,0.0,0.0,0.0,,,,,,
1330,continuous_s1_approach,FAILED_BREAKOUT,40,97,-7.7169,-10.7312,-6.0473,-7.8635,-9.6481,-5.914,0.1466,0.0381,-1.7205,1.5098,0.0,,,,,,
1330,continuous_s1_approach,NO_LAUNCH,40,12,-7.7169,-10.7312,-6.0473,-11.7546,-16.5493,-9.5984,4.0376,-0.55,0.724,9.2065,0.0,,,,,,
1330,continuous_s1_approach,STRUCTURE_FAIL,40,51,-7.7169,-10.7312,-6.0473,-9.8947,-12.7379,-7.5393,2.1778,-0.3245,-0.0447,4.6287,0.0,,,,,,
1330,continuous_s1_approach,ALL_CONTROL,40,160,-7.7169,-10.7312,-6.0473,-8.6944,-11.5371,-6.3053,0.9775,-0.1216,-0.8207,2.404,0.0,,,,,,
1330,cum_volume,FAILED_BREAKOUT,40,97,38866009.0,12823913.5,62473990.0,20709917.0,11021268.0,66534215.0,18156092.0,-0.0985,-5289349.575,27903905.6,0.0,,,,,,
1330,cum_volume,NO_LAUNCH,40,12,38866009.0,12823913.5,62473990.0,19922390.5,4559475.0,31739848.75,18943618.5,-0.3792,-3530227.5,37945143.25,0.0,,,,,,
1330,cum_volume,STRUCTURE_FAIL,40,51,38866009.0,12823913.5,62473990.0,30748002.0,12474263.0,47870030.0,8118007.0,-0.1029,-10843410.2125,19989189.575,0.0,,,,,,
1330,cum_volume,ALL_CONTROL,40,160,38866009.0,12823913.5,62473990.0,25431734.5,10295574.5,56154782.25,13434274.5,-0.1209,-5235339.275,24844289.1,0.0,,,,,,
1330,cum_volume_vs_D1_ratio,FAILED_BREAKOUT,40,97,0.6051,0.4763,0.8337,0.8215,0.5976,1.2256,-0.2164,0.3149,-0.3421,-0.0098,0.0,,,,,,
1330,cum_volume_vs_D1_ratio,NO_LAUNCH,40,12,0.6051,0.4763,0.8337,0.6827,0.6171,0.7678,-0.0777,0.0917,-0.2019,0.1555,0.0,,,,,,
1330,cum_volume_vs_D1_ratio,STRUCTURE_FAIL,40,51,0.6051,0.4763,0.8337,0.8463,0.6885,1.5354,-0.2412,0.3912,-0.5451,-0.0423,0.0,,,,,,
1330,cum_volume_vs_D1_ratio,ALL_CONTROL,40,160,0.6051,0.4763,0.8337,0.8146,0.6169,1.2376,-0.2095,0.3225,-0.3311,-0.0069,0.0,,,,,,
1330,cum_volume_vs_anchor_ratio,FAILED_BREAKOUT,40,97,0.7634,0.5708,1.0289,0.9021,0.7473,1.306,-0.1387,0.291,-0.3218,0.076,0.0,,,,,,
1330,cum_volume_vs_anchor_ratio,NO_LAUNCH,40,12,0.7634,0.5708,1.0289,0.6018,0.4965,0.7567,0.1616,-0.25,-0.1671,0.3793,0.0,,,,,,
1330,cum_volume_vs_anchor_ratio,STRUCTURE_FAIL,40,51,0.7634,0.5708,1.0289,0.9275,0.7132,1.6869,-0.1641,0.3167,-0.5796,0.0353,0.0,,,,,,
1330,cum_volume_vs_anchor_ratio,ALL_CONTROL,40,160,0.7634,0.5708,1.0289,0.9086,0.7048,1.3795,-0.1452,0.2586,-0.2674,0.053,0.0,,,,,,
1330,volume_since_session_low,FAILED_BREAKOUT,40,97,19702870.5,7626678.5,46777861.25,15628885.0,7825114.0,41943000.0,4073985.5,-0.0345,-5532143.95,25619696.025,0.0,,,,,,
1330,volume_since_session_low,NO_LAUNCH,40,12,19702870.5,7626678.5,46777861.25,5494392.0,3714400.75,31596482.5,14208478.5,-0.3417,-16091803.0,34581392.475,0.0,,,,,,
1330,volume_since_session_low,STRUCTURE_FAIL,40,51,19702870.5,7626678.5,46777861.25,22772442.0,5563150.0,40676585.5,-3069571.5,-0.0539,-11642712.8,19402413.3625,0.0,,,,,,
1330,volume_since_session_low,ALL_CONTROL,40,160,19702870.5,7626678.5,46777861.25,15669580.5,5866635.0,39669985.25,4033290.0,-0.0637,-5864022.9,25026260.0,0.0,,,,,,
1330,volume_on_recovery,FAILED_BREAKOUT,27,71,11517201.0,3708612.0,18789498.0,5198180.0,2878668.0,15091336.5,6319021.0,-0.18,-383681.125,12958100.0,0.325,,,,,,
1330,volume_on_recovery,NO_LAUNCH,27,8,11517201.0,3708612.0,18789498.0,1198500.0,1052988.0,8583120.75,10318701.0,-0.5,-4533112.8375,16600700.0,0.325,,,,,,
1330,volume_on_recovery,STRUCTURE_FAIL,27,35,11517201.0,3708612.0,18789498.0,9741556.0,2904700.0,18396062.5,1775645.0,-0.0815,-5507320.3,10343231.65,0.325,,,,,,
1330,volume_on_recovery,ALL_CONTROL,27,114,11517201.0,3708612.0,18789498.0,5364001.0,2621500.0,15244868.25,6153200.0,-0.1722,-1472755.85,12571516.9,0.325,,,,,,
1330,return_from_open_pct,FAILED_BREAKOUT,40,97,1.0983,-0.6561,2.5197,1.2632,-0.9895,3.0303,-0.1649,0.0546,-1.8947,0.7817,0.0,,,,,,
1330,return_from_open_pct,NO_LAUNCH,40,12,1.0983,-0.6561,2.5197,1.2079,-0.8508,1.6948,-0.1096,-0.0667,-1.7786,2.3248,0.0,,,,,,
1330,return_from_open_pct,STRUCTURE_FAIL,40,51,1.0983,-0.6561,2.5197,0.4274,-1.2787,2.4162,0.6709,-0.1029,-0.853,1.8024,0.0,,,,,,
1330,return_from_open_pct,ALL_CONTROL,40,160,1.0983,-0.6561,2.5197,0.8823,-1.1615,2.7057,0.216,-0.0047,-1.3517,1.1259,0.0,,,,,,
1330,return_from_prev_close_pct,FAILED_BREAKOUT,40,97,1.3929,-1.2757,3.0642,1.1545,-1.4876,3.2293,0.2384,-0.0495,-1.1495,1.4895,0.0,,,,,,
1330,return_from_prev_close_pct,NO_LAUNCH,40,12,1.3929,-1.2757,3.0642,-1.1375,-2.381,0.8129,2.5304,-0.3542,-0.1639,4.486,0.0,,,,,,
1330,return_from_prev_close_pct,STRUCTURE_FAIL,40,51,1.3929,-1.2757,3.0642,0.2268,-1.5536,2.2683,1.1661,-0.198,-0.419,2.6225,0.0,,,,,,
1330,return_from_prev_close_pct,ALL_CONTROL,40,160,1.3929,-1.2757,3.0642,0.7144,-1.6059,2.9273,0.6785,-0.1197,-0.8536,1.8766,0.0,,,,,,
1330,session_range_pct,FAILED_BREAKOUT,40,97,5.1083,4.3973,5.9599,5.6955,4.6967,7.7776,-0.5872,0.2366,-1.5544,0.2108,0.0,,,,,,
1330,session_range_pct,NO_LAUNCH,40,12,5.1083,4.3973,5.9599,5.3756,3.8594,7.366,-0.2673,0.0458,-2.6943,1.4292,0.0,,,,,,
1330,session_range_pct,STRUCTURE_FAIL,40,51,5.1083,4.3973,5.9599,6.25,5.0695,8.8132,-1.1417,0.3583,-1.9383,-0.0005,0.0,,,,,,
1330,session_range_pct,ALL_CONTROL,40,160,5.1083,4.3973,5.9599,5.7667,4.7506,8.0195,-0.6584,0.2611,-1.4678,-0.0035,0.0,,,,,,
1330,close_location_so_far,FAILED_BREAKOUT,40,97,0.585,0.2165,0.7732,0.634,0.379,0.764,-0.049,0.05,-0.2618,0.0988,0.0,,,,,,
1330,close_location_so_far,NO_LAUNCH,40,12,0.585,0.2165,0.7732,0.5095,0.1125,0.5835,0.0755,-0.2833,-0.1501,0.5376,0.0,,,,,,
1330,close_location_so_far,STRUCTURE_FAIL,40,51,0.585,0.2165,0.7732,0.4,0.235,0.612,0.185,-0.2397,-0.0619,0.3475,0.0,,,,,,
1330,close_location_so_far,ALL_CONTROL,40,160,0.585,0.2165,0.7732,0.5385,0.2977,0.7332,0.0465,-0.0673,-0.1806,0.1948,0.0,,,,,,
1330,high_from_open_pct,FAILED_BREAKOUT,40,97,3.0731,2.4069,4.3796,3.2713,1.8537,5.0898,-0.1982,0.0149,-0.8429,0.883,0.0,,,,,,
1330,high_from_open_pct,NO_LAUNCH,40,12,3.0731,2.4069,4.3796,3.2929,2.2804,4.702,-0.2197,0.0333,-3.1241,1.2609,0.0,,,,,,
1330,high_from_open_pct,STRUCTURE_FAIL,40,51,3.0731,2.4069,4.3796,4.0174,1.7421,6.0296,-0.9443,0.151,-1.9109,0.0749,0.0,,,,,,
1330,high_from_open_pct,ALL_CONTROL,40,160,3.0731,2.4069,4.3796,3.4794,1.8585,5.2427,-0.4063,0.0597,-0.9977,0.5095,0.0,,,,,,
1330,low_from_open_pct,FAILED_BREAKOUT,40,97,-1.8623,-2.7698,-1.2286,-2.3374,-3.8961,-1.0169,0.4751,-0.149,-0.1052,1.1386,0.0,,,,,,
1330,low_from_open_pct,NO_LAUNCH,40,12,-1.8623,-2.7698,-1.2286,-1.2473,-3.0118,-0.6991,-0.615,0.1042,-1.302,1.2174,0.0,,,,,,
1330,low_from_open_pct,STRUCTURE_FAIL,40,51,-1.8623,-2.7698,-1.2286,-1.9956,-3.5703,-1.1645,0.1333,-0.1294,-0.6131,1.1213,0.0,,,,,,
1330,low_from_open_pct,ALL_CONTROL,40,160,-1.8623,-2.7698,-1.2286,-2.0485,-3.7449,-1.0242,0.1862,-0.1238,-0.2942,0.9026,0.0,,,,,,
1330,lower_shadow_proxy_so_far_pct,FAILED_BREAKOUT,40,97,1.309,0.7868,1.9045,1.6281,0.6373,2.7933,-0.3191,0.1108,-0.6867,0.2775,0.0,,,,,,
1330,lower_shadow_proxy_so_far_pct,NO_LAUNCH,40,12,1.309,0.7868,1.9045,0.6881,0.2981,1.0361,0.6209,-0.3125,0.0686,1.1225,0.0,,,,,,
1330,lower_shadow_proxy_so_far_pct,STRUCTURE_FAIL,40,51,1.309,0.7868,1.9045,1.3817,0.6758,2.3048,-0.0727,0.0623,-0.5663,0.5004,0.0,,,,,,
1330,lower_shadow_proxy_so_far_pct,ALL_CONTROL,40,160,1.309,0.7868,1.9045,1.4026,0.6148,2.6421,-0.0936,0.0636,-0.5726,0.3663,0.0,,,,,,
1330,upper_shadow_proxy_so_far_pct,FAILED_BREAKOUT,40,97,1.4638,0.8647,2.6606,1.7837,0.9559,2.6347,-0.3199,0.0503,-0.6362,0.5528,0.0,,,,,,
1330,upper_shadow_proxy_so_far_pct,NO_LAUNCH,40,12,1.4638,0.8647,2.6606,2.1302,1.6251,2.9091,-0.6663,0.2417,-1.9502,0.3424,0.0,,,,,,
1330,upper_shadow_proxy_so_far_pct,STRUCTURE_FAIL,40,51,1.4638,0.8647,2.6606,2.9647,1.3018,4.0217,-1.5009,0.3118,-2.0652,-0.1524,0.0,,,,,,
1330,upper_shadow_proxy_so_far_pct,ALL_CONTROL,40,160,1.4638,0.8647,2.6606,1.871,0.9973,3.1219,-0.4071,0.148,-0.8652,0.3838,0.0,,,,,,
1330,checkpoint_close,FAILED_BREAKOUT,40,97,13.925,8.495,20.81,19.4,11.11,35.81,-5.475,0.2802,-10.3805,-0.6447,0.0,,,,,,
1330,checkpoint_close,NO_LAUNCH,40,12,13.925,8.495,20.81,12.37,10.1325,31.65,1.555,0.1292,-25.555,6.5503,0.0,,,,,,
1330,checkpoint_close,STRUCTURE_FAIL,40,51,13.925,8.495,20.81,14.31,9.48,23.115,-0.385,0.0554,-5.4061,4.9696,0.0,,,,,,
1330,checkpoint_close,ALL_CONTROL,40,160,13.925,8.495,20.81,17.045,10.6075,30.5025,-3.12,0.1972,-7.9056,1.92,0.0,,,,,,
1330,session_low_price,FAILED_BREAKOUT,40,97,13.34,8.415,20.41,18.55,10.97,33.19,-5.21,0.2745,-9.8235,-0.2943,0.0,,,,,,
1330,session_low_price,NO_LAUNCH,40,12,13.34,8.415,20.41,12.105,9.495,31.02,1.235,0.1125,-24.8679,6.5705,0.0,,,,,,
1330,session_low_price,STRUCTURE_FAIL,40,51,13.34,8.415,20.41,13.42,9.31,22.305,-0.08,0.0618,-5.2809,4.6331,0.0,,,,,,
1330,session_low_price,ALL_CONTROL,40,160,13.34,8.415,20.41,16.225,10.315,30.055,-2.885,0.1945,-7.651,1.8267,0.0,,,,,,
1330,session_high_price,FAILED_BREAKOUT,40,97,14.28,8.8125,21.35,19.88,11.86,36.26,-5.6,0.2807,-10.6052,-0.6948,0.0,,,,,,
1330,session_high_price,NO_LAUNCH,40,12,14.28,8.8125,21.35,12.895,10.485,32.1625,1.385,0.1396,-26.2616,6.4101,0.0,,,,,,
1330,session_high_price,STRUCTURE_FAIL,40,51,14.28,8.8125,21.35,14.78,9.79,23.41,-0.5,0.0784,-5.5819,4.7244,0.0,,,,,,
1330,session_high_price,ALL_CONTROL,40,160,14.28,8.8125,21.35,17.515,11.12,31.51,-3.235,0.2056,-8.3485,1.7477,0.0,,,,,,
1330,vwap_price,FAILED_BREAKOUT,40,97,13.8032,8.595,20.9183,19.3154,11.3929,34.7,-5.5121,0.2794,-10.2429,-0.5914,0.0,,,,,,
1330,vwap_price,NO_LAUNCH,40,12,13.8032,8.595,20.9183,12.3832,9.9784,31.5891,1.42,0.1167,-25.6081,6.4436,0.0,,,,,,
1330,vwap_price,STRUCTURE_FAIL,40,51,13.8032,8.595,20.9183,14.3717,9.4709,22.9195,-0.5685,0.0686,-5.4954,4.7081,0.0,,,,,,
1330,vwap_price,ALL_CONTROL,40,160,13.8032,8.595,20.9183,16.9715,10.6279,30.6591,-3.1683,0.2,-8.0033,1.8194,0.0,,,,,,
1330,high_level_consolidation_pre_D0,FAILED_BREAKOUT,40,97,,,,,,,,,,,,0.325,0.1856,1.751,2.113,0.932,4.617
1330,high_level_consolidation_pre_D0,NO_LAUNCH,40,12,,,,,,,,,,,,0.325,0.0833,3.9,5.296,0.974,9.952
1330,high_level_consolidation_pre_D0,STRUCTURE_FAIL,40,51,,,,,,,,,,,,0.325,0.098,3.315,4.43,1.56,16.333
1330,high_level_consolidation_pre_D0,ALL_CONTROL,40,160,,,,,,,,,,,,0.325,0.15,2.167,2.728,1.232,5.765
1330,s1_touched_so_far,FAILED_BREAKOUT,40,97,,,,,,,,,,,,0.0,0.0,,,,
1330,s1_touched_so_far,NO_LAUNCH,40,12,,,,,,,,,,,,0.0,0.0,,,,
1330,s1_touched_so_far,STRUCTURE_FAIL,40,51,,,,,,,,,,,,0.0,0.0,,,,
1330,s1_touched_so_far,ALL_CONTROL,40,160,,,,,,,,,,,,0.0,0.0,,,,
1330,support_touched_so_far,FAILED_BREAKOUT,40,97,,,,,,,,,,,,0.6,0.6701,0.895,0.738,0.329,1.64
1330,support_touched_so_far,NO_LAUNCH,40,12,,,,,,,,,,,,0.6,0.25,2.4,4.5,1.203,22.846
1330,support_touched_so_far,STRUCTURE_FAIL,40,51,,,,,,,,,,,,0.6,0.7451,0.805,0.513,0.218,1.192
1330,support_touched_so_far,ALL_CONTROL,40,160,,,,,,,,,,,,0.6,0.6625,0.906,0.764,0.376,1.694
1330,support_broken_so_far,FAILED_BREAKOUT,40,97,,,,,,,,,,,,0.6,0.6598,0.909,0.773,0.347,1.677
1330,support_broken_so_far,NO_LAUNCH,40,12,,,,,,,,,,,,0.6,0.25,2.4,4.5,1.203,22.846
1330,support_broken_so_far,STRUCTURE_FAIL,40,51,,,,,,,,,,,,0.6,0.7451,0.805,0.513,0.218,1.192
1330,support_broken_so_far,ALL_CONTROL,40,160,,,,,,,,,,,,0.6,0.6562,0.914,0.786,0.391,1.719
1330,support_reclaimed_so_far,FAILED_BREAKOUT,40,97,,,,,,,,,,,,0.575,0.6186,0.93,0.834,0.38,1.782
1330,support_reclaimed_so_far,NO_LAUNCH,40,12,,,,,,,,,,,,0.575,0.25,2.3,4.059,1.08,20.429
1330,support_reclaimed_so_far,STRUCTURE_FAIL,40,51,,,,,,,,,,,,0.575,0.6471,0.889,0.738,0.342,1.651
1330,support_reclaimed_so_far,ALL_CONTROL,40,160,,,,,,,,,,,,0.575,0.6,0.958,0.902,0.453,1.938
1330,open_reclaimed_so_far,FAILED_BREAKOUT,40,97,,,,,,,,,,,,0.6,0.6495,0.924,0.81,0.366,1.712
1330,open_reclaimed_so_far,NO_LAUNCH,40,12,,,,,,,,,,,,0.6,0.6667,0.9,0.75,0.174,2.796
1330,open_reclaimed_so_far,STRUCTURE_FAIL,40,51,,,,,,,,,,,,0.6,0.5882,1.02,1.05,0.5,2.427
1330,open_reclaimed_so_far,ALL_CONTROL,40,160,,,,,,,,,,,,0.6,0.6312,0.95,0.876,0.438,1.889
1330,prev_close_reclaimed_so_far,FAILED_BREAKOUT,40,97,,,,,,,,,,,,0.625,0.6598,0.947,0.859,0.385,1.858
1330,prev_close_reclaimed_so_far,NO_LAUNCH,40,12,,,,,,,,,,,,0.625,0.3333,1.875,3.333,0.93,20.429
1330,prev_close_reclaimed_so_far,STRUCTURE_FAIL,40,51,,,,,,,,,,,,0.625,0.5294,1.181,1.481,0.696,3.475
1330,prev_close_reclaimed_so_far,ALL_CONTROL,40,160,,,,,,,,,,,,0.625,0.5938,1.053,1.14,0.564,2.532
1330,above_vwap_now,FAILED_BREAKOUT,40,97,,,,,,,,,,,,0.525,0.6289,0.835,0.652,0.298,1.36
1330,above_vwap_now,NO_LAUNCH,40,12,,,,,,,,,,,,0.525,0.4167,1.26,1.547,0.417,6.893
1330,above_vwap_now,STRUCTURE_FAIL,40,51,,,,,,,,,,,,0.525,0.4314,1.217,1.457,0.624,3.6
1330,above_vwap_now,ALL_CONTROL,40,160,,,,,,,,,,,,0.525,0.55,0.955,0.904,0.444,1.892
1330,vwap_reclaimed_after_low,FAILED_BREAKOUT,40,97,,,,,,,,,,,,0.7,0.8144,0.859,0.532,0.25,1.243
1330,vwap_reclaimed_after_low,NO_LAUNCH,40,12,,,,,,,,,,,,0.7,0.8333,0.84,0.467,0.152,2.0
1330,vwap_reclaimed_after_low,STRUCTURE_FAIL,40,51,,,,,,,,,,,,0.7,0.6275,1.116,1.385,0.647,3.435
1330,vwap_reclaimed_after_low,ALL_CONTROL,40,160,,,,,,,,,,,,0.7,0.7562,0.926,0.752,0.351,1.714
1330,d0_new_low_since_anchor_so_far,FAILED_BREAKOUT,40,97,,,,,,,,,,,,0.4,0.2062,1.94,2.567,1.181,5.449
1330,d0_new_low_since_anchor_so_far,NO_LAUNCH,40,12,,,,,,,,,,,,0.4,0.5,0.8,0.667,0.162,2.211
1330,d0_new_low_since_anchor_so_far,STRUCTURE_FAIL,40,51,,,,,,,,,,,,0.4,0.3137,1.275,1.458,0.635,3.146
1330,d0_new_low_since_anchor_so_far,ALL_CONTROL,40,160,,,,,,,,,,,,0.4,0.2625,1.524,1.873,0.909,3.848
1400,s1,FAILED_BREAKOUT,40,97,15.02,9.2575,21.805,20.79,12.25,37.95,-5.77,0.2789,-11.062,-0.7311,0.0,,,,,,
1400,s1,NO_LAUNCH,40,12,15.02,9.2575,21.805,13.9,11.5675,34.555,1.12,0.1771,-28.2765,6.6936,0.0,,,,,,
1400,s1,STRUCTURE_FAIL,40,51,15.02,9.2575,21.805,15.54,10.835,24.62,-0.52,0.0941,-6.0909,5.175,0.0,,,,,,
1400,s1,ALL_CONTROL,40,160,15.02,9.2575,21.805,18.615,11.72,32.1825,-3.595,0.2123,-8.8564,1.8534,0.0,,,,,,
1400,invalid,FAILED_BREAKOUT,40,97,13.44,8.0475,19.7525,18.75,10.78,33.46,-5.31,0.282,-9.8599,-0.6459,0.0,,,,,,
1400,invalid,NO_LAUNCH,40,12,13.44,8.0475,19.7525,11.885,9.7625,27.9525,1.555,0.1,-19.015,6.6552,0.0,,,,,,
1400,invalid,STRUCTURE_FAIL,40,51,13.44,8.0475,19.7525,13.53,8.955,22.615,-0.09,0.0672,-5.34,4.891,0.0,,,,,,
1400,invalid,ALL_CONTROL,40,160,13.44,8.0475,19.7525,16.18,10.2,29.8,-2.74,0.1998,-7.9189,1.8825,0.0,,,,,,
1400,D1_close,FAILED_BREAKOUT,40,97,13.91,8.515,20.5575,18.74,11.39,35.55,-4.83,0.283,-9.8569,-0.4948,0.0,,,,,,
1400,D1_close,NO_LAUNCH,40,12,13.91,8.515,20.5575,12.215,9.78,31.85,1.695,0.1458,-26.227,6.5784,0.0,,,,,,
1400,D1_close,STRUCTURE_FAIL,40,51,13.91,8.515,20.5575,14.25,9.495,22.525,-0.34,0.0721,-5.5991,4.55,0.0,,,,,,
1400,D1_close,ALL_CONTROL,40,160,13.91,8.515,20.5575,16.985,10.715,30.855,-3.075,0.2055,-7.8555,1.7076,0.0,,,,,,
1400,D1_volume,FAILED_BREAKOUT,40,97,38378271.0,21600997.75,88396361.5,27585410.0,12836496.0,61045791.0,10792861.0,-0.2211,-3454678.55,38190319.5,0.0,,,,,,
1400,D1_volume,NO_LAUNCH,40,12,38378271.0,21600997.75,88396361.5,32690851.0,8298818.5,42421264.0,5687420.0,-0.3542,-8459176.65,43700418.7625,0.0,,,,,,
1400,D1_volume,STRUCTURE_FAIL,40,51,38378271.0,21600997.75,88396361.5,24452300.0,14205952.0,59077579.5,13925971.0,-0.2569,-3970581.0,37121887.6625,0.0,,,,,,
1400,D1_volume,ALL_CONTROL,40,160,38378271.0,21600997.75,88396361.5,27464760.5,12291668.5,59786917.5,10913510.5,-0.2425,-1191392.1375,44524682.8,0.0,,,,,,
1400,D1_upper_shadow_pct,FAILED_BREAKOUT,40,97,1.6802,0.0,2.2929,0.0,0.0,0.7242,1.6802,-0.3211,0.0,2.0661,0.0,,,,,,
1400,D1_upper_shadow_pct,NO_LAUNCH,40,12,1.6802,0.0,2.2929,1.258,0.0552,1.9251,0.4222,-0.0604,-1.5518,1.7784,0.0,,,,,,
1400,D1_upper_shadow_pct,STRUCTURE_FAIL,40,51,1.6802,0.0,2.2929,0.0,0.0,1.0797,1.6802,-0.3113,0.0,2.0903,0.0,,,,,,
1400,D1_upper_shadow_pct,ALL_CONTROL,40,160,1.6802,0.0,2.2929,0.0,0.0,1.1674,1.6802,-0.2984,0.0,2.0774,0.0,,,,,,
1400,D1_close_location,FAILED_BREAKOUT,40,97,0.222,0.0805,1.0,1.0,0.295,1.0,-0.778,0.332,-0.8955,0.0,0.0,,,,,,
1400,D1_close_location,NO_LAUNCH,40,12,0.222,0.0805,1.0,0.288,0.057,0.9835,-0.066,-0.1021,-0.7568,0.602,0.0,,,,,,
1400,D1_close_location,STRUCTURE_FAIL,40,51,0.222,0.0805,1.0,1.0,0.177,1.0,-0.778,0.2162,-0.8955,0.0,0.0,,,,,,
1400,D1_close_location,ALL_CONTROL,40,160,0.222,0.0805,1.0,1.0,0.2273,1.0,-0.778,0.2625,-0.889,0.0,0.0,,,,,,
1400,dist_D1_close_to_s1_pct,FAILED_BREAKOUT,40,97,-7.8255,-10.3963,-5.4528,-7.174,-9.7053,-5.2,-0.6515,0.1113,-2.098,1.2709,0.0,,,,,,
1400,dist_D1_close_to_s1_pct,NO_LAUNCH,40,12,-7.8255,-10.3963,-5.4528,-9.5171,-16.7256,-7.9345,1.6916,-0.3458,-0.3806,9.0924,0.0,,,,,,
1400,dist_D1_close_to_s1_pct,STRUCTURE_FAIL,40,51,-7.8255,-10.3963,-5.4528,-9.5538,-11.9075,-6.5019,1.7283,-0.2147,-0.3001,3.7519,0.0,,,,,,
1400,dist_D1_close_to_s1_pct,ALL_CONTROL,40,160,-7.8255,-10.3963,-5.4528,-7.874,-11.0682,-5.7075,0.0485,-0.0269,-1.3246,1.8812,0.0,,,,,,
1400,dist_D1_close_to_support_pct,FAILED_BREAKOUT,40,97,0.6732,-0.2964,3.1082,0.2036,-0.2195,4.1467,0.4696,0.0191,-1.0612,2.1712,0.0,,,,,,
1400,dist_D1_close_to_support_pct,NO_LAUNCH,40,12,0.6732,-0.2964,3.1082,5.7976,2.7759,13.3344,-5.1243,0.45,-13.5385,-0.0168,0.0,,,,,,
1400,dist_D1_close_to_support_pct,STRUCTURE_FAIL,40,51,0.6732,-0.2964,3.1082,0.7866,-0.6988,4.4425,-0.1134,0.0265,-2.1346,2.0619,0.0,,,,,,
1400,dist_D1_close_to_support_pct,ALL_CONTROL,40,160,0.6732,-0.2964,3.1082,0.6419,-0.2886,4.8383,0.0313,0.0537,-1.4222,2.0902,0.0,,,,,,
1400,dist_D1_close_to_invalid_pct,FAILED_BREAKOUT,40,97,1.8796,0.4904,4.1686,0.9183,0.4875,5.307,0.9613,-0.0119,-1.4637,2.5018,0.0,,,,,,
1400,dist_D1_close_to_invalid_pct,NO_LAUNCH,40,12,1.8796,0.4904,4.1686,6.9767,3.3286,14.1151,-5.0971,0.4375,-13.2495,0.0176,0.0,,,,,,
1400,dist_D1_close_to_invalid_pct,STRUCTURE_FAIL,40,51,1.8796,0.4904,4.1686,2.1254,0.4792,4.9866,-0.2458,0.0098,-2.0201,2.2019,0.0,,,,,,
1400,dist_D1_close_to_invalid_pct,ALL_CONTROL,40,160,1.8796,0.4904,4.1686,1.6545,0.4867,5.74,0.2251,0.0288,-1.7035,2.226,0.0,,,,,,
1400,pullback_volume_dry_up_pre_D0,FAILED_BREAKOUT,25,35,1.231,1.0324,1.4271,1.2824,1.0119,1.5483,-0.0514,0.0949,-0.2766,0.1581,0.375,,,,,,
1400,pullback_volume_dry_up_pre_D0,NO_LAUNCH,25,9,1.231,1.0324,1.4271,0.9015,0.6461,1.0816,0.3295,-0.4222,-0.1115,0.6398,0.375,,,,,,
1400,pullback_volume_dry_up_pre_D0,STRUCTURE_FAIL,25,20,1.231,1.0324,1.4271,1.0961,0.9382,1.4599,0.1349,-0.084,-0.1624,0.3217,0.375,,,,,,
1400,pullback_volume_dry_up_pre_D0,ALL_CONTROL,25,64,1.231,1.0324,1.4271,1.1586,0.9361,1.477,0.0724,-0.0337,-0.1702,0.2573,0.375,,,,,,
1400,probe_count_pre_D0,FAILED_BREAKOUT,40,97,0.0,0.0,1.0,0.0,0.0,1.0,0.0,-0.108,0.0,0.5,0.0,,,,,,
1400,probe_count_pre_D0,NO_LAUNCH,40,12,0.0,0.0,1.0,0.5,0.0,1.25,-0.5,0.1854,-1.5,0.0,0.0,,,,,,
1400,probe_count_pre_D0,STRUCTURE_FAIL,40,51,0.0,0.0,1.0,0.0,0.0,1.0,0.0,-0.0608,0.0,0.5,0.0,,,,,,
1400,probe_count_pre_D0,ALL_CONTROL,40,160,0.0,0.0,1.0,0.0,0.0,1.0,0.0,-0.0709,0.0,0.5,0.0,,,,,,
1400,closest_high_to_s1_pre_D0_pct,FAILED_BREAKOUT,25,35,-2.2685,-6.2017,0.0,0.0,-4.1989,0.2021,-2.2685,0.2183,-5.2386,2.0274,0.375,,,,,,
1400,closest_high_to_s1_pre_D0_pct,NO_LAUNCH,25,9,-2.2685,-6.2017,0.0,-2.4513,-8.0537,-1.1155,0.1828,-0.3067,-3.1298,10.9155,0.375,,,,,,
1400,closest_high_to_s1_pre_D0_pct,STRUCTURE_FAIL,25,20,-2.2685,-6.2017,0.0,-2.157,-5.4459,0.0,-0.1115,0.008,-4.2453,4.6295,0.375,,,,,,
1400,closest_high_to_s1_pre_D0_pct,ALL_CONTROL,25,64,-2.2685,-6.2017,0.0,-1.336,-5.2344,0.0,-0.9325,0.0787,-3.935,2.482,0.375,,,,,,
1400,pre_D0_min_low,FAILED_BREAKOUT,25,35,14.61,7.6,23.3,21.05,10.91,69.99,-6.44,0.2983,-26.27,2.2215,0.375,,,,,,
1400,pre_D0_min_low,NO_LAUNCH,25,9,14.61,7.6,23.3,16.4,9.74,43.3,-1.79,0.2044,-49.42,8.9295,0.375,,,,,,
1400,pre_D0_min_low,STRUCTURE_FAIL,25,20,14.61,7.6,23.3,13.965,10.37,24.52,0.645,0.072,-6.731,7.0,0.375,,,,,,
1400,pre_D0_min_low,ALL_CONTROL,25,64,14.61,7.6,23.3,17.35,10.0625,45.79,-2.74,0.2144,-11.7,4.5722,0.375,,,,,,
1400,d0_open,FAILED_BREAKOUT,40,97,14.0,8.6625,20.8425,18.89,11.2,35.03,-4.89,0.2799,-10.1028,-0.599,0.0,,,,,,
1400,d0_open,NO_LAUNCH,40,12,14.0,8.6625,20.8425,12.22,9.69,31.44,1.78,0.1333,-25.5562,6.6677,0.0,,,,,,
1400,d0_open,STRUCTURE_FAIL,40,51,14.0,8.6625,20.8425,14.12,9.405,22.735,-0.12,0.0706,-5.6779,4.53,0.0,,,,,,
1400,d0_open,ALL_CONTROL,40,160,14.0,8.6625,20.8425,16.845,10.53,30.8325,-2.845,0.2022,-7.8068,1.9355,0.0,,,,,,
1400,prev_close,FAILED_BREAKOUT,40,97,13.91,8.515,20.5575,18.74,11.39,35.55,-4.83,0.283,-9.8569,-0.4948,0.0,,,,,,
1400,prev_close,NO_LAUNCH,40,12,13.91,8.515,20.5575,12.215,9.78,31.85,1.695,0.1458,-26.227,6.5784,0.0,,,,,,
1400,prev_close,STRUCTURE_FAIL,40,51,13.91,8.515,20.5575,14.25,9.495,22.525,-0.34,0.0721,-5.5991,4.55,0.0,,,,,,
1400,prev_close,ALL_CONTROL,40,160,13.91,8.515,20.5575,16.985,10.715,30.855,-3.075,0.2055,-7.8555,1.7076,0.0,,,,,,
1400,anchor_volume,FAILED_BREAKOUT,40,97,34400680.0,20753255.25,88258304.0,23968869.0,10048904.0,59367293.0,10431811.0,-0.2124,-783196.0,29472921.8,0.0,,,,,,
1400,anchor_volume,NO_LAUNCH,40,12,34400680.0,20753255.25,88258304.0,32472144.5,9585006.25,36957980.0,1928535.5,-0.2833,-9125916.0,36104441.0,0.0,,,,,,
1400,anchor_volume,STRUCTURE_FAIL,40,51,34400680.0,20753255.25,88258304.0,23851203.0,9866050.0,60878530.0,10549477.0,-0.2196,-6820401.675,29799121.975,0.0,,,,,,
1400,anchor_volume,ALL_CONTROL,40,160,34400680.0,20753255.25,88258304.0,24103611.0,9934030.5,58467182.0,10297069.0,-0.22,-667990.8875,36267876.3125,0.0,,,,,,
1400,price_to_s1_pct,FAILED_BREAKOUT,40,97,-6.7526,-8.6747,-4.8484,-5.9713,-7.6496,-4.5817,-0.7813,0.0879,-2.4723,0.8689,0.0,,,,,,
1400,price_to_s1_pct,NO_LAUNCH,40,12,-6.7526,-8.6747,-4.8484,-10.1032,-16.7281,-8.1647,3.3506,-0.6083,0.5438,10.5746,0.0,,,,,,
1400,price_to_s1_pct,STRUCTURE_FAIL,40,51,-6.7526,-8.6747,-4.8484,-7.6774,-11.9315,-6.594,0.9248,-0.3407,-0.8394,3.8444,0.0,,,,,,
1400,price_to_s1_pct,ALL_CONTROL,40,160,-6.7526,-8.6747,-4.8484,-6.7254,-8.9504,-5.4399,-0.0272,-0.1009,-1.6663,1.7571,0.0,,,,,,
1400,session_high_to_s1_pct,FAILED_BREAKOUT,40,97,-4.1643,-6.3724,-2.4865,-3.7079,-4.9645,-2.5349,-0.4564,0.1325,-1.8134,0.9657,0.0,,,,,,
1400,session_high_to_s1_pct,NO_LAUNCH,40,12,-4.1643,-6.3724,-2.4865,-7.1856,-10.7369,-4.8613,3.0213,-0.5625,0.0349,7.6625,0.0,,,,,,
1400,session_high_to_s1_pct,STRUCTURE_FAIL,40,51,-4.1643,-6.3724,-2.4865,-4.8214,-8.0869,-2.8443,0.6571,-0.1608,-1.1348,2.5886,0.0,,,,,,
1400,session_high_to_s1_pct,ALL_CONTROL,40,160,-4.1643,-6.3724,-2.4865,-4.0591,-5.8398,-2.7701,-0.1051,-0.0131,-1.4988,1.3028,0.0,,,,,,
1400,best_distance_to_s1_so_far_pct,FAILED_BREAKOUT,40,97,-7.7513,-10.7576,-6.0473,-7.898,-9.7801,-6.0304,0.1467,0.0294,-1.7768,1.5098,0.0,,,,,,
1400,best_distance_to_s1_so_far_pct,NO_LAUNCH,40,12,-7.7513,-10.7576,-6.0473,-11.7546,-16.6266,-9.6299,4.0032,-0.5583,0.6437,9.2348,0.0,,,,,,
1400,best_distance_to_s1_so_far_pct,STRUCTURE_FAIL,40,51,-7.7513,-10.7576,-6.0473,-9.9583,-12.7379,-7.5393,2.207,-0.3382,-0.0098,4.6612,0.0,,,,,,
1400,best_distance_to_s1_so_far_pct,ALL_CONTROL,40,160,-7.7513,-10.7576,-6.0473,-8.8608,-11.5371,-6.4084,1.1095,-0.1319,-0.8933,2.4719,0.0,,,,,,
1400,s1_cross_count_so_far,FAILED_BREAKOUT,40,97,0.0,0.0,0.0,0.0,0.0,0.0,0.0,0.0,0.0,0.0,0.0,,,,,,
1400,s1_cross_count_so_far,NO_LAUNCH,40,12,0.0,0.0,0.0,0.0,0.0,0.0,0.0,0.0,0.0,0.0,0.0,,,,,,
1400,s1_cross_count_so_far,STRUCTURE_FAIL,40,51,0.0,0.0,0.0,0.0,0.0,0.0,0.0,0.0,0.0,0.0,0.0,,,,,,
1400,s1_cross_count_so_far,ALL_CONTROL,40,160,0.0,0.0,0.0,0.0,0.0,0.0,0.0,0.0,0.0,0.0,0.0,,,,,,
1400,s1_reject_count_so_far,FAILED_BREAKOUT,40,97,0.0,0.0,0.0,0.0,0.0,0.0,0.0,0.0,0.0,0.0,0.0,,,,,,
1400,s1_reject_count_so_far,NO_LAUNCH,40,12,0.0,0.0,0.0,0.0,0.0,0.0,0.0,0.0,0.0,0.0,0.0,,,,,,
1400,s1_reject_count_so_far,STRUCTURE_FAIL,40,51,0.0,0.0,0.0,0.0,0.0,0.0,0.0,0.0,0.0,0.0,0.0,,,,,,
1400,s1_reject_count_so_far,ALL_CONTROL,40,160,0.0,0.0,0.0,0.0,0.0,0.0,0.0,0.0,0.0,0.0,0.0,,,,,,
1400,price_to_support_pct,FAILED_BREAKOUT,40,97,2.4206,1.4748,4.4994,2.212,0.994,4.1543,0.2086,-0.0515,-0.7336,1.1251,0.0,,,,,,
1400,price_to_support_pct,NO_LAUNCH,40,12,2.4206,1.4748,4.4994,5.158,3.3208,9.049,-2.7374,0.4542,-8.346,-0.2922,0.0,,,,,,
1400,price_to_support_pct,STRUCTURE_FAIL,40,51,2.4206,1.4748,4.4994,1.391,0.5133,3.1475,1.0296,-0.2304,-0.3136,2.2374,0.0,,,,,,
1400,price_to_support_pct,ALL_CONTROL,40,160,2.4206,1.4748,4.4994,2.2,0.9049,4.3521,0.2206,-0.0706,-0.5554,1.1639,0.0,,,,,,
1400,price_to_invalid_pct,FAILED_BREAKOUT,40,97,3.3051,2.3058,5.0181,3.0467,2.0028,5.035,0.2584,-0.0804,-0.6138,1.175,0.0,,,,,,
1400,price_to_invalid_pct,NO_LAUNCH,40,12,3.3051,2.3058,5.0181,5.7017,4.2508,10.1795,-2.3966,0.4667,-8.2867,-0.3296,0.0,,,,,,
1400,price_to_invalid_pct,STRUCTURE_FAIL,40,51,3.3051,2.3058,5.0181,2.4151,1.285,3.9278,0.89,-0.2441,-0.2268,2.1944,0.0,,,,,,
1400,price_to_invalid_pct,ALL_CONTROL,40,160,3.3051,2.3058,5.0181,3.0385,1.5632,5.067,0.2666,-0.0916,-0.4084,1.2621,0.0,,,,,,
1400,session_low_to_support_pct,FAILED_BREAKOUT,40,97,-0.4002,-1.6921,1.0771,-1.2209,-2.9126,0.2351,0.8207,-0.1835,-0.2585,1.8819,0.0,,,,,,
1400,session_low_to_support_pct,NO_LAUNCH,40,12,-0.4002,-1.6921,1.0771,2.7404,0.1535,7.8937,-3.1406,0.4792,-8.9169,-0.2861,0.0,,,,,,
1400,session_low_to_support_pct,STRUCTURE_FAIL,40,51,-0.4002,-1.6921,1.0771,-1.7341,-2.8537,0.1335,1.3339,-0.2157,-0.3441,2.3234,0.0,,,,,,
1400,session_low_to_support_pct,ALL_CONTROL,40,160,-0.4002,-1.6921,1.0771,-1.023,-2.8502,0.656,0.6228,-0.1441,-0.2375,1.8167,0.0,,,,,,
1400,minutes_since_support_touch,FAILED_BREAKOUT,24,70,265.0,265.0,265.0,265.0,265.0,265.0,0.0,-0.0619,0.0,0.0,0.4,,,,,,
1400,minutes_since_support_touch,STRUCTURE_FAIL,24,38,265.0,265.0,265.0,265.0,261.25,265.0,0.0,-0.1053,0.0,0.0,0.4,,,,,,
1400,minutes_since_support_touch,ALL_CONTROL,24,111,265.0,265.0,265.0,265.0,265.0,265.0,0.0,-0.0706,0.0,0.0,0.4,,,,,,
1400,minutes_from_support_low_to_reclaim,FAILED_BREAKOUT,23,66,5.0,5.0,5.0,5.0,5.0,8.75,0.0,-0.0125,0.0,0.0,0.425,,,,,,
1400,minutes_from_support_low_to_reclaim,STRUCTURE_FAIL,23,36,5.0,5.0,5.0,5.0,5.0,18.75,0.0,0.1027,-7.5,0.0,0.425,,,,,,
1400,minutes_from_support_low_to_reclaim,ALL_CONTROL,23,105,5.0,5.0,5.0,5.0,5.0,15.0,0.0,0.0398,0.0,0.0,0.425,,,,,,
1400,price_after_support_reclaim_pct,FAILED_BREAKOUT,23,66,1.7167,1.1671,2.6881,1.9086,0.9404,3.2669,-0.192,0.0119,-0.6866,0.5734,0.425,,,,,,
1400,price_after_support_reclaim_pct,STRUCTURE_FAIL,23,36,1.7167,1.1671,2.6881,0.9651,0.469,2.427,0.7516,-0.2923,-0.0912,1.6395,0.425,,,,,,
1400,price_after_support_reclaim_pct,ALL_CONTROL,23,105,1.7167,1.1671,2.6881,1.6916,0.7952,2.95,0.0251,-0.099,-0.4751,0.981,0.425,,,,,,
1400,drawdown_from_open_pct,FAILED_BREAKOUT,40,97,-1.8805,-2.7698,-1.353,-2.515,-3.9359,-1.0169,0.6345,-0.1472,-0.0934,1.1181,0.0,,,,,,
1400,drawdown_from_open_pct,NO_LAUNCH,40,12,-1.8805,-2.7698,-1.353,-1.2473,-3.0118,-0.6991,-0.6332,0.1208,-1.3379,1.1966,0.0,,,,,,
1400,drawdown_from_open_pct,STRUCTURE_FAIL,40,51,-1.8805,-2.7698,-1.353,-1.9956,-3.5703,-1.1645,0.1151,-0.1201,-0.6131,1.2304,0.0,,,,,,
1400,drawdown_from_open_pct,ALL_CONTROL,40,160,-1.8805,-2.7698,-1.353,-2.1584,-3.7604,-1.0315,0.2779,-0.1184,-0.2825,0.916,0.0,,,,,,
1400,session_low_pct_vs_prev_close,FAILED_BREAKOUT,40,97,-1.8043,-3.0438,0.0,-2.3715,-4.1096,-1.0139,0.5672,-0.2598,-0.3794,1.7461,0.0,,,,,,
1400,session_low_pct_vs_prev_close,NO_LAUNCH,40,12,-1.8043,-3.0438,0.0,-2.057,-4.2253,-1.3485,0.2526,-0.2917,-0.7169,2.8841,0.0,,,,,,
1400,session_low_pct_vs_prev_close,STRUCTURE_FAIL,40,51,-1.8043,-3.0438,0.0,-2.9876,-4.1938,-1.4975,1.1833,-0.3441,0.0003,2.2077,0.0,,,,,,
1400,session_low_pct_vs_prev_close,ALL_CONTROL,40,160,-1.8043,-3.0438,0.0,-2.4371,-4.171,-1.2187,0.6327,-0.2891,-0.1648,1.7322,0.0,,,,,,
1400,recovery_from_session_low_pct,FAILED_BREAKOUT,40,97,2.7896,1.6402,3.9368,3.7404,2.3111,5.5429,-0.9508,0.2263,-1.9846,0.0143,0.0,,,,,,
1400,recovery_from_session_low_pct,NO_LAUNCH,40,12,2.7896,1.6402,3.9368,1.9573,1.4722,3.1254,0.8323,-0.1833,-0.8577,1.6083,0.0,,,,,,
1400,recovery_from_session_low_pct,STRUCTURE_FAIL,40,51,2.7896,1.6402,3.9368,2.7561,1.1542,4.4394,0.0335,-0.0431,-1.033,1.1862,0.0,,,,,,
1400,recovery_from_session_low_pct,ALL_CONTROL,40,160,2.7896,1.6402,3.9368,3.0213,1.7467,5.2435,-0.2317,0.1097,-1.1996,0.3194,0.0,,,,,,
1400,recovery_fraction_of_drawdown,FAILED_BREAKOUT,39,85,1.4444,0.7611,2.4762,1.369,0.7097,2.3,0.0754,-0.0498,-0.4708,0.704,0.025,,,,,,
1400,recovery_fraction_of_drawdown,NO_LAUNCH,39,12,1.4444,0.7611,2.4762,2.0793,0.7485,4.4334,-0.6349,0.1197,-2.9952,1.0376,0.025,,,,,,
1400,recovery_fraction_of_drawdown,STRUCTURE_FAIL,39,50,1.4444,0.7611,2.4762,1.3095,0.4,2.6666,0.1349,-0.1251,-0.51,0.8574,0.025,,,,,,
1400,recovery_fraction_of_drawdown,ALL_CONTROL,39,147,1.4444,0.7611,2.4762,1.369,0.6112,2.704,0.0754,-0.0616,-0.444,0.6057,0.025,,,,,,
1400,minutes_low_to_open_reclaim,FAILED_BREAKOUT,31,75,5.0,5.0,20.0,5.0,5.0,20.0,0.0,0.0813,0.0,0.0,0.225,,,,,,
1400,minutes_low_to_open_reclaim,NO_LAUNCH,31,11,5.0,5.0,20.0,5.0,5.0,17.5,0.0,0.1173,-20.0,0.0,0.225,,,,,,
1400,minutes_low_to_open_reclaim,STRUCTURE_FAIL,31,34,5.0,5.0,20.0,5.0,5.0,8.75,0.0,-0.0285,0.0,0.0,0.225,,,,,,
1400,minutes_low_to_open_reclaim,ALL_CONTROL,31,120,5.0,5.0,20.0,5.0,5.0,15.0,0.0,0.0535,0.0,0.0,0.225,,,,,,
1400,minutes_low_to_prev_close_reclaim,FAILED_BREAKOUT,33,76,5.0,5.0,20.0,5.0,5.0,15.0,0.0,-0.0327,0.0,5.0,0.175,,,,,,
1400,minutes_low_to_prev_close_reclaim,NO_LAUNCH,33,9,5.0,5.0,20.0,10.0,5.0,25.0,-5.0,0.1414,-20.0,5.0,0.175,,,,,,
1400,minutes_low_to_prev_close_reclaim,STRUCTURE_FAIL,33,33,5.0,5.0,20.0,5.0,5.0,10.0,0.0,-0.0156,-5.0,5.0,0.175,,,,,,
1400,minutes_low_to_prev_close_reclaim,ALL_CONTROL,33,118,5.0,5.0,20.0,5.0,5.0,15.0,0.0,-0.0146,0.0,10.0,0.175,,,,,,
1400,price_vs_vwap_pct,FAILED_BREAKOUT,40,97,-0.0029,-0.4366,0.7398,0.592,-0.4872,1.4708,-0.5948,0.1747,-1.196,-0.0897,0.0,,,,,,
1400,price_vs_vwap_pct,NO_LAUNCH,40,12,-0.0029,-0.4366,0.7398,-0.4254,-1.1066,0.4918,0.4226,-0.2042,-0.7855,1.4111,0.0,,,,,,
1400,price_vs_vwap_pct,STRUCTURE_FAIL,40,51,-0.0029,-0.4366,0.7398,-0.3683,-1.2366,0.4856,0.3654,-0.1912,-0.3304,0.9469,0.0,,,,,,
1400,price_vs_vwap_pct,ALL_CONTROL,40,160,-0.0029,-0.4366,0.7398,0.2461,-0.9751,1.247,-0.249,0.0297,-0.7019,0.2247,0.0,,,,,,
1400,minutes_low_to_vwap_reclaim,FAILED_BREAKOUT,29,79,20.0,10.0,30.0,20.0,10.0,45.0,0.0,0.0192,-10.0,10.0,0.275,,,,,,
1400,minutes_low_to_vwap_reclaim,NO_LAUNCH,29,10,20.0,10.0,30.0,22.5,6.25,33.75,-2.5,-0.0172,-28.8125,15.0,0.275,,,,,,
1400,minutes_low_to_vwap_reclaim,STRUCTURE_FAIL,29,31,20.0,10.0,30.0,25.0,5.0,50.0,-5.0,0.0156,-25.0,15.0,0.275,,,,,,
1400,minutes_low_to_vwap_reclaim,ALL_CONTROL,29,120,20.0,10.0,30.0,20.0,5.0,45.0,0.0,0.0152,-10.0,10.0,0.275,,,,,,
1400,pct_bars_above_vwap_since_low,FAILED_BREAKOUT,40,97,48.61,21.21,88.9075,63.89,40.0,88.24,-15.28,0.1082,-37.4406,14.625,0.0,,,,,,
1400,pct_bars_above_vwap_since_low,NO_LAUNCH,40,12,48.61,21.21,88.9075,50.0,31.9425,75.0025,-1.39,-0.0604,-31.675,36.2982,0.0,,,,,,
1400,pct_bars_above_vwap_since_low,STRUCTURE_FAIL,40,51,48.61,21.21,88.9075,34.29,0.0,72.22,14.32,-0.1873,-10.985,47.4379,0.0,,,,,,
1400,pct_bars_above_vwap_since_low,ALL_CONTROL,40,160,48.61,21.21,88.9075,52.475,19.86,83.795,-3.865,0.0014,-24.1101,21.0422,0.0,,,,,,
1400,vwap_rebreak_count_after_low,FAILED_BREAKOUT,40,97,1.0,0.0,3.0,1.0,0.0,2.0,0.0,0.0036,-1.0,1.0,0.0,,,,,,
1400,vwap_rebreak_count_after_low,NO_LAUNCH,40,12,1.0,0.0,3.0,2.0,1.0,2.5,-1.0,0.2167,-2.0,0.5,0.0,,,,,,
1400,vwap_rebreak_count_after_low,STRUCTURE_FAIL,40,51,1.0,0.0,3.0,1.0,0.0,3.0,0.0,0.0152,-1.5,1.0,0.0,,,,,,
1400,vwap_rebreak_count_after_low,ALL_CONTROL,40,160,1.0,0.0,3.0,1.0,0.0,2.0,0.0,0.0233,-1.0,0.5,0.0,,,,,,
1400,vwap_reclaim_count_after_low,FAILED_BREAKOUT,40,97,1.0,0.0,3.0,2.0,1.0,2.0,-1.0,0.0469,-1.0,1.0,0.0,,,,,,
1400,vwap_reclaim_count_after_low,NO_LAUNCH,40,12,1.0,0.0,3.0,1.0,0.75,3.25,0.0,0.0687,-2.0,1.0,0.0,,,,,,
1400,vwap_reclaim_count_after_low,STRUCTURE_FAIL,40,51,1.0,0.0,3.0,2.0,0.0,3.0,-1.0,-0.026,-1.0,1.0,0.0,,,,,,
1400,vwap_reclaim_count_after_low,ALL_CONTROL,40,160,1.0,0.0,3.0,1.5,0.0,3.0,-0.5,0.0253,-1.0,1.0,0.0,,,,,,
1400,closest_high_to_s1_pct_so_far,FAILED_BREAKOUT,40,97,-7.7513,-10.7576,-6.0473,-7.898,-9.7801,-6.0304,0.1467,0.0294,-1.7768,1.5098,0.0,,,,,,
1400,closest_high_to_s1_pct_so_far,NO_LAUNCH,40,12,-7.7513,-10.7576,-6.0473,-11.7546,-16.6266,-9.6299,4.0032,-0.5583,0.6437,9.2348,0.0,,,,,,
1400,closest_high_to_s1_pct_so_far,STRUCTURE_FAIL,40,51,-7.7513,-10.7576,-6.0473,-9.9583,-12.7379,-7.5393,2.207,-0.3382,-0.0098,4.6612,0.0,,,,,,
1400,closest_high_to_s1_pct_so_far,ALL_CONTROL,40,160,-7.7513,-10.7576,-6.0473,-8.8608,-11.5371,-6.4084,1.1095,-0.1319,-0.8933,2.4719,0.0,,,,,,
1400,number_of_intraday_local_highs,FAILED_BREAKOUT,40,97,2.5,1.0,4.0,3.0,1.0,4.0,-0.5,0.059,-1.5,1.0,0.0,,,,,,
1400,number_of_intraday_local_highs,NO_LAUNCH,40,12,2.5,1.0,4.0,3.0,2.5,3.0,-0.5,0.0458,-1.5,1.0,0.0,,,,,,
1400,number_of_intraday_local_highs,STRUCTURE_FAIL,40,51,2.5,1.0,4.0,2.0,1.0,4.0,0.5,-0.1015,-1.0,2.0,0.0,,,,,,
1400,number_of_intraday_local_highs,ALL_CONTROL,40,160,2.5,1.0,4.0,2.5,1.0,4.0,0.0,0.0069,-1.0,1.5,0.0,,,,,,
1400,local_high_progression_pct,FAILED_BREAKOUT,40,97,3.2877,2.4727,4.6988,3.272,1.8601,5.1579,0.0157,0.0088,-0.8548,0.949,0.0,,,,,,
1400,local_high_progression_pct,NO_LAUNCH,40,12,3.2877,2.4727,4.6988,3.2929,2.2804,4.702,-0.0051,-0.0083,-2.8506,1.4059,0.0,,,,,,
1400,local_high_progression_pct,STRUCTURE_FAIL,40,51,3.2877,2.4727,4.6988,4.0289,1.7512,6.3733,-0.7412,0.1402,-1.9777,0.167,0.0,,,,,,
1400,local_high_progression_pct,ALL_CONTROL,40,160,3.2877,2.4727,4.6988,3.5084,1.8669,5.6965,-0.2207,0.0494,-0.9776,0.6849,0.0,,,,,,
1400,high_progression_pct,FAILED_BREAKOUT,40,97,3.2877,2.4727,4.6988,3.272,1.8601,5.1579,0.0157,0.0088,-0.8548,0.949,0.0,,,,,,
1400,high_progression_pct,NO_LAUNCH,40,12,3.2877,2.4727,4.6988,3.2929,2.2804,4.702,-0.0051,-0.0083,-2.8506,1.4059,0.0,,,,,,
1400,high_progression_pct,STRUCTURE_FAIL,40,51,3.2877,2.4727,4.6988,4.0289,1.7512,6.3733,-0.7412,0.1402,-1.9777,0.167,0.0,,,,,,
1400,high_progression_pct,ALL_CONTROL,40,160,3.2877,2.4727,4.6988,3.5084,1.8669,5.6965,-0.2207,0.0494,-0.9776,0.6849,0.0,,,,,,
1400,probe_v01_compat,FAILED_BREAKOUT,40,97,0.0,0.0,0.0,0.0,0.0,0.0,0.0,0.0,0.0,0.0,0.0,,,,,,
1400,probe_v01_compat,NO_LAUNCH,40,12,0.0,0.0,0.0,0.0,0.0,0.0,0.0,0.0,0.0,0.0,0.0,,,,,,
1400,probe_v01_compat,STRUCTURE_FAIL,40,51,0.0,0.0,0.0,0.0,0.0,0.0,0.0,0.0,0.0,0.0,0.0,,,,,,
1400,probe_v01_compat,ALL_CONTROL,40,160,0.0,0.0,0.0,0.0,0.0,0.0,0.0,0.0,0.0,0.0,0.0,,,,,,
1400,continuous_s1_approach,FAILED_BREAKOUT,40,97,-7.7513,-10.7576,-6.0473,-7.898,-9.7801,-6.0304,0.1467,0.0294,-1.7768,1.5098,0.0,,,,,,
1400,continuous_s1_approach,NO_LAUNCH,40,12,-7.7513,-10.7576,-6.0473,-11.7546,-16.6266,-9.6299,4.0032,-0.5583,0.6437,9.2348,0.0,,,,,,
1400,continuous_s1_approach,STRUCTURE_FAIL,40,51,-7.7513,-10.7576,-6.0473,-9.9583,-12.7379,-7.5393,2.207,-0.3382,-0.0098,4.6612,0.0,,,,,,
1400,continuous_s1_approach,ALL_CONTROL,40,160,-7.7513,-10.7576,-6.0473,-8.8608,-11.5371,-6.4084,1.1095,-0.1319,-0.8933,2.4719,0.0,,,,,,
1400,cum_volume,FAILED_BREAKOUT,40,97,41869860.5,14996080.5,66939715.0,24772373.0,12121895.0,75137190.0,17097487.5,-0.1046,-5600656.4625,31681159.125,0.0,,,,,,
1400,cum_volume,NO_LAUNCH,40,12,41869860.5,14996080.5,66939715.0,22094409.0,5204975.0,33664949.5,19775451.5,-0.3917,-3523539.8375,40418345.5,0.0,,,,,,
1400,cum_volume,STRUCTURE_FAIL,40,51,41869860.5,14996080.5,66939715.0,33396082.0,13084513.0,53912547.5,8473778.5,-0.1137,-10327469.0,23437051.975,0.0,,,,,,
1400,cum_volume,ALL_CONTROL,40,160,41869860.5,14996080.5,66939715.0,27445617.5,11713308.5,60760905.5,14424243.0,-0.1291,-4564102.575,28517300.05,0.0,,,,,,
1400,cum_volume_vs_D1_ratio,FAILED_BREAKOUT,40,97,0.6905,0.5287,0.9493,0.9133,0.6606,1.306,-0.2228,0.3139,-0.3878,-0.0103,0.0,,,,,,
1400,cum_volume_vs_D1_ratio,NO_LAUNCH,40,12,0.6905,0.5287,0.9493,0.7255,0.6545,0.8714,-0.0351,0.1083,-0.219,0.1595,0.0,,,,,,
1400,cum_volume_vs_D1_ratio,STRUCTURE_FAIL,40,51,0.6905,0.5287,0.9493,0.89,0.7682,1.6603,-0.1996,0.3789,-0.5543,-0.0235,0.0,,,,,,
1400,cum_volume_vs_D1_ratio,ALL_CONTROL,40,160,0.6905,0.5287,0.9493,0.8899,0.6982,1.3297,-0.1994,0.3192,-0.3547,-0.0089,0.0,,,,,,
1400,cum_volume_vs_anchor_ratio,FAILED_BREAKOUT,40,97,0.841,0.6631,1.1372,1.0053,0.8172,1.3925,-0.1643,0.2871,-0.3462,0.0535,0.0,,,,,,
1400,cum_volume_vs_anchor_ratio,NO_LAUNCH,40,12,0.841,0.6631,1.1372,0.6668,0.5545,0.8236,0.1742,-0.2875,-0.1869,0.3947,0.0,,,,,,
1400,cum_volume_vs_anchor_ratio,STRUCTURE_FAIL,40,51,0.841,0.6631,1.1372,0.995,0.7686,1.8042,-0.154,0.3059,-0.6158,0.0316,0.0,,,,,,
1400,cum_volume_vs_anchor_ratio,ALL_CONTROL,40,160,0.841,0.6631,1.1372,0.9904,0.7714,1.4708,-0.1494,0.25,-0.299,0.027,0.0,,,,,,
1400,volume_since_session_low,FAILED_BREAKOUT,40,97,24540410.5,7083118.0,52082323.25,15465900.0,7440200.0,44892104.0,9074510.5,-0.0835,-5357245.15,27094644.55,0.0,,,,,,
1400,volume_since_session_low,NO_LAUNCH,40,12,24540410.5,7083118.0,52082323.25,6251792.0,4228425.75,33664949.5,18288618.5,-0.3167,-16471221.0875,35102854.7375,0.0,,,,,,
1400,volume_since_session_low,STRUCTURE_FAIL,40,51,24540410.5,7083118.0,52082323.25,24445673.0,4888490.0,47778835.0,94737.5,-0.0804,-13227669.075,18387365.9125,0.0,,,,,,
1400,volume_since_session_low,ALL_CONTROL,40,160,24540410.5,7083118.0,52082323.25,16171520.0,6460680.25,41269718.0,8368890.5,-0.1,-5869548.3125,23995090.575,0.0,,,,,,
1400,volume_on_recovery,FAILED_BREAKOUT,29,70,7566312.0,2537700.0,17832700.0,5254335.0,2916108.0,16107582.75,2311977.0,-0.0355,-2405106.475,8776748.95,0.275,,,,,,
1400,volume_on_recovery,NO_LAUNCH,29,7,7566312.0,2537700.0,17832700.0,1165000.0,982992.0,10462312.5,6401312.0,-0.3399,-7793847.0,12477338.0,0.275,,,,,,
1400,volume_on_recovery,STRUCTURE_FAIL,29,35,7566312.0,2537700.0,17832700.0,9024366.0,1969149.5,19055380.0,-1458054.0,-0.0207,-7311405.0,8108703.025,0.275,,,,,,
1400,volume_on_recovery,ALL_CONTROL,29,112,7566312.0,2537700.0,17832700.0,5364001.0,2589775.0,16565422.25,2202311.0,-0.0499,-2801448.8125,8809046.0,0.275,,,,,,
1400,return_from_open_pct,FAILED_BREAKOUT,40,97,0.7987,-0.43,2.2538,1.4831,-0.9511,2.7489,-0.6845,0.0582,-1.6724,0.6518,0.0,,,,,,
1400,return_from_open_pct,NO_LAUNCH,40,12,0.7987,-0.43,2.2538,1.123,-0.6356,2.0706,-0.3243,-0.025,-1.7033,2.0679,0.0,,,,,,
1400,return_from_open_pct,STRUCTURE_FAIL,40,51,0.7987,-0.43,2.2538,0.6048,-1.8002,2.3765,0.1939,-0.0941,-0.7997,1.5288,0.0,,,,,,
1400,return_from_open_pct,ALL_CONTROL,40,160,0.7987,-0.43,2.2538,1.0115,-1.0106,2.5761,-0.2128,0.0034,-1.1754,0.9034,0.0,,,,,,
1400,return_from_prev_close_pct,FAILED_BREAKOUT,40,97,1.3867,-0.7785,3.1972,1.0549,-0.8585,3.1884,0.3318,-0.0515,-1.1099,1.7087,0.0,,,,,,
1400,return_from_prev_close_pct,NO_LAUNCH,40,12,1.3867,-0.7785,3.1972,-0.7905,-2.0743,0.8181,2.1772,-0.3583,-0.4716,3.9657,0.0,,,,,,
1400,return_from_prev_close_pct,STRUCTURE_FAIL,40,51,1.3867,-0.7785,3.1972,0.369,-1.2115,2.6269,1.0177,-0.1765,-0.2622,2.5713,0.0,,,,,,
1400,return_from_prev_close_pct,ALL_CONTROL,40,160,1.3867,-0.7785,3.1972,0.7911,-1.1606,3.0054,0.5956,-0.1144,-0.6485,2.1468,0.0,,,,,,
1400,session_range_pct,FAILED_BREAKOUT,40,97,5.3727,4.5184,6.5253,6.0114,4.783,7.9618,-0.6387,0.217,-1.4728,0.1263,0.0,,,,,,
1400,session_range_pct,NO_LAUNCH,40,12,5.3727,4.5184,6.5253,5.3756,3.8594,7.4598,-0.0029,0.0,-2.6616,1.6672,0.0,,,,,,
1400,session_range_pct,STRUCTURE_FAIL,40,51,5.3727,4.5184,6.5253,6.267,5.2093,9.3742,-0.8943,0.3294,-1.9433,0.0873,0.0,,,,,,
1400,session_range_pct,ALL_CONTROL,40,160,5.3727,4.5184,6.5253,6.0705,4.9887,8.0743,-0.6978,0.2366,-1.3815,0.005,0.0,,,,,,
1400,close_location_so_far,FAILED_BREAKOUT,40,97,0.5,0.3488,0.6975,0.659,0.374,0.767,-0.159,0.1495,-0.243,-0.0267,0.0,,,,,,
1400,close_location_so_far,NO_LAUNCH,40,12,0.5,0.3488,0.6975,0.4545,0.2485,0.632,0.0455,-0.1917,-0.191,0.3091,0.0,,,,,,
1400,close_location_so_far,STRUCTURE_FAIL,40,51,0.5,0.3488,0.6975,0.367,0.238,0.584,0.133,-0.2245,-0.0475,0.2573,0.0,,,,,,
1400,close_location_so_far,ALL_CONTROL,40,160,0.5,0.3488,0.6975,0.552,0.3015,0.7315,-0.052,0.0047,-0.141,0.0563,0.0,,,,,,
1400,high_from_open_pct,FAILED_BREAKOUT,40,97,3.2877,2.4727,4.6988,3.272,1.8601,5.1579,0.0157,0.0088,-0.8548,0.949,0.0,,,,,,
1400,high_from_open_pct,NO_LAUNCH,40,12,3.2877,2.4727,4.6988,3.2929,2.2804,4.702,-0.0051,-0.0083,-2.8506,1.4059,0.0,,,,,,
1400,high_from_open_pct,STRUCTURE_FAIL,40,51,3.2877,2.4727,4.6988,4.0289,1.7512,6.3733,-0.7412,0.1402,-1.9777,0.167,0.0,,,,,,
1400,high_from_open_pct,ALL_CONTROL,40,160,3.2877,2.4727,4.6988,3.5084,1.8669,5.6965,-0.2207,0.0494,-0.9776,0.6849,0.0,,,,,,
1400,low_from_open_pct,FAILED_BREAKOUT,40,97,-1.8805,-2.7698,-1.353,-2.515,-3.9359,-1.0169,0.6345,-0.1472,-0.0934,1.1181,0.0,,,,,,
1400,low_from_open_pct,NO_LAUNCH,40,12,-1.8805,-2.7698,-1.353,-1.2473,-3.0118,-0.6991,-0.6332,0.1208,-1.3379,1.1966,0.0,,,,,,
1400,low_from_open_pct,STRUCTURE_FAIL,40,51,-1.8805,-2.7698,-1.353,-1.9956,-3.5703,-1.1645,0.1151,-0.1201,-0.6131,1.2304,0.0,,,,,,
1400,low_from_open_pct,ALL_CONTROL,40,160,-1.8805,-2.7698,-1.353,-2.1584,-3.7604,-1.0315,0.2779,-0.1184,-0.2825,0.916,0.0,,,,,,
1400,lower_shadow_proxy_so_far_pct,FAILED_BREAKOUT,40,97,1.5478,1.1134,2.0072,1.7845,0.7792,2.997,-0.2367,0.0827,-0.6076,0.4158,0.0,,,,,,
1400,lower_shadow_proxy_so_far_pct,NO_LAUNCH,40,12,1.5478,1.1134,2.0072,0.7978,0.4709,1.7415,0.75,-0.2625,-0.2068,1.241,0.0,,,,,,
1400,lower_shadow_proxy_so_far_pct,STRUCTURE_FAIL,40,51,1.5478,1.1134,2.0072,1.328,0.6758,2.3659,0.2198,-0.0779,-0.1338,0.6728,0.0,,,,,,
1400,lower_shadow_proxy_so_far_pct,ALL_CONTROL,40,160,1.5478,1.1134,2.0072,1.4402,0.7026,2.7413,0.1077,0.0056,-0.2687,0.5232,0.0,,,,,,
1400,upper_shadow_proxy_so_far_pct,FAILED_BREAKOUT,40,97,2.0572,1.1959,2.7075,1.7905,0.9764,2.7579,0.2667,-0.0763,-0.4666,0.7419,0.0,,,,,,
1400,upper_shadow_proxy_so_far_pct,NO_LAUNCH,40,12,2.0572,1.1959,2.7075,2.133,1.2359,2.9855,-0.0758,0.0625,-1.8407,0.9396,0.0,,,,,,
1400,upper_shadow_proxy_so_far_pct,STRUCTURE_FAIL,40,51,2.0572,1.1959,2.7075,2.8286,1.0984,4.243,-0.7714,0.2069,-2.0912,0.0865,0.0,,,,,,
1400,upper_shadow_proxy_so_far_pct,ALL_CONTROL,40,160,2.0572,1.1959,2.7075,1.9318,1.0648,3.2986,0.1254,0.0244,-0.6331,0.6115,0.0,,,,,,
1400,checkpoint_close,FAILED_BREAKOUT,40,97,13.865,8.4875,20.8125,19.73,11.13,35.1,-5.865,0.2802,-10.3087,-0.6399,0.0,,,,,,
1400,checkpoint_close,NO_LAUNCH,40,12,13.865,8.4875,20.8125,12.37,10.1125,31.5,1.495,0.1208,-25.2762,6.4402,0.0,,,,,,
1400,checkpoint_close,STRUCTURE_FAIL,40,51,13.865,8.4875,20.8125,14.1,9.415,23.28,-0.235,0.0598,-5.4834,4.8846,0.0,,,,,,
1400,checkpoint_close,ALL_CONTROL,40,160,13.865,8.4875,20.8125,17.0,10.6,30.5,-3.135,0.198,-7.8203,1.8754,0.0,,,,,,
1400,session_low_price,FAILED_BREAKOUT,40,97,13.34,8.405,20.41,18.55,10.93,33.19,-5.21,0.274,-9.8235,-0.2943,0.0,,,,,,
1400,session_low_price,NO_LAUNCH,40,12,13.34,8.405,20.41,12.105,9.495,31.02,1.235,0.1167,-24.8679,6.5705,0.0,,,,,,
1400,session_low_price,STRUCTURE_FAIL,40,51,13.34,8.405,20.41,13.42,9.31,22.305,-0.08,0.0608,-5.2809,4.6331,0.0,,,,,,
1400,session_low_price,ALL_CONTROL,40,160,13.34,8.405,20.41,16.225,10.315,30.0125,-2.885,0.1942,-7.6446,1.8267,0.0,,,,,,
1400,session_high_price,FAILED_BREAKOUT,40,97,14.28,8.8125,21.35,20.0,11.86,36.26,-5.72,0.2817,-10.5857,-0.6948,0.0,,,,,,
1400,session_high_price,NO_LAUNCH,40,12,14.28,8.8125,21.35,12.895,10.485,32.1625,1.385,0.1396,-26.2249,6.46,0.0,,,,,,
1400,session_high_price,STRUCTURE_FAIL,40,51,14.28,8.8125,21.35,14.78,9.79,23.41,-0.5,0.0765,-5.5819,4.795,0.0,,,,,,
1400,session_high_price,ALL_CONTROL,40,160,14.28,8.8125,21.35,17.515,11.12,31.51,-3.235,0.2056,-8.3485,1.6476,0.0,,,,,,
1400,vwap_price,FAILED_BREAKOUT,40,97,13.8075,8.5881,20.9095,19.3222,11.3771,34.733,-5.5147,0.2794,-10.2564,-0.6043,0.0,,,,,,
1400,vwap_price,NO_LAUNCH,40,12,13.8075,8.5881,20.9095,12.3695,9.9861,31.5795,1.438,0.1125,-25.5756,6.4636,0.0,,,,,,
1400,vwap_price,STRUCTURE_FAIL,40,51,13.8075,8.5881,20.9095,14.4638,9.4684,22.9319,-0.6563,0.0686,-5.4967,4.7099,0.0,,,,,,
1400,vwap_price,ALL_CONTROL,40,160,13.8075,8.5881,20.9095,16.9792,10.6255,30.6303,-3.1717,0.1997,-7.9784,1.7765,0.0,,,,,,
1400,high_level_consolidation_pre_D0,FAILED_BREAKOUT,40,97,,,,,,,,,,,,0.325,0.1856,1.751,2.113,0.932,4.617
1400,high_level_consolidation_pre_D0,NO_LAUNCH,40,12,,,,,,,,,,,,0.325,0.0833,3.9,5.296,0.974,9.952
1400,high_level_consolidation_pre_D0,STRUCTURE_FAIL,40,51,,,,,,,,,,,,0.325,0.098,3.315,4.43,1.56,16.333
1400,high_level_consolidation_pre_D0,ALL_CONTROL,40,160,,,,,,,,,,,,0.325,0.15,2.167,2.728,1.232,5.765
1400,s1_touched_so_far,FAILED_BREAKOUT,40,97,,,,,,,,,,,,0.0,0.0,,,,
1400,s1_touched_so_far,NO_LAUNCH,40,12,,,,,,,,,,,,0.0,0.0,,,,
1400,s1_touched_so_far,STRUCTURE_FAIL,40,51,,,,,,,,,,,,0.0,0.0,,,,
1400,s1_touched_so_far,ALL_CONTROL,40,160,,,,,,,,,,,,0.0,0.0,,,,
1400,support_touched_so_far,FAILED_BREAKOUT,40,97,,,,,,,,,,,,0.6,0.7216,0.831,0.579,0.28,1.228
1400,support_touched_so_far,NO_LAUNCH,40,12,,,,,,,,,,,,0.6,0.25,2.4,4.5,1.203,22.846
1400,support_touched_so_far,STRUCTURE_FAIL,40,51,,,,,,,,,,,,0.6,0.7451,0.805,0.513,0.218,1.192
1400,support_touched_so_far,ALL_CONTROL,40,160,,,,,,,,,,,,0.6,0.6937,0.865,0.662,0.31,1.441
1400,support_broken_so_far,FAILED_BREAKOUT,40,97,,,,,,,,,,,,0.6,0.7113,0.843,0.609,0.298,1.289
1400,support_broken_so_far,NO_LAUNCH,40,12,,,,,,,,,,,,0.6,0.25,2.4,4.5,1.203,22.846
1400,support_broken_so_far,STRUCTURE_FAIL,40,51,,,,,,,,,,,,0.6,0.7451,0.805,0.513,0.218,1.192
1400,support_broken_so_far,ALL_CONTROL,40,160,,,,,,,,,,,,0.6,0.6875,0.873,0.682,0.333,1.489
1400,support_reclaimed_so_far,FAILED_BREAKOUT,40,97,,,,,,,,,,,,0.575,0.6804,0.845,0.635,0.312,1.345
1400,support_reclaimed_so_far,NO_LAUNCH,40,12,,,,,,,,,,,,0.575,0.25,2.3,4.059,1.08,20.429
1400,support_reclaimed_so_far,STRUCTURE_FAIL,40,51,,,,,,,,,,,,0.575,0.7059,0.815,0.564,0.257,1.3
1400,support_reclaimed_so_far,ALL_CONTROL,40,160,,,,,,,,,,,,0.575,0.6562,0.876,0.709,0.351,1.528
1400,open_reclaimed_so_far,FAILED_BREAKOUT,40,97,,,,,,,,,,,,0.675,0.6186,1.091,1.281,0.577,2.931
1400,open_reclaimed_so_far,NO_LAUNCH,40,12,,,,,,,,,,,,0.675,0.5833,1.157,1.484,0.415,5.817
1400,open_reclaimed_so_far,STRUCTURE_FAIL,40,51,,,,,,,,,,,,0.675,0.6078,1.11,1.34,0.62,3.245
1400,open_reclaimed_so_far,ALL_CONTROL,40,160,,,,,,,,,,,,0.675,0.6125,1.102,1.314,0.643,3.033
1400,prev_close_reclaimed_so_far,FAILED_BREAKOUT,40,97,,,,,,,,,,,,0.65,0.6289,1.034,1.096,0.519,2.467
1400,prev_close_reclaimed_so_far,NO_LAUNCH,40,12,,,,,,,,,,,,0.65,0.3333,1.95,3.714,1.038,22.846
1400,prev_close_reclaimed_so_far,STRUCTURE_FAIL,40,51,,,,,,,,,,,,0.65,0.5686,1.143,1.409,0.656,3.375
1400,prev_close_reclaimed_so_far,ALL_CONTROL,40,160,,,,,,,,,,,,0.65,0.5875,1.106,1.304,0.653,2.89
1400,above_vwap_now,FAILED_BREAKOUT,40,97,,,,,,,,,,,,0.5,0.6598,0.758,0.516,0.252,1.009
1400,above_vwap_now,NO_LAUNCH,40,12,,,,,,,,,,,,0.5,0.5,1.0,1.0,0.246,3.316
1400,above_vwap_now,STRUCTURE_FAIL,40,51,,,,,,,,,,,,0.5,0.3922,1.275,1.55,0.693,3.333
1400,above_vwap_now,ALL_CONTROL,40,160,,,,,,,,,,,,0.5,0.5625,0.889,0.778,0.409,1.615
1400,vwap_reclaimed_after_low,FAILED_BREAKOUT,40,97,,,,,,,,,,,,0.725,0.8144,0.89,0.601,0.28,1.465
1400,vwap_reclaimed_after_low,NO_LAUNCH,40,12,,,,,,,,,,,,0.725,0.8333,0.87,0.527,0.169,2.351
1400,vwap_reclaimed_after_low,STRUCTURE_FAIL,40,51,,,,,,,,,,,,0.725,0.6078,1.193,1.701,0.793,4.358
1400,vwap_reclaimed_after_low,ALL_CONTROL,40,160,,,,,,,,,,,,0.725,0.75,0.967,0.879,0.436,2.017
1400,d0_new_low_since_anchor_so_far,FAILED_BREAKOUT,40,97,,,,,,,,,,,,0.4,0.2062,1.94,2.567,1.181,5.449
1400,d0_new_low_since_anchor_so_far,NO_LAUNCH,40,12,,,,,,,,,,,,0.4,0.5,0.8,0.667,0.162,2.211
1400,d0_new_low_since_anchor_so_far,STRUCTURE_FAIL,40,51,,,,,,,,,,,,0.4,0.3137,1.275,1.458,0.635,3.146
1400,d0_new_low_since_anchor_so_far,ALL_CONTROL,40,160,,,,,,,,,,,,0.4,0.2625,1.524,1.873,0.909,3.848
1430,s1,FAILED_BREAKOUT,40,97,15.02,9.2575,21.805,20.79,12.25,37.95,-5.77,0.2789,-11.062,-0.7311,0.0,,,,,,
1430,s1,NO_LAUNCH,40,12,15.02,9.2575,21.805,13.9,11.5675,34.555,1.12,0.1771,-28.2765,6.6936,0.0,,,,,,
1430,s1,STRUCTURE_FAIL,40,51,15.02,9.2575,21.805,15.54,10.835,24.62,-0.52,0.0941,-6.0909,5.175,0.0,,,,,,
1430,s1,ALL_CONTROL,40,160,15.02,9.2575,21.805,18.615,11.72,32.1825,-3.595,0.2123,-8.8564,1.8534,0.0,,,,,,
1430,invalid,FAILED_BREAKOUT,40,97,13.44,8.0475,19.7525,18.75,10.78,33.46,-5.31,0.282,-9.8599,-0.6459,0.0,,,,,,
1430,invalid,NO_LAUNCH,40,12,13.44,8.0475,19.7525,11.885,9.7625,27.9525,1.555,0.1,-19.015,6.6552,0.0,,,,,,
1430,invalid,STRUCTURE_FAIL,40,51,13.44,8.0475,19.7525,13.53,8.955,22.615,-0.09,0.0672,-5.34,4.891,0.0,,,,,,
1430,invalid,ALL_CONTROL,40,160,13.44,8.0475,19.7525,16.18,10.2,29.8,-2.74,0.1998,-7.9189,1.8825,0.0,,,,,,
1430,D1_close,FAILED_BREAKOUT,40,97,13.91,8.515,20.5575,18.74,11.39,35.55,-4.83,0.283,-9.8569,-0.4948,0.0,,,,,,
1430,D1_close,NO_LAUNCH,40,12,13.91,8.515,20.5575,12.215,9.78,31.85,1.695,0.1458,-26.227,6.5784,0.0,,,,,,
1430,D1_close,STRUCTURE_FAIL,40,51,13.91,8.515,20.5575,14.25,9.495,22.525,-0.34,0.0721,-5.5991,4.55,0.0,,,,,,
1430,D1_close,ALL_CONTROL,40,160,13.91,8.515,20.5575,16.985,10.715,30.855,-3.075,0.2055,-7.8555,1.7076,0.0,,,,,,
1430,D1_volume,FAILED_BREAKOUT,40,97,38378271.0,21600997.75,88396361.5,27585410.0,12836496.0,61045791.0,10792861.0,-0.2211,-3454678.55,38190319.5,0.0,,,,,,
1430,D1_volume,NO_LAUNCH,40,12,38378271.0,21600997.75,88396361.5,32690851.0,8298818.5,42421264.0,5687420.0,-0.3542,-8459176.65,43700418.7625,0.0,,,,,,
1430,D1_volume,STRUCTURE_FAIL,40,51,38378271.0,21600997.75,88396361.5,24452300.0,14205952.0,59077579.5,13925971.0,-0.2569,-3970581.0,37121887.6625,0.0,,,,,,
1430,D1_volume,ALL_CONTROL,40,160,38378271.0,21600997.75,88396361.5,27464760.5,12291668.5,59786917.5,10913510.5,-0.2425,-1191392.1375,44524682.8,0.0,,,,,,
1430,D1_upper_shadow_pct,FAILED_BREAKOUT,40,97,1.6802,0.0,2.2929,0.0,0.0,0.7242,1.6802,-0.3211,0.0,2.0661,0.0,,,,,,
1430,D1_upper_shadow_pct,NO_LAUNCH,40,12,1.6802,0.0,2.2929,1.258,0.0552,1.9251,0.4222,-0.0604,-1.5518,1.7784,0.0,,,,,,
1430,D1_upper_shadow_pct,STRUCTURE_FAIL,40,51,1.6802,0.0,2.2929,0.0,0.0,1.0797,1.6802,-0.3113,0.0,2.0903,0.0,,,,,,
1430,D1_upper_shadow_pct,ALL_CONTROL,40,160,1.6802,0.0,2.2929,0.0,0.0,1.1674,1.6802,-0.2984,0.0,2.0774,0.0,,,,,,
1430,D1_close_location,FAILED_BREAKOUT,40,97,0.222,0.0805,1.0,1.0,0.295,1.0,-0.778,0.332,-0.8955,0.0,0.0,,,,,,
1430,D1_close_location,NO_LAUNCH,40,12,0.222,0.0805,1.0,0.288,0.057,0.9835,-0.066,-0.1021,-0.7568,0.602,0.0,,,,,,
1430,D1_close_location,STRUCTURE_FAIL,40,51,0.222,0.0805,1.0,1.0,0.177,1.0,-0.778,0.2162,-0.8955,0.0,0.0,,,,,,
1430,D1_close_location,ALL_CONTROL,40,160,0.222,0.0805,1.0,1.0,0.2273,1.0,-0.778,0.2625,-0.889,0.0,0.0,,,,,,
1430,dist_D1_close_to_s1_pct,FAILED_BREAKOUT,40,97,-7.8255,-10.3963,-5.4528,-7.174,-9.7053,-5.2,-0.6515,0.1113,-2.098,1.2709,0.0,,,,,,
1430,dist_D1_close_to_s1_pct,NO_LAUNCH,40,12,-7.8255,-10.3963,-5.4528,-9.5171,-16.7256,-7.9345,1.6916,-0.3458,-0.3806,9.0924,0.0,,,,,,
1430,dist_D1_close_to_s1_pct,STRUCTURE_FAIL,40,51,-7.8255,-10.3963,-5.4528,-9.5538,-11.9075,-6.5019,1.7283,-0.2147,-0.3001,3.7519,0.0,,,,,,
1430,dist_D1_close_to_s1_pct,ALL_CONTROL,40,160,-7.8255,-10.3963,-5.4528,-7.874,-11.0682,-5.7075,0.0485,-0.0269,-1.3246,1.8812,0.0,,,,,,
1430,dist_D1_close_to_support_pct,FAILED_BREAKOUT,40,97,0.6732,-0.2964,3.1082,0.2036,-0.2195,4.1467,0.4696,0.0191,-1.0612,2.1712,0.0,,,,,,
1430,dist_D1_close_to_support_pct,NO_LAUNCH,40,12,0.6732,-0.2964,3.1082,5.7976,2.7759,13.3344,-5.1243,0.45,-13.5385,-0.0168,0.0,,,,,,
1430,dist_D1_close_to_support_pct,STRUCTURE_FAIL,40,51,0.6732,-0.2964,3.1082,0.7866,-0.6988,4.4425,-0.1134,0.0265,-2.1346,2.0619,0.0,,,,,,
1430,dist_D1_close_to_support_pct,ALL_CONTROL,40,160,0.6732,-0.2964,3.1082,0.6419,-0.2886,4.8383,0.0313,0.0537,-1.4222,2.0902,0.0,,,,,,
1430,dist_D1_close_to_invalid_pct,FAILED_BREAKOUT,40,97,1.8796,0.4904,4.1686,0.9183,0.4875,5.307,0.9613,-0.0119,-1.4637,2.5018,0.0,,,,,,
1430,dist_D1_close_to_invalid_pct,NO_LAUNCH,40,12,1.8796,0.4904,4.1686,6.9767,3.3286,14.1151,-5.0971,0.4375,-13.2495,0.0176,0.0,,,,,,
1430,dist_D1_close_to_invalid_pct,STRUCTURE_FAIL,40,51,1.8796,0.4904,4.1686,2.1254,0.4792,4.9866,-0.2458,0.0098,-2.0201,2.2019,0.0,,,,,,
1430,dist_D1_close_to_invalid_pct,ALL_CONTROL,40,160,1.8796,0.4904,4.1686,1.6545,0.4867,5.74,0.2251,0.0288,-1.7035,2.226,0.0,,,,,,
1430,pullback_volume_dry_up_pre_D0,FAILED_BREAKOUT,25,35,1.231,1.0324,1.4271,1.2824,1.0119,1.5483,-0.0514,0.0949,-0.2766,0.1581,0.375,,,,,,
1430,pullback_volume_dry_up_pre_D0,NO_LAUNCH,25,9,1.231,1.0324,1.4271,0.9015,0.6461,1.0816,0.3295,-0.4222,-0.1115,0.6398,0.375,,,,,,
1430,pullback_volume_dry_up_pre_D0,STRUCTURE_FAIL,25,20,1.231,1.0324,1.4271,1.0961,0.9382,1.4599,0.1349,-0.084,-0.1624,0.3217,0.375,,,,,,
1430,pullback_volume_dry_up_pre_D0,ALL_CONTROL,25,64,1.231,1.0324,1.4271,1.1586,0.9361,1.477,0.0724,-0.0337,-0.1702,0.2573,0.375,,,,,,
1430,probe_count_pre_D0,FAILED_BREAKOUT,40,97,0.0,0.0,1.0,0.0,0.0,1.0,0.0,-0.108,0.0,0.5,0.0,,,,,,
1430,probe_count_pre_D0,NO_LAUNCH,40,12,0.0,0.0,1.0,0.5,0.0,1.25,-0.5,0.1854,-1.5,0.0,0.0,,,,,,
1430,probe_count_pre_D0,STRUCTURE_FAIL,40,51,0.0,0.0,1.0,0.0,0.0,1.0,0.0,-0.0608,0.0,0.5,0.0,,,,,,
1430,probe_count_pre_D0,ALL_CONTROL,40,160,0.0,0.0,1.0,0.0,0.0,1.0,0.0,-0.0709,0.0,0.5,0.0,,,,,,
1430,closest_high_to_s1_pre_D0_pct,FAILED_BREAKOUT,25,35,-2.2685,-6.2017,0.0,0.0,-4.1989,0.2021,-2.2685,0.2183,-5.2386,2.0274,0.375,,,,,,
1430,closest_high_to_s1_pre_D0_pct,NO_LAUNCH,25,9,-2.2685,-6.2017,0.0,-2.4513,-8.0537,-1.1155,0.1828,-0.3067,-3.1298,10.9155,0.375,,,,,,
1430,closest_high_to_s1_pre_D0_pct,STRUCTURE_FAIL,25,20,-2.2685,-6.2017,0.0,-2.157,-5.4459,0.0,-0.1115,0.008,-4.2453,4.6295,0.375,,,,,,
1430,closest_high_to_s1_pre_D0_pct,ALL_CONTROL,25,64,-2.2685,-6.2017,0.0,-1.336,-5.2344,0.0,-0.9325,0.0787,-3.935,2.482,0.375,,,,,,
1430,pre_D0_min_low,FAILED_BREAKOUT,25,35,14.61,7.6,23.3,21.05,10.91,69.99,-6.44,0.2983,-26.27,2.2215,0.375,,,,,,
1430,pre_D0_min_low,NO_LAUNCH,25,9,14.61,7.6,23.3,16.4,9.74,43.3,-1.79,0.2044,-49.42,8.9295,0.375,,,,,,
1430,pre_D0_min_low,STRUCTURE_FAIL,25,20,14.61,7.6,23.3,13.965,10.37,24.52,0.645,0.072,-6.731,7.0,0.375,,,,,,
1430,pre_D0_min_low,ALL_CONTROL,25,64,14.61,7.6,23.3,17.35,10.0625,45.79,-2.74,0.2144,-11.7,4.5722,0.375,,,,,,
1430,d0_open,FAILED_BREAKOUT,40,97,14.0,8.6625,20.8425,18.89,11.2,35.03,-4.89,0.2799,-10.1028,-0.599,0.0,,,,,,
1430,d0_open,NO_LAUNCH,40,12,14.0,8.6625,20.8425,12.22,9.69,31.44,1.78,0.1333,-25.5562,6.6677,0.0,,,,,,
1430,d0_open,STRUCTURE_FAIL,40,51,14.0,8.6625,20.8425,14.12,9.405,22.735,-0.12,0.0706,-5.6779,4.53,0.0,,,,,,
1430,d0_open,ALL_CONTROL,40,160,14.0,8.6625,20.8425,16.845,10.53,30.8325,-2.845,0.2022,-7.8068,1.9355,0.0,,,,,,
1430,prev_close,FAILED_BREAKOUT,40,97,13.91,8.515,20.5575,18.74,11.39,35.55,-4.83,0.283,-9.8569,-0.4948,0.0,,,,,,
1430,prev_close,NO_LAUNCH,40,12,13.91,8.515,20.5575,12.215,9.78,31.85,1.695,0.1458,-26.227,6.5784,0.0,,,,,,
1430,prev_close,STRUCTURE_FAIL,40,51,13.91,8.515,20.5575,14.25,9.495,22.525,-0.34,0.0721,-5.5991,4.55,0.0,,,,,,
1430,prev_close,ALL_CONTROL,40,160,13.91,8.515,20.5575,16.985,10.715,30.855,-3.075,0.2055,-7.8555,1.7076,0.0,,,,,,
1430,anchor_volume,FAILED_BREAKOUT,40,97,34400680.0,20753255.25,88258304.0,23968869.0,10048904.0,59367293.0,10431811.0,-0.2124,-783196.0,29472921.8,0.0,,,,,,
1430,anchor_volume,NO_LAUNCH,40,12,34400680.0,20753255.25,88258304.0,32472144.5,9585006.25,36957980.0,1928535.5,-0.2833,-9125916.0,36104441.0,0.0,,,,,,
1430,anchor_volume,STRUCTURE_FAIL,40,51,34400680.0,20753255.25,88258304.0,23851203.0,9866050.0,60878530.0,10549477.0,-0.2196,-6820401.675,29799121.975,0.0,,,,,,
1430,anchor_volume,ALL_CONTROL,40,160,34400680.0,20753255.25,88258304.0,24103611.0,9934030.5,58467182.0,10297069.0,-0.22,-667990.8875,36267876.3125,0.0,,,,,,
1430,price_to_s1_pct,FAILED_BREAKOUT,40,97,-6.3026,-8.4155,-4.6098,-5.9378,-7.2984,-4.7421,-0.3648,0.0711,-1.7138,0.953,0.0,,,,,,
1430,price_to_s1_pct,NO_LAUNCH,40,12,-6.3026,-8.4155,-4.6098,-10.894,-16.9691,-8.3755,4.5914,-0.65,1.7335,11.0707,0.0,,,,,,
1430,price_to_s1_pct,STRUCTURE_FAIL,40,51,-6.3026,-8.4155,-4.6098,-7.9234,-11.7363,-6.5913,1.6208,-0.4206,0.0961,4.2387,0.0,,,,,,
1430,price_to_s1_pct,ALL_CONTROL,40,160,-6.3026,-8.4155,-4.6098,-6.6807,-8.7957,-5.3758,0.3781,-0.1397,-0.837,1.8271,0.0,,,,,,
1430,session_high_to_s1_pct,FAILED_BREAKOUT,40,97,-4.1643,-6.1581,-2.4865,-3.6201,-4.9356,-2.4635,-0.5442,0.1559,-1.854,0.8988,0.0,,,,,,
1430,session_high_to_s1_pct,NO_LAUNCH,40,12,-4.1643,-6.1581,-2.4865,-7.1856,-10.7369,-4.6007,3.0213,-0.5792,-0.1803,7.6625,0.0,,,,,,
1430,session_high_to_s1_pct,STRUCTURE_FAIL,40,51,-4.1643,-6.1581,-2.4865,-4.8214,-8.0869,-2.8443,0.6571,-0.1686,-1.1348,2.5886,0.0,,,,,,
1430,session_high_to_s1_pct,ALL_CONTROL,40,160,-4.1643,-6.1581,-2.4865,-4.0051,-5.7483,-2.7479,-0.1591,-0.0027,-1.5121,1.2631,0.0,,,,,,
1430,best_distance_to_s1_so_far_pct,FAILED_BREAKOUT,40,97,-8.2334,-10.8011,-6.0473,-7.9431,-9.7801,-6.0529,-0.2903,0.0263,-1.7132,1.5098,0.0,,,,,,
1430,best_distance_to_s1_so_far_pct,NO_LAUNCH,40,12,-8.2334,-10.8011,-6.0473,-11.7546,-17.0132,-9.693,3.5212,-0.5625,0.7079,9.5451,0.0,,,,,,
1430,best_distance_to_s1_so_far_pct,STRUCTURE_FAIL,40,51,-8.2334,-10.8011,-6.0473,-10.121,-12.7379,-7.7099,1.8876,-0.3412,-0.0098,4.7671,0.0,,,,,,
1430,best_distance_to_s1_so_far_pct,ALL_CONTROL,40,160,-8.2334,-10.8011,-6.0473,-8.8608,-11.6074,-6.4546,0.6274,-0.135,-0.8933,2.5098,0.0,,,,,,
1430,s1_cross_count_so_far,FAILED_BREAKOUT,40,97,0.0,0.0,0.0,0.0,0.0,0.0,0.0,0.0,0.0,0.0,0.0,,,,,,
1430,s1_cross_count_so_far,NO_LAUNCH,40,12,0.0,0.0,0.0,0.0,0.0,0.0,0.0,0.0,0.0,0.0,0.0,,,,,,
1430,s1_cross_count_so_far,STRUCTURE_FAIL,40,51,0.0,0.0,0.0,0.0,0.0,0.0,0.0,0.0,0.0,0.0,0.0,,,,,,
1430,s1_cross_count_so_far,ALL_CONTROL,40,160,0.0,0.0,0.0,0.0,0.0,0.0,0.0,0.0,0.0,0.0,0.0,,,,,,
1430,s1_reject_count_so_far,FAILED_BREAKOUT,40,97,0.0,0.0,0.0,0.0,0.0,0.0,0.0,0.0,0.0,0.0,0.0,,,,,,
1430,s1_reject_count_so_far,NO_LAUNCH,40,12,0.0,0.0,0.0,0.0,0.0,0.0,0.0,0.0,0.0,0.0,0.0,,,,,,
1430,s1_reject_count_so_far,STRUCTURE_FAIL,40,51,0.0,0.0,0.0,0.0,0.0,0.0,0.0,0.0,0.0,0.0,0.0,,,,,,
1430,s1_reject_count_so_far,ALL_CONTROL,40,160,0.0,0.0,0.0,0.0,0.0,0.0,0.0,0.0,0.0,0.0,0.0,,,,,,
1430,price_to_support_pct,FAILED_BREAKOUT,40,97,2.466,1.2775,4.9343,2.538,1.4414,4.4798,-0.072,-0.0294,-1.0348,1.2218,0.0,,,,,,
1430,price_to_support_pct,NO_LAUNCH,40,12,2.466,1.2775,4.9343,4.993,3.4958,8.3265,-2.527,0.4167,-7.0233,-0.0034,0.0,,,,,,
1430,price_to_support_pct,STRUCTURE_FAIL,40,51,2.466,1.2775,4.9343,1.1124,0.5054,2.7438,1.3536,-0.3049,0.3536,2.7105,0.0,,,,,,
1430,price_to_support_pct,ALL_CONTROL,40,160,2.466,1.2775,4.9343,2.2324,0.9108,4.2602,0.2336,-0.0837,-0.6981,1.5855,0.0,,,,,,
1430,price_to_invalid_pct,FAILED_BREAKOUT,40,97,3.4687,2.2332,5.5671,3.2959,2.2541,5.0111,0.1728,-0.0464,-0.9697,1.328,0.0,,,,,,
1430,price_to_invalid_pct,NO_LAUNCH,40,12,3.4687,2.2332,5.5671,5.9787,4.3609,9.4516,-2.51,0.4125,-6.6765,0.0531,0.0,,,,,,
1430,price_to_invalid_pct,STRUCTURE_FAIL,40,51,3.4687,2.2332,5.5671,2.2109,1.2272,3.6754,1.2578,-0.3279,0.3155,2.7367,0.0,,,,,,
1430,price_to_invalid_pct,ALL_CONTROL,40,160,3.4687,2.2332,5.5671,2.9752,1.7211,4.9989,0.4935,-0.1017,-0.6131,1.6104,0.0,,,,,,
1430,session_low_to_support_pct,FAILED_BREAKOUT,40,97,-0.4002,-1.6921,1.0771,-1.2209,-2.9126,0.2351,0.8207,-0.1871,-0.1914,1.8819,0.0,,,,,,
1430,session_low_to_support_pct,NO_LAUNCH,40,12,-0.4002,-1.6921,1.0771,2.7404,0.1535,7.8937,-3.1406,0.4792,-8.9169,-0.2861,0.0,,,,,,
1430,session_low_to_support_pct,STRUCTURE_FAIL,40,51,-0.4002,-1.6921,1.0771,-1.7341,-2.8594,-0.0535,1.3339,-0.2275,-0.2148,2.3234,0.0,,,,,,
1430,session_low_to_support_pct,ALL_CONTROL,40,160,-0.4002,-1.6921,1.0771,-1.023,-2.8589,0.656,0.6228,-0.15,-0.186,1.8167,0.0,,,,,,
1430,minutes_since_support_touch,FAILED_BREAKOUT,24,70,295.0,295.0,295.0,295.0,295.0,295.0,0.0,-0.0619,0.0,0.0,0.4,,,,,,
1430,minutes_since_support_touch,STRUCTURE_FAIL,24,39,295.0,295.0,295.0,295.0,287.5,295.0,0.0,-0.1282,0.0,0.0,0.4,,,,,,
1430,minutes_since_support_touch,ALL_CONTROL,24,112,295.0,295.0,295.0,295.0,295.0,295.0,0.0,-0.0789,0.0,0.0,0.4,,,,,,
1430,minutes_from_support_low_to_reclaim,FAILED_BREAKOUT,23,66,5.0,5.0,5.0,5.0,5.0,8.75,0.0,-0.0237,0.0,0.0,0.425,,,,,,
1430,minutes_from_support_low_to_reclaim,STRUCTURE_FAIL,23,38,5.0,5.0,5.0,5.0,5.0,26.25,0.0,0.1384,-7.5,0.0,0.425,,,,,,
1430,minutes_from_support_low_to_reclaim,ALL_CONTROL,23,107,5.0,5.0,5.0,5.0,5.0,15.0,0.0,0.0467,0.0,0.0,0.425,,,,,,
1430,price_after_support_reclaim_pct,FAILED_BREAKOUT,23,66,1.9003,1.1421,2.673,2.1913,1.4249,3.1924,-0.291,0.1014,-1.0385,0.3312,0.425,,,,,,
1430,price_after_support_reclaim_pct,STRUCTURE_FAIL,23,38,1.9003,1.1421,2.673,0.9229,0.3413,1.6821,0.9774,-0.3867,0.1768,1.5392,0.425,,,,,,
1430,price_after_support_reclaim_pct,ALL_CONTROL,23,107,1.9003,1.1421,2.673,1.6532,0.8071,2.8728,0.2471,-0.08,-0.4794,0.8802,0.425,,,,,,
1430,drawdown_from_open_pct,FAILED_BREAKOUT,40,97,-1.8805,-2.7698,-1.353,-2.5417,-3.9359,-1.0169,0.6612,-0.1518,-0.0752,1.1507,0.0,,,,,,
1430,drawdown_from_open_pct,NO_LAUNCH,40,12,-1.8805,-2.7698,-1.353,-1.2473,-3.0118,-0.6991,-0.6332,0.1292,-1.3379,1.1966,0.0,,,,,,
1430,drawdown_from_open_pct,STRUCTURE_FAIL,40,51,-1.8805,-2.7698,-1.353,-2.0233,-3.5703,-1.2264,0.1428,-0.1368,-0.6131,1.2304,0.0,,,,,,
1430,drawdown_from_open_pct,ALL_CONTROL,40,160,-1.8805,-2.7698,-1.353,-2.298,-3.7604,-1.0562,0.4175,-0.1259,-0.2203,1.015,0.0,,,,,,
1430,session_low_pct_vs_prev_close,FAILED_BREAKOUT,40,97,-1.8043,-3.0438,0.0,-2.3715,-4.1971,-1.0139,0.5672,-0.2562,-0.3794,1.7461,0.0,,,,,,
1430,session_low_pct_vs_prev_close,NO_LAUNCH,40,12,-1.8043,-3.0438,0.0,-2.057,-4.2253,-1.3485,0.2526,-0.2833,-0.7169,2.8841,0.0,,,,,,
1430,session_low_pct_vs_prev_close,STRUCTURE_FAIL,40,51,-1.8043,-3.0438,0.0,-2.9876,-4.3045,-1.4975,1.1833,-0.3422,0.0003,2.2128,0.0,,,,,,
1430,session_low_pct_vs_prev_close,ALL_CONTROL,40,160,-1.8043,-3.0438,0.0,-2.4371,-4.2417,-1.2187,0.6327,-0.2856,-0.1648,1.7322,0.0,,,,,,
1430,recovery_from_session_low_pct,FAILED_BREAKOUT,40,97,2.7053,1.9087,4.0235,3.7783,2.3364,5.4943,-1.073,0.2258,-1.9451,0.2078,0.0,,,,,,
1430,recovery_from_session_low_pct,NO_LAUNCH,40,12,2.7053,1.9087,4.0235,1.4703,1.0884,3.5854,1.2351,-0.2333,-1.2279,2.3883,0.0,,,,,,
1430,recovery_from_session_low_pct,STRUCTURE_FAIL,40,51,2.7053,1.9087,4.0235,2.3208,1.2521,4.2889,0.3845,-0.1088,-0.6255,1.5784,0.0,,,,,,
1430,recovery_from_session_low_pct,ALL_CONTROL,40,160,2.7053,1.9087,4.0235,3.2978,1.7512,5.3394,-0.5925,0.0847,-1.0154,0.4809,0.0,,,,,,
1430,recovery_fraction_of_drawdown,FAILED_BREAKOUT,39,85,1.5556,0.7231,2.4653,1.32,0.7419,2.4615,0.2356,-0.0474,-0.3303,0.8296,0.025,,,,,,
1430,recovery_fraction_of_drawdown,NO_LAUNCH,39,12,1.5556,0.7231,2.4653,2.0059,0.5476,4.5454,-0.4503,0.0876,-3.291,1.2683,0.025,,,,,,
1430,recovery_fraction_of_drawdown,STRUCTURE_FAIL,39,50,1.5556,0.7231,2.4653,1.1454,0.4124,2.3494,0.4102,-0.1892,-0.214,1.2382,0.025,,,,,,
1430,recovery_fraction_of_drawdown,ALL_CONTROL,39,147,1.5556,0.7231,2.4653,1.2766,0.5672,2.5834,0.279,-0.0846,-0.2276,0.8295,0.025,,,,,,
1430,minutes_low_to_open_reclaim,FAILED_BREAKOUT,32,76,5.0,5.0,22.5,5.0,5.0,20.0,0.0,0.0678,-2.5,0.0,0.2,,,,,,
1430,minutes_low_to_open_reclaim,NO_LAUNCH,32,11,5.0,5.0,22.5,5.0,5.0,17.5,0.0,0.0938,-20.0,7.5,0.2,,,,,,
1430,minutes_low_to_open_reclaim,STRUCTURE_FAIL,32,33,5.0,5.0,22.5,5.0,5.0,10.0,0.0,-0.0436,0.0,0.0,0.2,,,,,,
1430,minutes_low_to_open_reclaim,ALL_CONTROL,32,120,5.0,5.0,22.5,5.0,5.0,16.25,0.0,0.0396,0.0,0.0,0.2,,,,,,
1430,minutes_low_to_prev_close_reclaim,FAILED_BREAKOUT,33,77,5.0,5.0,20.0,5.0,5.0,15.0,0.0,-0.0193,0.0,5.0,0.175,,,,,,
1430,minutes_low_to_prev_close_reclaim,NO_LAUNCH,33,9,5.0,5.0,20.0,10.0,5.0,25.0,-5.0,0.1414,-20.0,5.0,0.175,,,,,,
1430,minutes_low_to_prev_close_reclaim,STRUCTURE_FAIL,33,32,5.0,5.0,20.0,5.0,5.0,21.25,0.0,0.036,-5.0,10.0,0.175,,,,,,
1430,minutes_low_to_prev_close_reclaim,ALL_CONTROL,33,118,5.0,5.0,20.0,5.0,5.0,15.0,0.0,0.008,0.0,10.0,0.175,,,,,,
1430,price_vs_vwap_pct,FAILED_BREAKOUT,40,97,0.3318,-0.7582,0.8623,0.604,-0.3254,1.4418,-0.2722,0.1598,-0.9954,0.1858,0.0,,,,,,
1430,price_vs_vwap_pct,NO_LAUNCH,40,12,0.3318,-0.7582,0.8623,-0.4608,-1.1928,0.4464,0.7926,-0.2833,-0.4227,1.7829,0.0,,,,,,
1430,price_vs_vwap_pct,STRUCTURE_FAIL,40,51,0.3318,-0.7582,0.8623,-0.5902,-1.3332,0.2725,0.922,-0.2623,-0.104,1.4445,0.0,,,,,,
1430,price_vs_vwap_pct,ALL_CONTROL,40,160,0.3318,-0.7582,0.8623,0.205,-0.8362,1.2453,0.1268,-0.008,-0.6041,0.6407,0.0,,,,,,
1430,minutes_low_to_vwap_reclaim,FAILED_BREAKOUT,29,84,20.0,10.0,40.0,22.5,10.0,46.25,-2.5,0.0062,-10.0,10.0,0.275,,,,,,
1430,minutes_low_to_vwap_reclaim,NO_LAUNCH,29,10,20.0,10.0,40.0,22.5,6.25,33.75,-2.5,-0.0621,-26.3125,17.5,0.275,,,,,,
1430,minutes_low_to_vwap_reclaim,STRUCTURE_FAIL,29,34,20.0,10.0,40.0,27.5,5.0,66.25,-7.5,0.0558,-27.5,15.0,0.275,,,,,,
1430,minutes_low_to_vwap_reclaim,ALL_CONTROL,29,128,20.0,10.0,40.0,25.0,5.0,51.25,-5.0,0.014,-13.8125,8.8125,0.275,,,,,,
1430,pct_bars_above_vwap_since_low,FAILED_BREAKOUT,40,97,52.38,17.86,87.26,64.71,38.1,90.0,-12.33,0.1531,-40.885,10.5159,0.0,,,,,,
1430,pct_bars_above_vwap_since_low,NO_LAUNCH,40,12,52.38,17.86,87.26,45.24,27.38,71.1525,7.14,-0.0833,-27.2704,40.1131,0.0,,,,,,
1430,pct_bars_above_vwap_since_low,STRUCTURE_FAIL,40,51,52.38,17.86,87.26,29.27,5.83,66.785,23.11,-0.1946,-11.9609,50.6509,0.0,,,,,,
1430,pct_bars_above_vwap_since_low,ALL_CONTROL,40,160,52.38,17.86,87.26,57.14,21.665,84.585,-4.76,0.0245,-29.57,17.499,0.0,,,,,,
1430,vwap_rebreak_count_after_low,FAILED_BREAKOUT,40,97,1.0,0.0,3.0,1.0,0.0,2.0,0.0,0.0374,-1.0,1.0,0.0,,,,,,
1430,vwap_rebreak_count_after_low,NO_LAUNCH,40,12,1.0,0.0,3.0,2.0,1.0,3.25,-1.0,0.2438,-2.5,0.5,0.0,,,,,,
1430,vwap_rebreak_count_after_low,STRUCTURE_FAIL,40,51,1.0,0.0,3.0,2.0,0.0,3.0,-1.0,0.0755,-2.0,1.0,0.0,,,,,,
1430,vwap_rebreak_count_after_low,ALL_CONTROL,40,160,1.0,0.0,3.0,1.0,0.0,3.0,0.0,0.065,-1.0,1.0,0.0,,,,,,
1430,vwap_reclaim_count_after_low,FAILED_BREAKOUT,40,97,1.0,0.0,3.0,2.0,1.0,3.0,-1.0,0.0902,-1.0,1.0,0.0,,,,,,
1430,vwap_reclaim_count_after_low,NO_LAUNCH,40,12,1.0,0.0,3.0,1.5,0.75,3.25,-0.5,0.0875,-2.0,1.0,0.0,,,,,,
1430,vwap_reclaim_count_after_low,STRUCTURE_FAIL,40,51,1.0,0.0,3.0,2.0,0.0,3.0,-1.0,0.0294,-2.0,1.0,0.0,,,,,,
1430,vwap_reclaim_count_after_low,ALL_CONTROL,40,160,1.0,0.0,3.0,2.0,1.0,3.0,-1.0,0.0706,-1.0,1.0,0.0,,,,,,
1430,closest_high_to_s1_pct_so_far,FAILED_BREAKOUT,40,97,-8.2334,-10.8011,-6.0473,-7.9431,-9.7801,-6.0529,-0.2903,0.0263,-1.7132,1.5098,0.0,,,,,,
1430,closest_high_to_s1_pct_so_far,NO_LAUNCH,40,12,-8.2334,-10.8011,-6.0473,-11.7546,-17.0132,-9.693,3.5212,-0.5625,0.7079,9.5451,0.0,,,,,,
1430,closest_high_to_s1_pct_so_far,STRUCTURE_FAIL,40,51,-8.2334,-10.8011,-6.0473,-10.121,-12.7379,-7.7099,1.8876,-0.3412,-0.0098,4.7671,0.0,,,,,,
1430,closest_high_to_s1_pct_so_far,ALL_CONTROL,40,160,-8.2334,-10.8011,-6.0473,-8.8608,-11.6074,-6.4546,0.6274,-0.135,-0.8933,2.5098,0.0,,,,,,
1430,number_of_intraday_local_highs,FAILED_BREAKOUT,40,97,3.0,1.0,4.0,3.0,1.0,5.0,0.0,0.0655,-2.0,1.5,0.0,,,,,,
1430,number_of_intraday_local_highs,NO_LAUNCH,40,12,3.0,1.0,4.0,3.0,2.5,3.5,0.0,0.0542,-2.0,1.0,0.0,,,,,,
1430,number_of_intraday_local_highs,STRUCTURE_FAIL,40,51,3.0,1.0,4.0,2.0,1.0,4.0,1.0,-0.1328,-1.0,2.0,0.0,,,,,,
1430,number_of_intraday_local_highs,ALL_CONTROL,40,160,3.0,1.0,4.0,3.0,1.0,4.0,0.0,0.0014,-1.0,2.0,0.0,,,,,,
1430,local_high_progression_pct,FAILED_BREAKOUT,40,97,3.2877,2.4727,4.6988,3.3103,1.8601,5.4509,-0.0226,0.0232,-0.9991,0.9226,0.0,,,,,,
1430,local_high_progression_pct,NO_LAUNCH,40,12,3.2877,2.4727,4.6988,3.3361,2.2804,4.702,-0.0484,0.0042,-2.8506,1.4059,0.0,,,,,,
1430,local_high_progression_pct,STRUCTURE_FAIL,40,51,3.2877,2.4727,4.6988,4.0289,1.7512,6.3733,-0.7412,0.1265,-1.9602,0.167,0.0,,,,,,
1430,local_high_progression_pct,ALL_CONTROL,40,160,3.2877,2.4727,4.6988,3.6741,1.8669,5.6965,-0.3864,0.0547,-1.0408,0.6425,0.0,,,,,,
1430,high_progression_pct,FAILED_BREAKOUT,40,97,3.2877,2.4727,4.6988,3.3103,1.8601,5.4509,-0.0226,0.0232,-0.9991,0.9226,0.0,,,,,,
1430,high_progression_pct,NO_LAUNCH,40,12,3.2877,2.4727,4.6988,3.3361,2.2804,4.702,-0.0484,0.0042,-2.8506,1.4059,0.0,,,,,,
1430,high_progression_pct,STRUCTURE_FAIL,40,51,3.2877,2.4727,4.6988,4.0289,1.7512,6.3733,-0.7412,0.1265,-1.9602,0.167,0.0,,,,,,
1430,high_progression_pct,ALL_CONTROL,40,160,3.2877,2.4727,4.6988,3.6741,1.8669,5.6965,-0.3864,0.0547,-1.0408,0.6425,0.0,,,,,,
1430,probe_v01_compat,FAILED_BREAKOUT,40,97,0.0,0.0,0.0,0.0,0.0,0.0,0.0,0.0,0.0,0.0,0.0,,,,,,
1430,probe_v01_compat,NO_LAUNCH,40,12,0.0,0.0,0.0,0.0,0.0,0.0,0.0,0.0,0.0,0.0,0.0,,,,,,
1430,probe_v01_compat,STRUCTURE_FAIL,40,51,0.0,0.0,0.0,0.0,0.0,0.0,0.0,0.0,0.0,0.0,0.0,,,,,,
1430,probe_v01_compat,ALL_CONTROL,40,160,0.0,0.0,0.0,0.0,0.0,0.0,0.0,0.0,0.0,0.0,0.0,,,,,,
1430,continuous_s1_approach,FAILED_BREAKOUT,40,97,-8.2334,-10.8011,-6.0473,-7.9431,-9.7801,-6.0529,-0.2903,0.0263,-1.7132,1.5098,0.0,,,,,,
1430,continuous_s1_approach,NO_LAUNCH,40,12,-8.2334,-10.8011,-6.0473,-11.7546,-17.0132,-9.693,3.5212,-0.5625,0.7079,9.5451,0.0,,,,,,
1430,continuous_s1_approach,STRUCTURE_FAIL,40,51,-8.2334,-10.8011,-6.0473,-10.121,-12.7379,-7.7099,1.8876,-0.3412,-0.0098,4.7671,0.0,,,,,,
1430,continuous_s1_approach,ALL_CONTROL,40,160,-8.2334,-10.8011,-6.0473,-8.8608,-11.6074,-6.4546,0.6274,-0.135,-0.8933,2.5098,0.0,,,,,,
1430,cum_volume,FAILED_BREAKOUT,40,97,45107773.0,16291942.5,69705008.5,26564473.0,13419864.0,77732428.0,18543300.0,-0.1072,-5855806.2,34519026.0,0.0,,,,,,
1430,cum_volume,NO_LAUNCH,40,12,45107773.0,16291942.5,69705008.5,23775191.0,5614331.5,36040149.5,21332582.0,-0.3875,-4387207.125,42159636.825,0.0,,,,,,
1430,cum_volume,STRUCTURE_FAIL,40,51,45107773.0,16291942.5,69705008.5,35823614.0,13861613.0,57761051.0,9284159.0,-0.1127,-10166636.2125,23955933.0,0.0,,,,,,
1430,cum_volume,ALL_CONTROL,40,160,45107773.0,16291942.5,69705008.5,29321067.5,13086587.5,67738217.75,15786705.5,-0.13,-4871980.55,29014153.0125,0.0,,,,,,
1430,cum_volume_vs_D1_ratio,FAILED_BREAKOUT,40,97,0.7669,0.5726,1.013,0.9834,0.716,1.4082,-0.2166,0.3134,-0.4146,0.0236,0.0,,,,,,
1430,cum_volume_vs_D1_ratio,NO_LAUNCH,40,12,0.7669,0.5726,1.013,0.782,0.6955,0.9591,-0.0151,0.1125,-0.2753,0.1907,0.0,,,,,,
1430,cum_volume_vs_D1_ratio,STRUCTURE_FAIL,40,51,0.7669,0.5726,1.013,0.9798,0.8382,1.8119,-0.2129,0.3647,-0.6268,0.0063,0.0,,,,,,
1430,cum_volume_vs_D1_ratio,ALL_CONTROL,40,160,0.7669,0.5726,1.013,0.965,0.7425,1.4411,-0.1981,0.3147,-0.3836,0.0117,0.0,,,,,,
1430,cum_volume_vs_anchor_ratio,FAILED_BREAKOUT,40,97,0.8919,0.7097,1.2222,1.0949,0.873,1.4692,-0.203,0.2887,-0.3797,0.0557,0.0,,,,,,
1430,cum_volume_vs_anchor_ratio,NO_LAUNCH,40,12,0.8919,0.7097,1.2222,0.707,0.6159,0.9209,0.1849,-0.2917,-0.2497,0.412,0.0,,,,,,
1430,cum_volume_vs_anchor_ratio,STRUCTURE_FAIL,40,51,0.8919,0.7097,1.2222,1.1036,0.8382,1.9244,-0.2117,0.3088,-0.6788,0.0537,0.0,,,,,,
1430,cum_volume_vs_anchor_ratio,ALL_CONTROL,40,160,0.8919,0.7097,1.2222,1.0583,0.8403,1.5693,-0.1665,0.2516,-0.3327,0.0392,0.0,,,,,,
1430,volume_since_session_low,FAILED_BREAKOUT,40,97,25161786.5,8833687.75,56140335.25,18100295.0,9212900.0,49025904.0,7061491.5,-0.0593,-7224276.8,27047749.425,0.0,,,,,,
1430,volume_since_session_low,NO_LAUNCH,40,12,25161786.5,8833687.75,56140335.25,7530500.0,4763611.25,36040149.5,17631286.5,-0.3292,-17801828.45,35842265.3875,0.0,,,,,,
1430,volume_since_session_low,STRUCTURE_FAIL,40,51,25161786.5,8833687.75,56140335.25,26356934.0,6191290.5,51066862.0,-1195147.5,-0.0765,-15311265.6875,20419332.2125,0.0,,,,,,
1430,volume_since_session_low,ALL_CONTROL,40,160,25161786.5,8833687.75,56140335.25,18405605.0,7907907.5,46653747.75,6756181.5,-0.085,-7360194.8875,24497191.2375,0.0,,,,,,
1430,volume_on_recovery,FAILED_BREAKOUT,30,72,7319056.0,2637975.0,17759196.0,5209190.0,2844393.5,14566991.25,2109866.0,-0.0741,-2304798.2,8753124.775,0.25,,,,,,
1430,volume_on_recovery,NO_LAUNCH,30,7,7319056.0,2637975.0,17759196.0,1165000.0,982992.0,10462312.5,6154056.0,-0.3429,-10513251.0,12522871.0,0.25,,,,,,
1430,volume_on_recovery,STRUCTURE_FAIL,30,32,7319056.0,2637975.0,17759196.0,10240635.0,3055849.75,19453620.0,-2921579.0,0.0583,-8170371.8375,7315147.375,0.25,,,,,,
1430,volume_on_recovery,ALL_CONTROL,30,111,7319056.0,2637975.0,17759196.0,5439532.0,2624800.0,15871188.5,1879524.0,-0.0529,-2144187.85,8438759.75,0.25,,,,,,
1430,return_from_open_pct,FAILED_BREAKOUT,40,97,1.1858,-0.4439,2.4451,1.54,-0.7586,2.7206,-0.3542,0.0428,-1.4899,0.7684,0.0,,,,,,
1430,return_from_open_pct,NO_LAUNCH,40,12,1.1858,-0.4439,2.4451,0.9254,-1.1331,2.6652,0.2604,-0.0583,-1.927,2.6826,0.0,,,,,,
1430,return_from_open_pct,STRUCTURE_FAIL,40,51,1.1858,-0.4439,2.4451,0.2773,-1.6816,2.3041,0.9085,-0.1922,-0.216,2.1198,0.0,,,,,,
1430,return_from_open_pct,ALL_CONTROL,40,160,1.1858,-0.4439,2.4451,0.8762,-1.0379,2.678,0.3096,-0.0397,-0.8711,1.2282,0.0,,,,,,
1430,return_from_prev_close_pct,FAILED_BREAKOUT,40,97,1.5015,-0.6119,3.5151,1.2658,-1.1515,3.9251,0.2357,-0.0454,-1.1287,1.5378,0.0,,,,,,
1430,return_from_prev_close_pct,NO_LAUNCH,40,12,1.5015,-0.6119,3.5151,-1.1167,-2.2832,0.728,2.6182,-0.3792,-0.4216,4.4433,0.0,,,,,,
1430,return_from_prev_close_pct,STRUCTURE_FAIL,40,51,1.5015,-0.6119,3.5151,0.1134,-1.8613,2.8039,1.3881,-0.2225,0.1637,2.9951,0.0,,,,,,
1430,return_from_prev_close_pct,ALL_CONTROL,40,160,1.5015,-0.6119,3.5151,0.7794,-1.488,3.5531,0.7221,-0.1269,-0.4901,2.2543,0.0,,,,,,
1430,session_range_pct,FAILED_BREAKOUT,40,97,5.3727,4.6189,6.5253,6.1472,4.873,7.9618,-0.7744,0.234,-1.5553,0.0351,0.0,,,,,,
1430,session_range_pct,NO_LAUNCH,40,12,5.3727,4.6189,6.5253,5.3756,3.8594,7.4598,-0.0029,0.0083,-2.5673,1.5804,0.0,,,,,,
1430,session_range_pct,STRUCTURE_FAIL,40,51,5.3727,4.6189,6.5253,6.4448,5.2789,9.3742,-1.072,0.3294,-1.9255,-0.0004,0.0,,,,,,
1430,session_range_pct,ALL_CONTROL,40,160,5.3727,4.6189,6.5253,6.173,4.9887,8.172,-0.8002,0.2475,-1.4901,-0.1167,0.0,,,,,,
1430,close_location_so_far,FAILED_BREAKOUT,40,97,0.5665,0.3525,0.7542,0.622,0.418,0.779,-0.0555,0.107,-0.2103,0.056,0.0,,,,,,
1430,close_location_so_far,NO_LAUNCH,40,12,0.5665,0.3525,0.7542,0.383,0.2243,0.615,0.1835,-0.2646,-0.1439,0.406,0.0,,,,,,
1430,close_location_so_far,STRUCTURE_FAIL,40,51,0.5665,0.3525,0.7542,0.354,0.22,0.62,0.2125,-0.2897,0.0291,0.3361,0.0,,,,,,
1430,close_location_so_far,ALL_CONTROL,40,160,0.5665,0.3525,0.7542,0.555,0.311,0.75,0.0115,-0.0473,-0.1255,0.1383,0.0,,,,,,
1430,high_from_open_pct,FAILED_BREAKOUT,40,97,3.2877,2.4727,4.6988,3.3103,1.8601,5.4509,-0.0226,0.0232,-0.9991,0.9226,0.0,,,,,,
1430,high_from_open_pct,NO_LAUNCH,40,12,3.2877,2.4727,4.6988,3.3361,2.2804,4.702,-0.0484,0.0042,-2.8506,1.4059,0.0,,,,,,
1430,high_from_open_pct,STRUCTURE_FAIL,40,51,3.2877,2.4727,4.6988,4.0289,1.7512,6.3733,-0.7412,0.1265,-1.9602,0.167,0.0,,,,,,
1430,high_from_open_pct,ALL_CONTROL,40,160,3.2877,2.4727,4.6988,3.6741,1.8669,5.6965,-0.3864,0.0547,-1.0408,0.6425,0.0,,,,,,
1430,low_from_open_pct,FAILED_BREAKOUT,40,97,-1.8805,-2.7698,-1.353,-2.5417,-3.9359,-1.0169,0.6612,-0.1518,-0.0752,1.1507,0.0,,,,,,
1430,low_from_open_pct,NO_LAUNCH,40,12,-1.8805,-2.7698,-1.353,-1.2473,-3.0118,-0.6991,-0.6332,0.1292,-1.3379,1.1966,0.0,,,,,,
1430,low_from_open_pct,STRUCTURE_FAIL,40,51,-1.8805,-2.7698,-1.353,-2.0233,-3.5703,-1.2264,0.1428,-0.1368,-0.6131,1.2304,0.0,,,,,,
1430,low_from_open_pct,ALL_CONTROL,40,160,-1.8805,-2.7698,-1.353,-2.298,-3.7604,-1.0562,0.4175,-0.1259,-0.2203,1.015,0.0,,,,,,
1430,lower_shadow_proxy_so_far_pct,FAILED_BREAKOUT,40,97,1.6589,0.8785,2.0072,1.8883,0.7539,3.0439,-0.2294,0.1433,-0.9491,0.2391,0.0,,,,,,
1430,lower_shadow_proxy_so_far_pct,NO_LAUNCH,40,12,1.6589,0.8785,2.0072,0.817,0.4268,1.172,0.8419,-0.4167,0.3047,1.2671,0.0,,,,,,
1430,lower_shadow_proxy_so_far_pct,STRUCTURE_FAIL,40,51,1.6589,0.8785,2.0072,1.328,0.7352,2.4374,0.3309,-0.0382,-0.1374,0.7833,0.0,,,,,,
1430,lower_shadow_proxy_so_far_pct,ALL_CONTROL,40,160,1.6589,0.8785,2.0072,1.5938,0.7355,2.7952,0.0651,0.0434,-0.3483,0.5868,0.0,,,,,,
1430,upper_shadow_proxy_so_far_pct,FAILED_BREAKOUT,40,97,1.9159,0.9996,2.5652,1.7905,0.833,2.6308,0.1254,-0.0436,-0.5867,0.6139,0.0,,,,,,
1430,upper_shadow_proxy_so_far_pct,NO_LAUNCH,40,12,1.9159,0.9996,2.5652,2.1614,1.2557,2.9387,-0.2455,0.1333,-2.014,0.8581,0.0,,,,,,
1430,upper_shadow_proxy_so_far_pct,STRUCTURE_FAIL,40,51,1.9159,0.9996,2.5652,2.993,1.1069,4.2136,-1.0771,0.2397,-2.1487,0.1592,0.0,,,,,,
1430,upper_shadow_proxy_so_far_pct,ALL_CONTROL,40,160,1.9159,0.9996,2.5652,1.8704,0.8548,3.2496,0.0454,0.06,-0.7208,0.4104,0.0,,,,,,
1430,checkpoint_close,FAILED_BREAKOUT,40,97,14.19,8.485,20.9,19.52,11.17,34.95,-5.33,0.2789,-10.3505,-0.5756,0.0,,,,,,
1430,checkpoint_close,NO_LAUNCH,40,12,14.19,8.485,20.9,12.435,10.0875,31.4525,1.755,0.125,-25.1914,6.5534,0.0,,,,,,
1430,checkpoint_close,STRUCTURE_FAIL,40,51,14.19,8.485,20.9,14.19,9.37,23.125,0.0,0.0583,-5.4315,5.001,0.0,,,,,,
1430,checkpoint_close,ALL_CONTROL,40,160,14.19,8.485,20.9,16.95,10.55,30.5975,-2.76,0.197,-7.871,1.971,0.0,,,,,,
1430,session_low_price,FAILED_BREAKOUT,40,97,13.34,8.405,20.41,18.55,10.9,33.19,-5.21,0.274,-9.8235,-0.2943,0.0,,,,,,
1430,session_low_price,NO_LAUNCH,40,12,13.34,8.405,20.41,12.105,9.495,31.02,1.235,0.1167,-24.8679,6.5705,0.0,,,,,,
1430,session_low_price,STRUCTURE_FAIL,40,51,13.34,8.405,20.41,13.42,9.31,22.305,-0.08,0.0608,-5.2809,4.6331,0.0,,,,,,
1430,session_low_price,ALL_CONTROL,40,160,13.34,8.405,20.41,16.225,10.315,30.0125,-2.885,0.1942,-7.6446,1.8267,0.0,,,,,,
1430,session_high_price,FAILED_BREAKOUT,40,97,14.315,8.8125,21.35,20.0,11.86,36.66,-5.685,0.2814,-10.5857,-0.7493,0.0,,,,,,
1430,session_high_price,NO_LAUNCH,40,12,14.315,8.8125,21.35,12.92,10.485,32.1625,1.395,0.1396,-26.2249,6.46,0.0,,,,,,
1430,session_high_price,STRUCTURE_FAIL,40,51,14.315,8.8125,21.35,14.78,9.79,23.41,-0.465,0.0745,-5.5819,4.795,0.0,,,,,,
1430,session_high_price,ALL_CONTROL,40,160,14.315,8.8125,21.35,17.515,11.12,31.51,-3.2,0.2048,-8.3985,1.7471,0.0,,,,,,
1430,vwap_price,FAILED_BREAKOUT,40,97,13.8399,8.5829,20.9075,19.3332,11.3555,34.7517,-5.4933,0.2794,-10.2626,-0.6052,0.0,,,,,,
1430,vwap_price,NO_LAUNCH,40,12,13.8399,8.5829,20.9075,12.3756,9.9943,31.5739,1.4643,0.1167,-25.5552,6.4661,0.0,,,,,,
1430,vwap_price,STRUCTURE_FAIL,40,51,13.8399,8.5829,20.9075,14.4564,9.4635,22.9444,-0.6165,0.0676,-5.4948,4.7112,0.0,,,,,,
1430,vwap_price,ALL_CONTROL,40,160,13.8399,8.5829,20.9075,16.9802,10.6202,30.6226,-3.1403,0.1997,-7.9556,1.7541,0.0,,,,,,
1430,high_level_consolidation_pre_D0,FAILED_BREAKOUT,40,97,,,,,,,,,,,,0.325,0.1856,1.751,2.113,0.932,4.617
1430,high_level_consolidation_pre_D0,NO_LAUNCH,40,12,,,,,,,,,,,,0.325,0.0833,3.9,5.296,0.974,9.952
1430,high_level_consolidation_pre_D0,STRUCTURE_FAIL,40,51,,,,,,,,,,,,0.325,0.098,3.315,4.43,1.56,16.333
1430,high_level_consolidation_pre_D0,ALL_CONTROL,40,160,,,,,,,,,,,,0.325,0.15,2.167,2.728,1.232,5.765
1430,s1_touched_so_far,FAILED_BREAKOUT,40,97,,,,,,,,,,,,0.0,0.0,,,,
1430,s1_touched_so_far,NO_LAUNCH,40,12,,,,,,,,,,,,0.0,0.0,,,,
1430,s1_touched_so_far,STRUCTURE_FAIL,40,51,,,,,,,,,,,,0.0,0.0,,,,
1430,s1_touched_so_far,ALL_CONTROL,40,160,,,,,,,,,,,,0.0,0.0,,,,
1430,support_touched_so_far,FAILED_BREAKOUT,40,97,,,,,,,,,,,,0.6,0.7216,0.831,0.579,0.28,1.228
1430,support_touched_so_far,NO_LAUNCH,40,12,,,,,,,,,,,,0.6,0.25,2.4,4.5,1.203,22.846
1430,support_touched_so_far,STRUCTURE_FAIL,40,51,,,,,,,,,,,,0.6,0.7647,0.785,0.462,0.194,1.071
1430,support_touched_so_far,ALL_CONTROL,40,160,,,,,,,,,,,,0.6,0.7,0.857,0.643,0.305,1.365
1430,support_broken_so_far,FAILED_BREAKOUT,40,97,,,,,,,,,,,,0.6,0.7113,0.843,0.609,0.298,1.289
1430,support_broken_so_far,NO_LAUNCH,40,12,,,,,,,,,,,,0.6,0.25,2.4,4.5,1.203,22.846
1430,support_broken_so_far,STRUCTURE_FAIL,40,51,,,,,,,,,,,,0.6,0.7647,0.785,0.462,0.194,1.071
1430,support_broken_so_far,ALL_CONTROL,40,160,,,,,,,,,,,,0.6,0.6937,0.865,0.662,0.31,1.441
1430,support_reclaimed_so_far,FAILED_BREAKOUT,40,97,,,,,,,,,,,,0.575,0.6804,0.845,0.635,0.312,1.345
1430,support_reclaimed_so_far,NO_LAUNCH,40,12,,,,,,,,,,,,0.575,0.25,2.3,4.059,1.08,20.429
1430,support_reclaimed_so_far,STRUCTURE_FAIL,40,51,,,,,,,,,,,,0.575,0.7451,0.772,0.463,0.197,1.067
1430,support_reclaimed_so_far,ALL_CONTROL,40,160,,,,,,,,,,,,0.575,0.6687,0.86,0.67,0.343,1.427
1430,open_reclaimed_so_far,FAILED_BREAKOUT,40,97,,,,,,,,,,,,0.7,0.6289,1.113,1.377,0.637,3.397
1430,open_reclaimed_so_far,NO_LAUNCH,40,12,,,,,,,,,,,,0.7,0.5833,1.2,1.667,0.467,6.757
1430,open_reclaimed_so_far,STRUCTURE_FAIL,40,51,,,,,,,,,,,,0.7,0.5882,1.19,1.633,0.774,4.158
1430,open_reclaimed_so_far,ALL_CONTROL,40,160,,,,,,,,,,,,0.7,0.6125,1.143,1.476,0.747,3.535
1430,prev_close_reclaimed_so_far,FAILED_BREAKOUT,40,97,,,,,,,,,,,,0.675,0.6392,1.056,1.172,0.534,2.661
1430,prev_close_reclaimed_so_far,NO_LAUNCH,40,12,,,,,,,,,,,,0.675,0.3333,2.025,4.154,1.167,25.667
1430,prev_close_reclaimed_so_far,STRUCTURE_FAIL,40,51,,,,,,,,,,,,0.675,0.5098,1.324,1.997,0.927,4.911
1430,prev_close_reclaimed_so_far,ALL_CONTROL,40,160,,,,,,,,,,,,0.675,0.575,1.174,1.535,0.739,3.603
1430,above_vwap_now,FAILED_BREAKOUT,40,97,,,,,,,,,,,,0.55,0.701,0.785,0.521,0.255,1.084
1430,above_vwap_now,NO_LAUNCH,40,12,,,,,,,,,,,,0.55,0.3333,1.65,2.444,0.676,14.882
1430,above_vwap_now,STRUCTURE_FAIL,40,51,,,,,,,,,,,,0.55,0.3529,1.558,2.241,0.952,5.825
1430,above_vwap_now,ALL_CONTROL,40,160,,,,,,,,,,,,0.55,0.5625,0.978,0.951,0.467,2.017
1430,vwap_reclaimed_after_low,FAILED_BREAKOUT,40,97,,,,,,,,,,,,0.725,0.866,0.837,0.408,0.181,0.995
1430,vwap_reclaimed_after_low,NO_LAUNCH,40,12,,,,,,,,,,,,0.725,0.8333,0.87,0.527,0.169,2.351
1430,vwap_reclaimed_after_low,STRUCTURE_FAIL,40,51,,,,,,,,,,,,0.725,0.6667,1.088,1.318,0.586,3.3
1430,vwap_reclaimed_after_low,ALL_CONTROL,40,160,,,,,,,,,,,,0.725,0.8,0.906,0.659,0.311,1.471
1430,d0_new_low_since_anchor_so_far,FAILED_BREAKOUT,40,97,,,,,,,,,,,,0.4,0.2062,1.94,2.567,1.181,5.449
1430,d0_new_low_since_anchor_so_far,NO_LAUNCH,40,12,,,,,,,,,,,,0.4,0.5,0.8,0.667,0.162,2.211
1430,d0_new_low_since_anchor_so_far,STRUCTURE_FAIL,40,51,,,,,,,,,,,,0.4,0.3137,1.275,1.458,0.635,3.146
1430,d0_new_low_since_anchor_so_far,ALL_CONTROL,40,160,,,,,,,,,,,,0.4,0.2625,1.524,1.873,0.909,3.848
