episode_id,symbol,event_date,outcome,checkpoint,activated,activation_time,acceptance_eligible,post_activation_bar_n,breakout_hold_ratio,vwap_acceptance_ratio,retest_depth,false_break_duration,dist_to_s1,high_vs_s1,vwap_distance,prev_close_state,open_gap,opening_drawdown,high_progression,cum_volume_relative_d1,missing_reasons
000037:20260609:1139,000037,2026-06-11,FAILED_BREAKOUT,09:45,True,2026-06-11 09:45:00,True,0,,,,0,-0.017902813299232823,0.0008525149190110604,0.018349004823311477,0.04253393665158356,-0.012669683257918618,0.0,1.0,1.0333995962346172,
000037:20260609:1139,000037,2026-06-11,FAILED_BREAKOUT,10:00,True,2026-06-11 09:45:00,True,3,0.0,1.0,-0.037510656436487766,3,-0.02813299232736577,0.0008525149190110604,0.004223886211522032,0.03167420814479627,-0.012669683257918618,0.0,0.9710391822827938,1.0660907594799751,
000037:20260609:1139,000037,2026-06-11,FAILED_BREAKOUT,10:30,True,2026-06-11 09:45:00,True,9,0.0,0.7777777777777778,-0.04092071611253201,9,-0.023870417732310356,0.0008525149190110604,0.00824608521114012,0.036199095022624306,-0.012669683257918618,0.0,0.9787052810902896,0.9956392940425239,
000037:20260609:1139,000037,2026-06-11,FAILED_BREAKOUT,11:30,True,2026-06-11 09:45:00,True,21,0.0,0.7142857142857143,-0.04092071611253201,21,-0.013640238704177299,0.0008525149190110604,0.014040413625738157,0.04705882352941182,-0.012669683257918618,0.0,0.985519591141397,1.145558272768489,
000050:20260617:914,000050,2026-06-22,FAILED_BREAKOUT,09:45,False,,False,0,,,,0,-0.01393354769560562,-0.012861736334405016,0.012455963095916678,0.029082774049216997,0.0011185682326622093,0.0,1.0,0.5032230071758358,
000050:20260617:914,000050,2026-06-22,FAILED_BREAKOUT,10:00,False,,False,0,,,,0,-0.01393354769560562,-0.009646302250803873,0.008622776926251019,0.029082774049216997,0.0011185682326622093,0.0,1.0,0.6136049778151172,
000050:20260617:914,000050,2026-06-22,FAILED_BREAKOUT,10:30,True,2026-06-22 10:10:00,True,4,1.0,1.0,-0.003215434083601254,0,0.007502679528403,0.018220793140407254,0.01774877457084756,0.05145413870246096,0.0011185682326622093,0.0,1.0,0.9347687694804926,
000050:20260617:914,000050,2026-06-22,FAILED_BREAKOUT,11:30,True,2026-06-22 10:10:00,True,16,0.5,0.75,-0.012861736334405016,8,0.0,0.018220793140407254,0.00861736095036858,0.043624161073825496,0.0011185682326622093,0.0,0.9831578947368421,0.9032144160261767,
000063:20260528:3830,000063,2026-06-05,SUCCESS,09:45,False,,False,0,,,,0,-0.008767405879319345,-0.007478081485301713,0.016487069690381606,0.01854795972443024,-0.004239533651298477,-0.014103246407663694,1.0,1.3485381790989843,
000063:20260528:3830,000063,2026-06-05,SUCCESS,10:00,True,2026-06-05 09:55:00,True,1,1.0,1.0,0.0077359463641051285,0,0.01469829809180001,0.017792676637441884,0.02332577725178897,0.042660307366189754,-0.004239533651298477,-0.014103246407663694,1.0,1.5189445654552844,
000063:20260528:3830,000063,2026-06-05,SUCCESS,10:30,True,2026-06-05 09:55:00,True,7,1.0,1.0,0.0077359463641051285,0,0.035843218153687406,0.03635894791129446,0.029325876057306743,0.06438791732909377,-0.004239533651298477,-0.014103246407663694,1.0,1.4510929258256475,
000063:20260528:3830,000063,2026-06-05,SUCCESS,11:30,True,2026-06-05 09:55:00,True,19,1.0,0.8947368421052632,0.0077359463641051285,0,0.04254770500257865,0.06498194945848357,0.022016110876945216,0.0712771595124535,-0.004239533651298477,-0.014103246407663694,0.9789346246973366,1.8455307981969573,
000070:20260615:1881,000070,2026-06-17,SUCCESS,09:45,False,,False,0,,,,0,-0.05986261040235519,-0.047105004906771164,-0.0007150075793890265,-0.016931759876859798,-0.025141097998973794,0.0,0.9953656024716785,0.3094303687885958,
000070:20260615:1881,000070,2026-06-17,SUCCESS,10:00,False,,False,0,,,,0,-0.0485770363101079,-0.04367026496565263,0.00805803867911803,-0.005130836326321053,-0.025141097998973794,0.0,1.0,0.38480903853183507,
000070:20260615:1881,000070,2026-06-17,SUCCESS,10:30,False,,False,0,,,,0,-0.046123650637880154,-0.03238469087340534,0.004513384980726398,-0.002565418163160471,-0.025141097998973794,0.0,0.988843813387424,0.5359934924133493,
000070:20260615:1881,000070,2026-06-17,SUCCESS,11:30,False,,False,0,,,,0,-0.01521099116781155,-0.0009813542688910104,0.02149916138335728,0.02975885069266293,-0.025141097998973794,0.0,0.9882121807465619,0.8535123905999149,
000593:20260615:2267,000593,2026-06-18,FAILED_BREAKOUT,09:45,True,2026-06-18 09:40:00,True,1,1.0,1.0,-0.009356725146198785,0,0.0011695906432749315,0.025341130604288553,0.009240139229083733,0.021073558648111446,-0.009145129224651938,-0.00882825040128421,0.9870722433460076,0.7578591125595388,
000593:20260615:2267,000593,2026-06-18,FAILED_BREAKOUT,10:00,True,2026-06-18 09:40:00,True,4,0.5,1.0,-0.009356725146198785,1,-0.001559454191033094,0.025341130604288553,0.004203174644376473,0.01829025844930432,-0.009145129224651938,-0.00882825040128421,0.9809885931558935,0.6584023158613735,
000593:20260615:2267,000593,2026-06-18,FAILED_BREAKOUT,10:30,True,2026-06-18 09:40:00,True,10,0.5,1.0,-0.009356725146198785,2,0.004678362573099504,0.025341130604288553,0.009091651338989148,0.024652087475149242,-0.009145129224651938,-0.00882825040128421,0.9798479087452471,0.6482562854825629,
000593:20260615:2267,000593,2026-06-18,FAILED_BREAKOUT,11:30,True,2026-06-18 09:40:00,True,22,0.5,0.7727272727272727,-0.013645224171539905,5,-0.007017543859649145,0.025341130604288553,-0.003172010123286717,0.012723658051689846,-0.009145129224651938,-0.00882825040128421,0.9684410646387832,0.6022412239664553,
000657:20260615:8690,000657,2026-06-18,FAILED_BREAKOUT,09:45,False,,False,0,,,,0,-0.021032504780114758,-0.014234119396643319,0.01623152769834535,0.029375628281023136,-0.008712163520607663,0.0,1.0,0.7471769731876571,
000657:20260615:8690,000657,2026-06-18,FAILED_BREAKOUT,10:00,False,,False,0,,,,0,-0.0020182706607180245,-0.0014871468026343981,0.025462187634653466,0.0493689266167765,-0.008712163520607663,0.0,1.0,0.8568281882301473,
000657:20260615:8690,000657,2026-06-18,FAILED_BREAKOUT,10:30,True,2026-06-18 10:05:00,True,5,0.0,0.8,-0.02538772041640114,5,-0.009985128531973642,0.007966857871255506,0.013107740623754971,0.040991846308499946,-0.008712163520607663,0.0,0.9821899040994836,0.8563449193092995,
000657:20260615:8690,000657,2026-06-18,FAILED_BREAKOUT,11:30,True,2026-06-18 10:05:00,True,17,0.0,0.6470588235294118,-0.03441682600382401,17,-0.022307202039515528,0.007966857871255506,4.951355843108018e-07,0.028035295431698914,-0.008712163520607663,0.0,0.9724944672779008,0.8322185754839079,
000670:20260604:967,000670,2026-06-09,SUCCESS,09:45,False,,False,0,,,,0,-0.04858299595141702,-0.0030364372469636747,-0.015049225855515158,0.02957283680175249,0.07119386637458902,-0.04601226993865026,0.9675126903553299,1.6885372387926416,
000670:20260604:967,000670,2026-06-09,SUCCESS,10:00,False,,False,0,,,,0,-0.07287449392712553,-0.0030364372469636747,-0.033141657864192764,0.003285870755750153,0.07119386637458902,-0.07055214723926373,0.9340101522842639,1.7422157452308964,
000670:20260604:967,000670,2026-06-09,SUCCESS,10:30,False,,False,0,,,,0,-0.05668016194331993,-0.0030364372469636747,-0.011681215675663492,0.020810514786418377,0.07119386637458902,-0.07055214723926373,0.952284263959391,1.6608006063437857,
000670:20260604:967,000670,2026-06-09,SUCCESS,11:30,False,,False,0,,,,0,-0.06477732793522273,-0.0030364372469636747,-0.017831126596529745,0.012048192771084265,0.07119386637458902,-0.07055214723926373,0.9380710659898478,1.5508005443875208,
000756:20260629:1359,000756,2026-07-01,FAILED_BREAKOUT,09:45,False,,False,0,,,,0,-0.07780784844384292,-0.05818673883626524,-0.004998456285703723,-0.038108680310515064,-0.020465772759350687,-0.02377521613832856,0.9913793103448276,0.54363951675192,
000756:20260629:1359,000756,2026-07-01,FAILED_BREAKOUT,10:00,False,,False,0,,,,0,-0.07307171853856564,-0.05818673883626524,0.000755742602564391,-0.03316866619618919,-0.020465772759350687,-0.02377521613832856,0.9870689655172414,0.5456384518639804,
000756:20260629:1359,000756,2026-07-01,FAILED_BREAKOUT,10:30,False,,False,0,,,,0,-0.05412719891745599,-0.05412719891745599,0.018366528703299467,-0.013408609738884913,-0.020465772759350687,-0.02377521613832856,1.0,0.6187015260187709,
000756:20260629:1359,000756,2026-07-01,FAILED_BREAKOUT,11:30,False,,False,0,,,,0,-0.02097428958051417,-0.018944519621109546,0.0350312162143529,0.02117148906139743,-0.020465772759350687,-0.02377521613832856,0.9986206896551725,0.9237831040723213,
000811:20260615:3385,000811,2026-06-17,FAILED_BREAKOUT,09:45,True,2026-06-17 09:35:00,True,2,1.0,0.0,0.01783723522853964,0,0.01783723522853964,0.01783723522853964,-3.78866335060124e-06,0.10000000000000009,0.10000000000000009,0.0,1.0,0.4770076186923397,
000811:20260615:3385,000811,2026-06-17,FAILED_BREAKOUT,10:00,True,2026-06-17 09:35:00,True,5,1.0,0.0,0.01783723522853964,0,0.01783723522853964,0.01783723522853964,-2.190220374953533e-06,0.10000000000000009,0.10000000000000009,0.0,1.0,0.36570383025394415,
000811:20260615:3385,000811,2026-06-17,FAILED_BREAKOUT,10:30,True,2026-06-17 09:35:00,True,11,1.0,0.0,0.01783723522853964,0,0.01783723522853964,0.01783723522853964,-2.084028457360887e-06,0.10000000000000009,0.10000000000000009,0.0,1.0,0.30603641921140695,
000811:20260615:3385,000811,2026-06-17,FAILED_BREAKOUT,11:30,True,2026-06-17 09:35:00,True,23,1.0,0.0,0.01783723522853964,0,0.01783723522853964,0.01783723522853964,-1.7289974977297007e-06,0.10000000000000009,0.10000000000000009,0.0,1.0,0.2914031171536321,
000815:20260610:1687,000815,2026-06-16,FAILED_BREAKOUT,09:45,False,,False,0,,,,0,-0.026123936816524918,-0.0236938031591738,0.009355666561094322,0.0012492192379762734,0.0031230480949404615,-0.02241594022415938,0.9975108898568762,0.7858564509026861,
000815:20260610:1687,000815,2026-06-16,FAILED_BREAKOUT,10:00,False,,False,0,,,,0,-0.018226002430133725,-0.01640340218712022,0.012993291803631735,0.009369144284821829,0.0031230480949404615,-0.02241594022415938,1.0,0.8960384647991377,
000815:20260610:1687,000815,2026-06-16,FAILED_BREAKOUT,10:30,False,,False,0,,,,0,-0.008505467800729027,-0.006682867557715633,0.015999052383621315,0.019362898188632016,0.0031230480949404615,-0.02241594022415938,0.9993883792048929,1.060915993481954,
000815:20260610:1687,000815,2026-06-16,FAILED_BREAKOUT,11:30,True,2026-06-16 11:25:00,True,1,0.0,1.0,-0.0036452004860269005,1,-0.002430133657351119,0.0012150668286754485,0.01649037643593232,0.025608994378513383,0.0031230480949404615,-0.02241594022415938,0.9969660194174756,1.160384472272621,
000833:20260608:2368,000833,2026-06-10,FAILED_BREAKOUT,09:45,True,2026-06-10 09:35:00,True,2,1.0,0.5,0.0011829652996846463,0,0.003154574132492094,0.04258675078864371,-0.007611576796496378,0.03709743171626578,-0.005299633102323842,-0.0036885245901638886,0.9757942511346445,0.8419513015738513,
000833:20260608:2368,000833,2026-06-10,FAILED_BREAKOUT,10:00,True,2026-06-10 09:35:00,True,5,0.6,0.4,-0.019321766561514186,2,0.007097791798107211,0.04258675078864371,0.000565223415356586,0.04117407256420691,-0.005299633102323842,-0.0036885245901638886,0.9659606656580937,0.8024913463290216,
000833:20260608:2368,000833,2026-06-10,FAILED_BREAKOUT,10:30,True,2026-06-10 09:35:00,True,11,0.8181818181818182,0.36363636363636365,-0.019321766561514186,2,0.0023659305993690705,0.04258675078864371,-0.006929973696231162,0.0362821035466776,-0.005299633102323842,-0.0036885245901638886,0.966338880484115,0.8350016246187386,
000833:20260608:2368,000833,2026-06-10,FAILED_BREAKOUT,11:30,True,2026-06-10 09:35:00,True,23,0.9130434782608695,0.5217391304347826,-0.019321766561514186,2,0.016167192429022093,0.04258675078864371,0.00644159132810751,0.0505503465144721,-0.005299633102323842,-0.0036885245901638886,0.9754160363086232,0.8394503202946068,
000876:20260701:690,000876,2026-07-07,SUCCESS,09:45,False,,False,0,,,,0,-0.027063599458727938,-0.008119079837618393,-0.004053762386931448,-0.013717421124828433,-0.017832647462277085,-0.008379888268156499,0.9863574351978173,1.209786187472728,
000876:20260701:690,000876,2026-07-07,SUCCESS,10:00,False,,False,0,,,,0,-0.02841677943166443,-0.008119079837618393,-0.003787215812879441,-0.015089163237311465,-0.017832647462277085,-0.008379888268156499,0.9836289222373806,1.1944284407089842,
000876:20260701:690,000876,2026-07-07,SUCCESS,10:30,False,,False,0,,,,0,-0.02976995940460081,-0.008119079837618393,-0.004816893838252678,-0.016460905349794275,-0.017832647462277085,-0.008379888268156499,0.9809004092769441,0.7655881790377362,
000876:20260701:690,000876,2026-07-07,SUCCESS,11:30,False,,False,0,,,,0,-0.03112313937753719,-0.008119079837618393,-0.005261349919746583,-0.017832647462277085,-0.017832647462277085,-0.008379888268156499,0.9795361527967258,0.6778381106624661,
000892:20260706:376,000892,2026-07-29,FAILED_BREAKOUT,09:45,True,2026-07-29 09:35:00,True,2,1.0,1.0,0.03235294117647047,0,0.03235294117647047,0.03235294117647047,0.009818794427984612,0.10031347962382431,0.0658307210031348,-0.026470588235294024,1.0,2.7280645309555545,
000892:20260706:376,000892,2026-07-29,FAILED_BREAKOUT,10:00,True,2026-07-29 09:35:00,True,5,1.0,1.0,0.03235294117647047,0,0.03235294117647047,0.03235294117647047,0.008848090405567,0.10031347962382431,0.0658307210031348,-0.026470588235294024,1.0,1.7224144174013951,
000892:20260706:376,000892,2026-07-29,FAILED_BREAKOUT,10:30,True,2026-07-29 09:35:00,True,11,1.0,1.0,0.03235294117647047,0,0.03235294117647047,0.03235294117647047,0.0080325124367302,0.10031347962382431,0.0658307210031348,-0.026470588235294024,1.0,1.2409630640767162,
000892:20260706:376,000892,2026-07-29,FAILED_BREAKOUT,11:30,True,2026-07-29 09:35:00,True,23,1.0,1.0,0.03235294117647047,0,0.03235294117647047,0.03235294117647047,0.00770555089444902,0.10031347962382431,0.0658307210031348,-0.026470588235294024,1.0,1.0527508752679273,
000938:20260630:2886,000938,2026-07-03,FAILED_BREAKOUT,09:45,True,2026-07-03 09:35:00,True,2,1.0,1.0,0.003607740242702606,0,0.026566087241718606,0.036077402427025396,0.008079358637314682,0.07819497071994497,0.05063727178780564,-0.0029508196721311775,1.0,1.930467876939928,
000938:20260630:2886,000938,2026-07-03,FAILED_BREAKOUT,10:00,True,2026-07-03 09:35:00,True,5,1.0,0.4,-0.003607740242702495,0,0.016398819285011523,0.036077402427025396,-0.0003090034793443719,0.06751636238374092,0.05063727178780564,-0.003934426229508237,0.9822728711617601,1.7923188989801928,
000938:20260630:2886,000938,2026-07-03,FAILED_BREAKOUT,10:30,True,2026-07-03 09:35:00,True,11,1.0,0.2727272727272727,-0.003607740242702495,0,0.0013119055428010284,0.036077402427025396,-0.014298370930568405,0.05167068549776088,0.05063727178780564,-0.003934426229508237,0.9743589743589745,1.3777007654187197,
000938:20260630:2886,000938,2026-07-03,FAILED_BREAKOUT,11:30,True,2026-07-03 09:35:00,True,23,0.9565217391304348,0.13043478260869565,-0.003607740242702495,1,0.0045916693998031555,0.036077402427025396,-0.009492057246464403,0.055115397864278215,0.05063727178780564,-0.003934426229508237,0.9702437480215258,1.230678258430527,
000969:20260612:2446,000969,2026-06-22,FAILED_BREAKOUT,09:45,True,2026-06-22 09:40:00,True,1,1.0,1.0,-0.004967520061138764,0,0.00726022162781792,0.008788689338937505,0.018094932836844935,0.06937119675456382,0.040162271805273875,-0.015210608424336969,1.0,1.4199540686171601,
000969:20260612:2446,000969,2026-06-22,FAILED_BREAKOUT,10:00,True,2026-06-22 09:40:00,True,4,0.25,0.5,-0.009935040122277528,3,-0.009170806266717735,0.008788689338937505,-0.0006930403389772133,0.051926977687626774,0.040162271805273875,-0.015210608424336969,0.9878787878787879,1.4029654714779305,
000969:20260612:2446,000969,2026-06-22,FAILED_BREAKOUT,10:30,True,2026-06-22 09:40:00,True,10,0.1,0.5,-0.02980512036683225,9,-0.029423003439052464,0.008788689338937505,-0.016956653798462895,0.030425963488843744,0.040162271805273875,-0.015210608424336969,0.9685606060606061,1.487241556167534,
000969:20260612:2446,000969,2026-06-22,FAILED_BREAKOUT,11:30,True,2026-06-22 09:40:00,True,22,0.045454545454545456,0.22727272727272727,-0.0359189912113107,21,-0.022162781811234322,0.008788689338937505,-0.006723384928479792,0.038133874239350884,0.040162271805273875,-0.015990639625585,0.9696969696969698,1.325245195702172,
001206:20260623:1854,001206,2026-06-29,FAILED_BREAKOUT,09:45,False,,False,0,,,,0,-0.07407407407407407,-0.04761904761904756,-0.013866120265963788,0.005747126436781658,0.0031347962382444194,-0.005208333333333259,0.9954545454545455,1.4122839279146746,
001206:20260623:1854,001206,2026-06-29,FAILED_BREAKOUT,10:00,False,,False,0,,,,0,-0.0702260702260703,-0.04761904761904756,-0.00558034804977503,0.009926854754440884,0.0031347962382444194,-0.009895833333333215,0.9863636363636363,1.374767726161369,
001206:20260623:1854,001206,2026-06-29,FAILED_BREAKOUT,10:30,False,,False,0,,,,0,-0.06108706108706108,-0.04761904761904756,0.0022736023618186163,0.019853709508881767,0.0031347962382444194,-0.009895833333333215,0.9929292929292929,1.3213296398891967,
001206:20260623:1854,001206,2026-06-29,FAILED_BREAKOUT,11:30,False,,False,0,,,,0,-0.0548340548340549,-0.04761904761904756,0.008039551523774335,0.02664576802507823,0.0031347962382444194,-0.009895833333333215,0.9944444444444445,1.3229968153606546,
001215:20260626:3917,001215,2026-07-02,FAILED_BREAKOUT,09:45,False,,False,0,,,,0,-0.03232374650038172,-0.02850598116569092,0.011233064319233543,0.019849785407725307,-0.0008047210300429208,-0.011543624161073796,1.0,0.43295406658238517,
001215:20260626:3917,001215,2026-07-02,FAILED_BREAKOUT,10:00,False,,False,0,,,,0,-0.03308729956731982,-0.025960804275897087,0.004992768529495262,0.019045064377682497,-0.0008047210300429208,-0.011543624161073796,0.9947739743924745,0.5795722863118127,
001215:20260626:3917,001215,2026-07-02,FAILED_BREAKOUT,10:30,False,,False,0,,,,0,-0.03461440570119623,-0.020615932807330206,-0.00019637924668447493,0.017435622317596433,-0.0008047210300429208,-0.011543624161073796,0.990904365904366,0.6158034468793592,
001215:20260626:3917,001215,2026-07-02,FAILED_BREAKOUT,11:30,False,,False,0,,,,0,-0.0244336981420209,-0.020615932807330206,0.009693145787821766,0.02816523605150212,-0.0008047210300429208,-0.011543624161073796,0.996881496881497,0.6193966827686384,
001270:20260626:13943,001270,2026-07-01,FAILED_BREAKOUT,09:45,False,,False,0,,,,0,-0.02478568766306366,-0.012796620698223404,0.005257497067812533,0.006410667350471133,-0.00019232002051416952,-0.015260323159784539,0.9957840422854267,0.5862565807702965,
001270:20260626:13943,001270,2026-07-01,FAILED_BREAKOUT,10:00,False,,False,0,,,,0,-0.02205242887315184,-0.008324015405640428,0.004072606590161287,0.009231360984678583,-0.00019232002051416952,-0.015260323159784539,0.9916061137559511,0.5815220332257075,
001270:20260626:13943,001270,2026-07-01,FAILED_BREAKOUT,10:30,False,,False,0,,,,0,-0.0373338302894769,-0.008324015405640428,-0.011911474193446403,-0.0065388806974806535,-0.00019232002051416952,-0.015260323159784539,0.977198697068404,0.6672461027131513,
001270:20260626:13943,001270,2026-07-01,FAILED_BREAKOUT,11:30,False,,False,0,,,,0,-0.01497080382656224,-0.00608771275934894,0.01312260043781266,0.01653952176421547,-0.00019232002051416952,-0.02539112592972559,0.99375,0.8053308566520863,
001309:20260604:68085,001309,2026-06-10,FAILED_BREAKOUT,09:45,True,2026-06-10 09:45:00,True,0,,,,0,-0.003949447077409185,0.003159557661927437,0.00976124133954781,0.007606993319909217,-0.00957266596349926,-0.011488503428801922,1.0,0.8701906707524685,
001309:20260604:68085,001309,2026-06-10,FAILED_BREAKOUT,10:00,True,2026-06-10 09:45:00,True,3,0.3333333333333333,1.0,-0.01500789889415477,1,-0.0037914691943127243,0.003159557661927437,0.007185055846176791,0.0077668041039409275,-0.00957266596349926,-0.011488503428801922,0.9991811023622047,0.948810850984764,
001309:20260604:68085,001309,2026-06-10,FAILED_BREAKOUT,10:30,True,2026-06-10 09:45:00,True,9,0.1111111111111111,0.6666666666666666,-0.01500789889415477,7,-0.014360189573459747,0.012053712480252665,-0.0066218897157762635,-0.0029245373477803094,-0.00957266596349926,-0.011488503428801922,0.9784430950782824,1.0798439006885414,
001309:20260604:68085,001309,2026-06-10,FAILED_BREAKOUT,11:30,True,2026-06-10 09:45:00,True,21,0.09523809523809523,0.7619047619047619,-0.01758293838862557,18,1.579778830951284e-05,0.012053712480252665,0.007606746243622897,0.011618243999105049,-0.00957266596349926,-0.011488503428801922,0.9881054586891029,1.025786978560063,
001360:20260612:1874,001360,2026-06-16,FAILED_BREAKOUT,09:45,False,,False,0,,,,0,-0.05805243445692876,-0.048689138576779034,0.001962272105368701,0.004995004995005159,0.003996003996004083,-0.01243781094527363,0.9921259842519685,0.6854296510771949,
001360:20260612:1874,001360,2026-06-16,FAILED_BREAKOUT,10:00,False,,False,0,,,,0,-0.05477528089887629,-0.047752808988763995,0.0036112481982768507,0.008491508491508482,0.003996003996004083,-0.01243781094527363,0.9985250737463126,0.5028241301936914,
001360:20260612:1874,001360,2026-06-16,FAILED_BREAKOUT,10:30,True,2026-06-16 10:30:00,True,0,,,,0,-0.0037453183520598232,0.001872659176029856,0.04256311109143618,0.06293706293706292,0.003996003996004083,-0.01243781094527363,1.0,0.6566815501422408,
001360:20260612:1874,001360,2026-06-16,FAILED_BREAKOUT,11:30,True,2026-06-16 10:30:00,True,12,0.0,1.0,-0.023408239700374533,12,-0.011704119850187267,0.001872659176029856,0.02533545239195778,0.054445554445554434,0.003996003996004083,-0.01243781094527363,0.9939252336448599,0.6889318165557702,
002038:20260629:558,002038,2026-07-01,SUCCESS,09:45,False,,False,0,,,,0,-0.05582922824302128,-0.0377668308702791,-0.0009781841963741877,-0.030354131534569895,-0.018549747048903775,-0.024054982817869552,0.9931740614334471,0.4320865556005815,
002038:20260629:558,002038,2026-07-01,SUCCESS,10:00,False,,False,0,,,,0,-0.05747126436781602,-0.0377668308702791,-0.002806821326655662,-0.03204047217537931,-0.018549747048903775,-0.024054982817869552,0.9914675767918087,0.45939096317392325,
002038:20260629:558,002038,2026-07-01,SUCCESS,10:30,False,,False,0,,,,0,-0.016420361247947435,-0.016420361247947435,0.03154526392105428,0.010118043844856706,-0.018549747048903775,-0.024054982817869552,1.0,0.6241191275993239,
002038:20260629:558,002038,2026-07-01,SUCCESS,11:30,True,2026-07-01 10:35:00,True,11,1.0,1.0,-0.0049261083743842304,0,0.016420361247947435,0.024630541871921263,0.04065317237648136,0.04384485666104565,-0.018549747048903775,-0.024054982817869552,0.9967948717948717,1.0050186026691876,
002051:20260604:1202,002051,2026-06-10,FAILED_BREAKOUT,09:45,True,2026-06-10 09:35:00,True,2,0.0,0.0,-0.03830480847595752,2,-0.023634881825590814,0.004074979625101838,-2.4309229220698114e-06,-0.02044153720359776,0.0008176614881438837,-0.03594771241830064,0.9724025974025974,0.8238956092496915,
002051:20260604:1202,002051,2026-06-10,FAILED_BREAKOUT,10:00,True,2026-06-10 09:35:00,True,5,0.0,0.2,-0.03830480847595752,5,-0.023634881825590814,0.004074979625101838,-0.0002195709166629145,-0.02044153720359776,0.0008176614881438837,-0.03594771241830064,0.9797077922077922,0.6475770172298149,
002051:20260604:1202,002051,2026-06-10,FAILED_BREAKOUT,10:30,True,2026-06-10 09:35:00,True,11,0.0,0.36363636363636365,-0.03830480847595752,11,-0.030969845150774167,0.004074979625101838,-0.007525667463950336,-0.027800490596892824,0.0008176614881438837,-0.03594771241830064,0.9707792207792209,0.8169954344057786,
002051:20260604:1202,002051,2026-06-10,FAILED_BREAKOUT,11:30,True,2026-06-10 09:35:00,True,23,0.0,0.4782608695652174,-0.03830480847595752,23,-0.023634881825590814,0.004074979625101838,0.00032397467583611395,-0.02044153720359776,0.0008176614881438837,-0.03594771241830064,0.974025974025974,1.0138423802922043,
002068:20260601:1041,002068,2026-06-05,FAILED_BREAKOUT,09:45,False,,False,0,,,,0,-0.027198549410697992,-0.019945602901178527,0.0027628206856877835,0.008458646616541277,-0.0009398496240601295,-0.010348071495766775,0.9981498612395928,0.6732625749884633,
002068:20260601:1041,002068,2026-06-05,FAILED_BREAKOUT,10:00,True,2026-06-05 10:00:00,True,0,,,,0,0.0018132366273799772,0.005439709882139709,0.022251668329709817,0.03853383458646609,-0.0009398496240601295,-0.010348071495766775,1.0,0.9846189940587501,
002068:20260601:1041,002068,2026-06-05,FAILED_BREAKOUT,10:30,True,2026-06-05 10:00:00,True,6,0.0,0.8333333333333334,-0.019945602901178527,6,-0.01903898458748854,0.005439709882139709,-0.0017693898897509497,0.016917293233082775,-0.0009398496240601295,-0.010348071495766775,0.9828674481514879,1.0145314272250563,
002068:20260601:1041,002068,2026-06-05,FAILED_BREAKOUT,11:30,True,2026-06-05 10:00:00,True,18,0.0,0.9444444444444444,-0.020852221214868405,18,-0.011786038077969074,0.005439709882139709,0.003845431108315145,0.02443609022556381,-0.0009398496240601295,-0.010348071495766775,0.9828674481514879,1.1144478446414392,
002106:20260615:1338,002106,2026-06-18,SUCCESS,09:45,True,2026-06-18 09:35:00,True,2,1.0,0.0,0.00426742532005675,0,0.010668563300142209,0.06614509246088196,-0.01553029102782455,0.04948301329394389,0.09601181683899562,-0.04851752021563349,0.9499666444296198,2.185697789508413,
002106:20260615:1338,002106,2026-06-18,SUCCESS,10:00,True,2026-06-18 09:35:00,True,5,0.8,0.0,-0.011379800853485111,1,-0.008534850640113834,0.06614509246088196,-0.02529895327932441,0.02954209748892178,0.09601181683899562,-0.06334231805929913,0.9379586390927285,2.509686953045985,
002106:20260615:1338,002106,2026-06-18,SUCCESS,10:30,True,2026-06-18 09:35:00,True,11,0.9090909090909091,0.0,-0.015647226173541973,1,0.005689900426742556,0.06614509246088196,-0.007465982330929322,0.04431314623338278,0.09601181683899562,-0.06738544474393526,0.9432955303535691,2.175787238577765,
002106:20260615:1338,002106,2026-06-18,SUCCESS,11:30,True,2026-06-18 09:35:00,True,23,0.6521739130434783,0.043478260869565216,-0.015647226173541973,6,0.0014224751066855834,0.06614509246088196,-0.009533792073629144,0.03988183161004444,0.09601181683899562,-0.06738544474393526,0.9412941961307538,1.8791008359425236,
002124:20260701:232,002124,2026-07-06,SUCCESS,09:45,True,2026-07-06 09:35:00,True,2,0.0,0.0,-0.029166666666666563,2,-0.029166666666666563,0.016666666666666607,-0.02062534359493573,0.026431718061673992,0.03964757709251088,-0.012711864406779627,0.9754098360655737,1.8348889051151323,
002124:20260701:232,002124,2026-07-06,SUCCESS,10:00,True,2026-07-06 09:35:00,True,5,0.0,0.2,-0.04583333333333328,5,-0.025000000000000022,0.016666666666666607,-0.010835105914274279,0.03083700440528636,0.03964757709251088,-0.029661016949152463,0.9590163934426229,1.524153440419262,
002124:20260701:232,002124,2026-07-06,SUCCESS,10:30,True,2026-07-06 09:35:00,True,11,0.09090909090909091,0.36363636363636365,-0.04583333333333328,9,-0.004166666666666541,0.02083333333333348,0.00576752957741844,0.052863436123347984,0.03964757709251088,-0.029661016949152463,0.9918367346938776,1.5398673573363535,
002124:20260701:232,002124,2026-07-06,SUCCESS,11:30,True,2026-07-06 09:35:00,True,23,0.08695652173913043,0.43478260869565216,-0.04583333333333328,10,-0.012499999999999956,0.02083333333333348,-0.0031760968876184403,0.04405286343612347,0.03964757709251088,-0.029661016949152463,0.9673469387755101,1.491071189110676,
002129:20260609:981,002129,2026-06-12,FAILED_BREAKOUT,09:45,True,2026-06-12 09:35:00,True,2,1.0,0.0,0.01602262016965117,0,0.016965127238454336,0.049952874646560064,-0.0119828115771623,0.06515301085883496,0.024679170779861703,-0.0019267822736032114,0.9838420107719928,2.589990733450849,
002129:20260609:981,002129,2026-06-12,FAILED_BREAKOUT,10:00,True,2026-06-12 09:35:00,True,5,1.0,0.0,-0.0009425070688029447,0,0.0018850141376061114,0.049952874646560064,-0.022709391491733344,0.04935834155972363,0.024679170779861703,-0.0019267822736032114,0.9605026929982046,2.516161239649618,
002129:20260609:981,002129,2026-06-12,FAILED_BREAKOUT,10:30,True,2026-06-12 09:35:00,True,11,0.45454545454545453,0.0,-0.020735155513666226,6,-0.020735155513666226,0.049952874646560064,-0.038906615656407295,0.02566633761105619,0.024679170779861703,-0.0019267822736032114,0.938061041292639,2.373356984492852,
002129:20260609:981,002129,2026-06-12,FAILED_BREAKOUT,11:30,True,2026-06-12 09:35:00,True,23,0.21739130434782608,0.13043478260869565,-0.03204524033930256,18,-0.020735155513666226,0.049952874646560064,-0.0319408090058001,0.02566633761105619,0.024679170779861703,-0.010597302504817052,0.9371633752244164,2.3121928236727323,
002174:20260615:1109,002174,2026-06-22,FAILED_BREAKOUT,09:45,False,,False,0,,,,0,-0.03020408163265298,-0.020408163265306145,0.005370443197237673,0.0223752151462997,0.0,-0.008605851979345935,0.995,2.208252693080153,
002174:20260615:1109,002174,2026-06-22,FAILED_BREAKOUT,10:00,False,,False,0,,,,0,-0.04081632653061229,-0.020408163265306145,-0.0057697185103712245,0.01118760757314985,0.0,-0.008605851979345935,0.9866666666666667,1.914116996199548,
002174:20260615:1109,002174,2026-06-22,FAILED_BREAKOUT,10:30,False,,False,0,,,,0,-0.04571428571428571,-0.020408163265306145,-0.007882431736168094,0.006024096385542244,0.0,-0.008605851979345935,0.9766666666666667,1.4143223166631171,
002174:20260615:1109,002174,2026-06-22,FAILED_BREAKOUT,11:30,False,,False,0,,,,0,-0.05142857142857149,-0.020408163265306145,-0.01134542094307267,0.0,0.0,-0.008605851979345935,0.9691666666666667,1.3043981139690322,
002208:20260610:1674,002208,2026-06-17,SUCCESS,09:45,False,,False,0,,,,0,-0.05745164960182014,-0.05745164960182014,0.012845770924250877,-0.005402160864345751,-0.009603841536614643,-0.015151515151515138,1.0,0.4827139807652581,
002208:20260610:1674,002208,2026-06-17,SUCCESS,10:00,False,,False,0,,,,0,-0.05346985210466426,-0.0426621160409556,0.009432344077069832,-0.0012004801920768582,-0.009603841536614643,-0.015151515151515138,0.9982174688057043,0.6148553356981068,
002208:20260610:1674,002208,2026-06-17,SUCCESS,10:30,False,,False,0,,,,0,-0.04721274175199086,-0.04152445961319662,0.011467012238466578,0.005402160864345751,-0.009603841536614643,-0.015151515151515138,0.9946587537091989,0.6959054221355945,
002208:20260610:1674,002208,2026-06-17,SUCCESS,11:30,False,,False,0,,,,0,-0.04379977246871447,-0.03412969283276435,0.009761626982160543,0.009003601440576103,-0.009603841536614643,-0.015151515151515138,0.9905771495877503,0.7525357124956142,
002281:20260615:22547,002281,2026-06-18,FAILED_BREAKOUT,09:45,True,2026-06-18 09:35:00,True,2,1.0,0.5,0.005672609400324102,0,0.020867098865477995,0.0284440842787681,0.00961474476870161,0.04111570247933871,-4.1322314049518916e-05,-0.008223480309103692,0.9936175242297691,1.13195534708109,
002281:20260615:22547,002281,2026-06-18,FAILED_BREAKOUT,10:00,True,2026-06-18 09:35:00,True,5,1.0,0.4,0.0011750405186385926,0,0.012560777957860703,0.0284440842787681,0.0011117385379904032,0.03264462809917368,-4.1322314049518916e-05,-0.008223480309103692,0.9922385942794106,1.1536774717218266,
002281:20260615:22547,002281,2026-06-18,FAILED_BREAKOUT,10:30,True,2026-06-18 09:35:00,True,11,1.0,0.36363636363636365,0.0011750405186385926,0,0.06316855753646666,0.0645867098865478,0.040877508058152046,0.08425619834710729,-4.1322314049518916e-05,-0.008223480309103692,1.0,1.1320427067045222,
002281:20260615:22547,002281,2026-06-18,FAILED_BREAKOUT,11:30,True,2026-06-18 09:35:00,True,23,1.0,0.6521739130434783,0.0011750405186385926,0,0.0786061588330631,0.0786061588330631,0.0437608718900615,0.09999999999999987,-4.1322314049518916e-05,-0.008223480309103692,1.0,1.0431248945285494,
002292:20260727:776,002292,2026-07-29,FAILED_BREAKOUT,09:45,True,2026-07-29 09:35:00,True,2,0.0,0.5,-0.018404907975460127,2,-0.015950920245398903,0.0036809815950920033,-0.005036890214537015,0.012626262626262541,0.0,-0.0037878787878787845,0.9926650366748165,0.6197552096498709,
002292:20260727:776,002292,2026-07-29,FAILED_BREAKOUT,10:00,True,2026-07-29 09:35:00,True,5,0.0,0.6,-0.018404907975460127,5,-0.012269938650306678,0.0036809815950920033,-0.0017166452673507138,0.016414141414141437,0.0,-0.0037878787878787845,0.991442542787286,0.6462148165320998,
002292:20260727:776,002292,2026-07-29,FAILED_BREAKOUT,10:30,True,2026-07-29 09:35:00,True,11,0.0,0.6363636363636364,-0.018404907975460127,11,-0.007361963190184118,0.0036809815950920033,0.003136854257874022,0.02146464646464641,0.0,-0.0037878787878787845,0.9902200488997555,0.6563884654452314,
002292:20260727:776,002292,2026-07-29,FAILED_BREAKOUT,11:30,True,2026-07-29 09:35:00,True,23,0.0,0.6521739130434783,-0.018404907975460127,23,-0.004907975460122782,0.0036809815950920033,0.004428783002539571,0.023989898989899006,0.0,-0.0037878787878787845,0.991442542787286,0.7092842535787321,
002317:20260618:2290,002317,2026-06-25,FAILED_BREAKOUT,09:45,False,,False,0,,,,0,-0.05465164789319976,-0.03254067584480591,-0.009178766751487433,-0.022854678740836576,-0.010780508840017244,-0.012641673931996666,0.988788270806382,0.844688715639275,
002317:20260618:2290,002317,2026-06-25,FAILED_BREAKOUT,10:00,False,,False,0,,,,0,-0.07217355027117234,-0.03254067584480591,-0.01987557372932869,-0.040965933592065684,-0.010780508840017244,-0.032258064516129115,0.9702457956015523,0.8469628362164305,
002317:20260618:2290,002317,2026-06-25,FAILED_BREAKOUT,10:30,False,,False,0,,,,0,-0.05757196495619521,-0.03254067584480591,-0.0007493409678863694,-0.02587322121604141,-0.010780508840017244,-0.03661726242371399,0.9775765416127642,0.8195260038995316,
002317:20260618:2290,002317,2026-06-25,FAILED_BREAKOUT,11:30,False,,False,0,,,,0,-0.018773466833541863,-0.0108468919482686,0.029076141220138352,0.014230271668822736,-0.010780508840017244,-0.03661726242371399,1.0,1.0536288017510447,
002346:20260616:1801,002346,2026-06-22,FAILED_BREAKOUT,09:45,True,2026-06-22 09:35:00,True,2,1.0,1.0,0.037558685446009266,0,0.05738132498695858,0.05738132498695858,0.01923882913160857,0.09983722192078126,0.020618556701030855,0.0,1.0,1.9767854264065774,
002346:20260616:1801,002346,2026-06-22,FAILED_BREAKOUT,10:00,True,2026-06-22 09:35:00,True,5,1.0,1.0,0.037558685446009266,0,0.05738132498695858,0.05738132498695858,0.018490704312953632,0.09983722192078126,0.020618556701030855,0.0,1.0,1.5049876047692126,
002346:20260616:1801,002346,2026-06-22,FAILED_BREAKOUT,10:30,True,2026-06-22 09:35:00,True,11,1.0,1.0,0.037558685446009266,0,0.05738132498695858,0.05738132498695858,0.017557248058968966,0.09983722192078126,0.020618556701030855,0.0,1.0,1.259110641792796,
002346:20260616:1801,002346,2026-06-22,FAILED_BREAKOUT,11:30,True,2026-06-22 09:35:00,True,23,1.0,1.0,0.037558685446009266,0,0.05738132498695858,0.05738132498695858,0.016712000508815716,0.09983722192078126,0.020618556701030855,0.0,1.0,1.0740451173699967,
002370:20260629:537,002370,2026-07-01,SUCCESS,09:45,False,,False,0,,,,0,-0.06445993031358888,-0.03658536585365857,-0.004189733174477572,-0.018281535648994485,0.005484460694698434,-0.029090909090909167,0.9819168173598553,0.3742247886375701,
002370:20260629:537,002370,2026-07-01,SUCCESS,10:00,False,,False,0,,,,0,-0.060975609756097615,-0.03658536585365857,-5.8360965165094036e-05,-0.014625228519195677,0.005484460694698434,-0.029090909090909167,0.9801084990958409,0.42187483432707634,
002370:20260629:537,002370,2026-07-01,SUCCESS,10:30,False,,False,0,,,,0,-0.03310104529616731,-0.03310104529616731,0.02601900967688886,0.014625228519195677,0.005484460694698434,-0.029090909090909167,1.0,0.5222777757013107,
002370:20260629:537,002370,2026-07-01,SUCCESS,11:30,True,2026-07-01 10:45:00,True,9,0.0,1.0,-0.019163763066202155,9,-0.005226480836237002,0.0034843205574912606,0.030288914397073263,0.04387568555758681,0.005484460694698434,-0.029090909090909167,0.9930555555555556,0.907453204435516,
002378:20260611:3363,002378,2026-06-16,FAILED_BREAKOUT,09:45,True,2026-06-16 09:40:00,True,1,1.0,1.0,0.015255128879537061,0,0.023934771173066638,0.031036296685954756,0.028780501952649695,0.040909090909091006,-0.02887700534759352,-0.008535242290748979,1.0,1.2291862924694086,
002378:20260611:3363,002378,2026-06-16,FAILED_BREAKOUT,10:00,True,2026-06-16 09:40:00,True,4,1.0,1.0,0.015255128879537061,0,0.03261441346659644,0.048921620199894766,0.026674207746616885,0.04973262032085568,-0.02887700534759352,-0.008535242290748979,1.0,1.2427211969426861,
002378:20260611:3363,002378,2026-06-16,FAILED_BREAKOUT,10:30,True,2026-06-16 09:40:00,True,10,1.0,1.0,0.0034192530247236785,0,0.011572856391372843,0.048921620199894766,0.003602638384374357,0.028342245989304793,-0.02887700534759352,-0.008535242290748979,0.9746740220661985,1.1055042125969639,
002378:20260611:3363,002378,2026-06-16,FAILED_BREAKOUT,11:30,True,2026-06-16 09:40:00,True,22,0.9545454545454546,0.7727272727272727,-0.0034192530247239006,1,0.021041557075223594,0.048921620199894766,0.012866365668192214,0.03796791443850278,-0.02887700534759352,-0.008535242290748979,0.9759277833500501,1.012577484860958,
002392:20260618:881,002392,2026-06-24,FAILED_BREAKOUT,09:45,True,2026-06-24 09:35:00,True,2,0.0,0.0,-0.012779552715655007,2,-0.009584664536741228,0.022364217252396124,-0.0074933396448997325,0.027624309392265234,-0.0044198895027625085,0.0,0.9812500000000001,2.2564567341029913,
002392:20260618:881,002392,2026-06-24,FAILED_BREAKOUT,10:00,True,2026-06-24 09:35:00,True,5,0.0,0.0,-0.051118210862619806,5,-0.024494142705005384,0.022364217252396124,-0.0162541914868789,0.012154696132596676,-0.0044198895027625085,-0.011098779134295134,0.9572916666666667,2.222416892514623,
002392:20260618:881,002392,2026-06-24,FAILED_BREAKOUT,10:30,True,2026-06-24 09:35:00,True,11,0.0,0.18181818181818182,-0.06283280085197018,11,-0.04579339723109688,0.022364217252396124,-0.031148470785748672,-0.009944751381215422,-0.0044198895027625085,-0.023307436182019914,0.9343750000000001,2.2207980220838133,
002392:20260618:881,002392,2026-06-24,FAILED_BREAKOUT,11:30,True,2026-06-24 09:35:00,True,23,0.0,0.08695652173913043,-0.06389776357827492,23,-0.04472843450479236,0.022364217252396124,-0.02516876399784007,-0.008839779005524906,-0.0044198895027625085,-0.02441731409544956,0.9343750000000001,1.9279971032999714,
002403:20260701:981,002403,2026-07-03,FAILED_BREAKOUT,09:45,False,,False,0,,,,0,-0.018761726078799223,-0.016885553470919246,0.011547190171965704,0.023483365949119372,0.0,-0.007827788649706457,1.0,0.7332042935069506,
002403:20260701:981,002403,2026-07-03,FAILED_BREAKOUT,10:00,False,,False,0,,,,0,-0.025328330206378924,-0.012195121951219634,0.0016531185660808578,0.016634050880626194,0.0,-0.007827788649706457,0.9933523266856602,0.867367420240862,
002403:20260701:981,002403,2026-07-03,FAILED_BREAKOUT,10:30,False,,False,0,,,,0,-0.015947467166979368,-0.008442776735459678,0.007241728542080272,0.02641878669275921,0.0,-0.007827788649706457,0.9971617786187321,0.918597840014644,
002403:20260701:981,002403,2026-07-03,FAILED_BREAKOUT,11:30,False,,False,0,,,,0,-0.010318949343339545,-0.008442776735459678,0.012209860838549913,0.03228962818003911,0.0,-0.007827788649706457,0.9981078524124882,0.8139100253637699,
002427:20260624:474,002427,2026-06-26,FAILED_BREAKOUT,09:45,True,2026-06-26 09:40:00,True,1,0.0,0.0,-0.040000000000000036,1,-0.038000000000000034,0.014000000000000012,-0.01466257953155492,0.03218884120171661,-0.0042918454935623185,-0.006465517241379226,1.0,1.6313160508100257,
002427:20260624:474,002427,2026-06-26,FAILED_BREAKOUT,10:00,True,2026-06-26 09:40:00,True,4,0.0,0.0,-0.04600000000000004,4,-0.03599999999999992,0.014000000000000012,-0.009008451714157872,0.03433476394849788,-0.0042918454935623185,-0.006465517241379226,0.9506903353057199,1.582941860016852,
002427:20260624:474,002427,2026-06-26,FAILED_BREAKOUT,10:30,True,2026-06-26 09:40:00,True,10,0.0,0.0,-0.04600000000000004,10,-0.04200000000000004,0.014000000000000012,-0.013596669410561368,0.027896995708154515,-0.0042918454935623185,-0.006465517241379226,0.9487179487179486,1.447733776539245,
002427:20260624:474,002427,2026-06-26,FAILED_BREAKOUT,11:30,True,2026-06-26 09:40:00,True,22,0.0,0.045454545454545456,-0.05399999999999994,22,-0.03200000000000003,0.014000000000000012,-0.000980597072187006,0.03862660944205998,-0.0042918454935623185,-0.006465517241379226,0.9546351084812622,1.2435218086985433,
002428:20260611:8824,002428,2026-06-15,FAILED_BREAKOUT,09:45,True,2026-06-15 09:35:00,True,2,1.0,1.0,-0.026687598116169498,0,0.017268445839874413,0.02103610675039258,0.01872621725447665,0.05354433123780611,0.029698677650119132,-0.021052631578947323,1.0,0.9636953362088986,
002428:20260611:8824,002428,2026-06-15,FAILED_BREAKOUT,10:00,True,2026-06-15 09:35:00,True,5,1.0,1.0,-0.026687598116169498,0,0.012140240711669303,0.03275771847200426,0.006784077956408785,0.04823325384782118,0.029698677650119132,-0.021052631578947323,0.9915889744629103,0.9528174409958519,
002428:20260611:8824,002428,2026-06-15,FAILED_BREAKOUT,10:30,True,2026-06-15 09:35:00,True,11,1.0,1.0,-0.026687598116169498,0,0.03976975405546823,0.03987441130298275,0.02945336647613539,0.07684803815304564,0.029698677650119132,-0.021052631578947323,1.0,0.9216151849123535,
002428:20260611:8824,002428,2026-06-15,FAILED_BREAKOUT,11:30,True,2026-06-15 09:35:00,True,23,1.0,0.9130434782608695,-0.026687598116169498,0,0.0288854003139718,0.04604918890633192,0.014488847959999829,0.06557554736613924,0.029698677650119132,-0.021052631578947323,0.9854927463731865,0.8204501763532549,
002428:20260615:10149,002428,2026-06-22,FAILED_BREAKOUT,09:45,True,2026-06-22 09:35:00,True,2,1.0,1.0,0.05048968336978232,0,0.05048968336978232,0.05048968336978232,0.016875463700420257,0.09996017522899248,0.06481481481481488,-0.01449275362318836,1.0,0.8146771496355666,
002428:20260615:10149,002428,2026-06-22,FAILED_BREAKOUT,10:00,True,2026-06-22 09:35:00,True,5,1.0,1.0,0.05048968336978232,0,0.05048968336978232,0.05048968336978232,0.015772262764059075,0.09996017522899248,0.06481481481481488,-0.01449275362318836,1.0,0.6133362716471085,
002428:20260615:10149,002428,2026-06-22,FAILED_BREAKOUT,10:30,True,2026-06-22 09:35:00,True,11,1.0,1.0,0.05048968336978232,0,0.05048968336978232,0.05048968336978232,0.014244942908848701,0.09996017522899248,0.06481481481481488,-0.01449275362318836,1.0,0.5121819273503342,
002428:20260615:10149,002428,2026-06-22,FAILED_BREAKOUT,11:30,True,2026-06-22 09:35:00,True,23,1.0,1.0,0.05048968336978232,0,0.05048968336978232,0.05048968336978232,0.011158139247295917,0.09996017522899248,0.06481481481481488,-0.01449275362318836,1.0,0.533224306412112,
002440:20260622:1099,002440,2026-06-25,FAILED_BREAKOUT,09:45,False,,False,0,,,,0,-0.02864363942712722,-0.020219039595619104,0.014882848454437436,-0.0008665511265164572,-0.029462738301559765,-0.02589285714285705,0.997420464316423,1.4428912109822232,
002440:20260622:1099,002440,2026-06-25,FAILED_BREAKOUT,10:00,False,,False,0,,,,0,-0.03875315922493672,-0.020219039595619104,0.0022738601973077976,-0.011265164644713943,-0.029462738301559765,-0.02589285714285705,0.9888220120378332,1.258611753885235,
002440:20260622:1099,002440,2026-06-25,FAILED_BREAKOUT,10:30,False,,False,0,,,,0,-0.018534119629317503,-0.018534119629317503,0.019958184077241592,0.00953206239168125,-0.029462738301559765,-0.02589285714285705,1.0,1.20447099682482,
002440:20260622:1099,002440,2026-06-25,FAILED_BREAKOUT,11:30,False,,False,0,,,,0,-0.03285593934288111,-0.010951979780960297,0.00016154998648132413,-0.005199306759098632,-0.029462738301559765,-0.02589285714285705,0.9778534923339012,1.3820246724141412,
002442:20260618:548,002442,2026-06-23,FAILED_BREAKOUT,09:45,True,2026-06-23 09:35:00,True,2,1.0,1.0,0.006825938566553003,0,0.017064846416382284,0.03924914675767921,0.010280184475413678,0.05673758865248235,-0.007092198581560294,-0.008928571428571397,0.9950738916256158,2.247287288291451,
002442:20260618:548,002442,2026-06-23,FAILED_BREAKOUT,10:00,True,2026-06-23 09:35:00,True,5,0.8,0.4,-0.011945392491467643,1,-0.008532423208191253,0.03924914675767921,-0.01441876698143818,0.03014184397163122,-0.007092198581560294,-0.008928571428571397,0.9655172413793104,2.0962095875139353,
002442:20260618:548,002442,2026-06-23,FAILED_BREAKOUT,10:30,True,2026-06-23 09:35:00,True,11,0.9090909090909091,0.6363636363636364,-0.011945392491467643,1,0.022184300341296925,0.03924914675767921,0.014545673593917341,0.06205673758865249,-0.007092198581560294,-0.008928571428571397,0.9885057471264367,1.9143090340507873,
002442:20260618:548,002442,2026-06-23,FAILED_BREAKOUT,11:30,True,2026-06-23 09:35:00,True,23,0.9565217391304348,0.8260869565217391,-0.011945392491467643,1,0.015358361774743923,0.04095563139931735,0.0047400281421863255,0.054964539007092306,-0.007092198581560294,-0.008928571428571397,0.9754098360655739,1.877125524333589,
002472:20260630:4151,002472,2026-07-03,SUCCESS,09:45,False,,False,0,,,,0,-0.014715719063545185,-0.011817168338907447,0.005417669354364163,0.03392606457650893,0.02480112306972382,-0.013242009132420018,0.9970667870036101,1.2109661805096037,
002472:20260630:4151,002472,2026-07-03,SUCCESS,10:00,True,2026-07-03 09:55:00,True,1,1.0,1.0,-0.0033444816053511683,0,0.0020066889632106566,0.0033444816053511683,0.014909936221027209,0.05147402901263454,0.02480112306972382,-0.013242009132420018,1.0,1.6366046523867166,
002472:20260630:4151,002472,2026-07-03,SUCCESS,10:30,True,2026-07-03 09:55:00,True,7,1.0,0.8571428571428571,-0.0033444816053511683,0,0.04816053511705687,0.04816053511705687,0.03921986574069569,0.09990641085634056,0.02480112306972382,-0.013242009132420018,1.0,1.8002446317900433,
002472:20260630:4151,002472,2026-07-03,SUCCESS,11:30,True,2026-07-03 09:55:00,True,19,1.0,0.8947368421052632,-0.0033444816053511683,0,0.04816053511705687,0.04816053511705687,0.030414861886562505,0.09990641085634056,0.02480112306972382,-0.013242009132420018,1.0,1.9848647479023895,
002490:20260608:823,002490,2026-06-12,SUCCESS,09:45,True,2026-06-12 09:35:00,True,2,0.0,1.0,-0.02677532013969741,2,-0.0011641443538998875,0.002328288707799775,0.03251344361586472,0.002336448598130758,-0.06191588785046742,0.0,0.9965156794425087,0.9269835605865208,
002490:20260608:823,002490,2026-06-12,SUCCESS,10:00,True,2026-06-12 09:35:00,True,5,0.6,0.8,-0.02677532013969741,2,0.07450523864959258,0.07450523864959258,0.08899697740453072,0.07827102803738306,-0.06191588785046742,0.0,1.0,1.2984637230716845,
002490:20260608:823,002490,2026-06-12,SUCCESS,10:30,True,2026-06-12 09:35:00,True,11,0.8181818181818182,0.9090909090909091,-0.02677532013969741,2,0.015133876600698537,0.07450523864959258,0.0212123562963753,0.01869158878504673,-0.06191588785046742,0.0,0.9588299024918743,1.4401711064239333,
002490:20260608:823,002490,2026-06-12,SUCCESS,11:30,True,2026-06-12 09:35:00,True,23,0.9130434782608695,0.9565217391304348,-0.02677532013969741,2,0.011641443538998875,0.07450523864959258,0.016114720620743483,0.015186915887850372,-0.06191588785046742,0.0,0.9414951245937161,1.5398767087448493,
002497:20260624:2360,002497,2026-07-02,FAILED_BREAKOUT,09:45,False,,False,0,,,,0,-0.06188340807174886,-0.04529147982062787,-0.005034515220274649,-0.003809523809523707,-0.0019047619047618536,-0.011927480916030575,0.9891968060122123,0.9852064391116411,
002497:20260624:2360,002497,2026-07-02,FAILED_BREAKOUT,10:00,False,,False,0,,,,0,-0.0556053811659194,-0.04529147982062787,0.002093162420043093,0.0028571428571428914,-0.0019047619047618536,-0.011927480916030575,0.9920150305307657,0.8137573004542504,
002497:20260624:2360,002497,2026-07-02,FAILED_BREAKOUT,10:30,False,,False,0,,,,0,-0.06457399103139017,-0.04529147982062787,-0.00405553691827365,-0.00666666666666671,-0.0019047619047618536,-0.015744274809160408,0.9816815406294035,0.8573085166951337,
002497:20260624:2360,002497,2026-07-02,FAILED_BREAKOUT,11:30,False,,False,0,,,,0,-0.03991031390134536,-0.03452914798206275,0.016497377222288057,0.0195238095238095,-0.0019047619047618536,-0.015744274809160408,0.9944263817928471,0.777286058643104,
002518:20260625:5443,002518,2026-06-30,FAILED_BREAKOUT,09:45,False,,False,0,,,,0,-0.03424139235716994,-0.022701475595913734,0.008315600653236999,0.047824302134646945,0.0,-0.014778325123152691,0.9990321331784747,1.235937384808198,
002518:20260625:5443,002518,2026-06-30,FAILED_BREAKOUT,10:00,False,,False,0,,,,0,-0.025728339008702195,-0.017026106696935273,0.012074105271148827,0.057060755336617364,0.0,-0.014778325123152691,0.9940338722093918,0.9347635610546159,
002518:20260625:5443,002518,2026-06-30,FAILED_BREAKOUT,10:30,True,2026-06-30 10:10:00,True,4,1.0,1.0,0.009080590238365494,0,0.013810064320847637,0.013810064320847637,0.02641278353519061,0.09995894909688019,0.0,-0.014778325123152691,1.0,1.3799173024080627,
002518:20260625:5443,002518,2026-06-30,FAILED_BREAKOUT,11:30,True,2026-06-30 10:10:00,True,16,1.0,1.0,0.009080590238365494,0,0.013810064320847637,0.013810064320847637,0.0254750816564695,0.09995894909688019,0.0,-0.014778325123152691,1.0,1.1022275770108096,
002549:20260623:1867,002549,2026-06-29,FAILED_BREAKOUT,09:45,True,2026-06-29 09:35:00,True,2,1.0,0.0,0.009178743961352653,0,0.009178743961352653,0.009178743961352653,-5.37109072218378e-07,0.10005265929436558,0.10005265929436558,0.0,1.0,1.0687840957140777,
002549:20260623:1867,002549,2026-06-29,FAILED_BREAKOUT,10:00,True,2026-06-29 09:35:00,True,5,1.0,0.0,0.009178743961352653,0,0.009178743961352653,0.009178743961352653,-2.875590902062797e-07,0.10005265929436558,0.10005265929436558,0.0,1.0,0.8404140647385488,
002549:20260623:1867,002549,2026-06-29,FAILED_BREAKOUT,10:30,True,2026-06-29 09:35:00,True,11,1.0,1.0,-0.017874396135265758,0,0.009178743961352653,0.009178743961352653,0.0025935644740462394,0.10005265929436558,0.10005265929436558,-0.026807084729535746,1.0,1.1348482301374805,
002549:20260623:1867,002549,2026-06-29,FAILED_BREAKOUT,11:30,True,2026-06-29 09:35:00,True,23,1.0,1.0,-0.017874396135265758,0,0.009178743961352653,0.009178743961352653,0.0024495142924045865,0.10005265929436558,0.10005265929436558,-0.026807084729535746,1.0,0.9848811550555528,
002583:20260609:939,002583,2026-06-12,FAILED_BREAKOUT,09:45,False,,False,0,,,,0,-0.049949031600407756,-0.04077471967380231,0.0031492403056541107,0.004310344827586299,0.0,-0.014008620689655027,1.0,0.9024667455732617,
002583:20260609:939,002583,2026-06-12,FAILED_BREAKOUT,10:00,False,,False,0,,,,0,-0.04587155963302758,-0.03567787971457692,0.0038832305176714765,0.008620689655172376,0.0,-0.014008620689655027,0.9926004228329809,0.7971975004733952,
002583:20260609:939,002583,2026-06-12,FAILED_BREAKOUT,10:30,False,,False,0,,,,0,-0.04689092762487268,-0.03567787971457692,0.0017736503772671774,0.007543103448275801,0.0,-0.014008620689655027,0.9904862579281182,0.7984825048439357,
002583:20260609:939,002583,2026-06-12,FAILED_BREAKOUT,11:30,True,2026-06-12 11:05:00,True,5,1.0,1.0,0.0,0,0.0,0.0377166156982669,0.027122215307006536,0.05711206896551735,0.0,-0.014008620689655027,0.9675834970530451,1.4846555522314993,
002585:20260604:1180,002585,2026-06-10,FAILED_BREAKOUT,09:45,True,2026-06-10 09:35:00,True,2,1.0,1.0,0.03312788906009234,0,0.03389830508474567,0.03389830508474567,0.009362255548411635,0.10000000000000009,0.058196721311475574,0.0,1.0,1.6969014331252643,
002585:20260604:1180,002585,2026-06-10,FAILED_BREAKOUT,10:00,True,2026-06-10 09:35:00,True,5,1.0,1.0,0.03312788906009234,0,0.03389830508474567,0.03389830508474567,0.009259046945292226,0.10000000000000009,0.058196721311475574,0.0,1.0,1.101498639267821,
002585:20260604:1180,002585,2026-06-10,FAILED_BREAKOUT,10:30,True,2026-06-10 09:35:00,True,11,1.0,1.0,0.03312788906009234,0,0.03389830508474567,0.03389830508474567,0.009071787521570451,0.10000000000000009,0.058196721311475574,0.0,1.0,0.757502403784756,
002585:20260604:1180,002585,2026-06-10,FAILED_BREAKOUT,11:30,True,2026-06-10 09:35:00,True,23,1.0,1.0,0.03312788906009234,0,0.03389830508474567,0.03389830508474567,0.008667196144435563,0.10000000000000009,0.058196721311475574,0.0,1.0,0.7651270718583643,
002601:20260622:1703,002601,2026-06-25,FAILED_BREAKOUT,09:45,False,,False,0,,,,0,-0.01294316263365225,-0.010129431626336505,0.007941128514850071,0.010368663594469973,-0.012672811059907807,-0.00583430571761967,0.9971574758385446,1.0721310872105325,
002601:20260622:1703,002601,2026-06-25,FAILED_BREAKOUT,10:00,False,,False,0,,,,0,-0.03320202588632526,-0.010129431626336505,-0.011687334716631637,-0.010368663594470084,-0.012672811059907807,-0.00583430571761967,0.9869243888573053,1.0348141517878173,
002601:20260622:1703,002601,2026-06-25,FAILED_BREAKOUT,10:30,True,2026-06-25 10:15:00,True,3,0.0,1.0,-0.008441193021947013,3,-0.0022509848058525073,0.002813731007315745,0.013955559716098742,0.0213133640552996,-0.012672811059907807,-0.00583430571761967,0.9960718294051627,1.1631829822780915,
002601:20260622:1703,002601,2026-06-25,FAILED_BREAKOUT,11:30,True,2026-06-25 10:15:00,True,15,0.13333333333333333,0.7333333333333333,-0.028700056274620023,9,-0.02757456387169377,0.00562746201463149,-0.013776794289117933,-0.004608294930875445,-0.012672811059907807,-0.00583430571761967,0.9697817571348627,1.053758206821303,
002607:20260701:198,002607,2026-07-07,SUCCESS,09:45,True,2026-07-07 09:35:00,True,2,1.0,1.0,0.004716981132075304,0,0.028301886792452935,0.04245283018867907,0.028817119306985495,0.04306220095693791,-0.04306220095693769,0.0,0.9954751131221721,5.642434217913688,
002607:20260701:198,002607,2026-07-07,SUCCESS,10:00,True,2026-07-07 09:35:00,True,5,1.0,1.0,0.004716981132075304,0,0.028301886792452935,0.04245283018867907,0.024630173166326985,0.04306220095693791,-0.04306220095693769,0.0,0.9864253393665159,6.021182861702781,
002607:20260701:198,002607,2026-07-07,SUCCESS,10:30,True,2026-07-07 09:35:00,True,11,1.0,0.8181818181818182,-0.009433962264150941,0,0.004716981132075304,0.04245283018867907,-5.262070813472075e-05,0.019138755980861344,-0.04306220095693769,0.0,0.9638009049773756,6.769618633502276,
002607:20260701:198,002607,2026-07-07,SUCCESS,11:30,True,2026-07-07 09:35:00,True,23,1.0,0.7391304347826086,-0.009433962264150941,0,0.014150943396226356,0.04245283018867907,0.008910667630278146,0.028708133971291794,-0.04306220095693769,0.0,0.9728506787330317,6.8075149028346145,
002615:20260630:690,002615,2026-07-03,FAILED_BREAKOUT,09:45,False,,False,0,,,,0,-0.02547770700636931,-0.006369426751592355,0.0058944493708417145,0.03518267929634655,0.0027063599458727605,-0.005398110661268607,0.9820512820512821,0.6007456503728252,
002615:20260630:690,002615,2026-07-03,FAILED_BREAKOUT,10:00,False,,False,0,,,,0,-0.02420382165605084,-0.006369426751592355,0.0046644435600500245,0.03653585926928282,0.0027063599458727605,-0.005398110661268607,0.9884615384615385,0.6316376792641994,
002615:20260630:690,002615,2026-07-03,FAILED_BREAKOUT,10:30,False,,False,0,,,,0,-0.01273885350318471,-0.006369426751592355,0.01367400038323896,0.048714479025710355,0.0027063599458727605,-0.005398110661268607,0.9948717948717949,0.6740438152262108,
002615:20260630:690,002615,2026-07-03,FAILED_BREAKOUT,11:30,False,,False,0,,,,0,-0.021656050955414008,-0.006369426751592355,0.004365319610260432,0.03924221921515558,0.0027063599458727605,-0.005398110661268607,0.985897435897436,0.731523754521414,
002631:20260605:745,002631,2026-06-10,FAILED_BREAKOUT,09:45,True,2026-06-10 09:35:00,True,2,0.0,0.0,-0.023866348448687513,2,-0.02147971360381884,0.0011933174224343368,-0.006596244686465358,0.007371007371007154,0.0,-0.01597051597051602,0.9845053635280094,0.5639590288602929,
002631:20260605:745,002631,2026-06-10,FAILED_BREAKOUT,10:00,True,2026-06-10 09:35:00,True,5,0.0,0.0,-0.02863961813842486,5,-0.02863961813842486,0.0011933174224343368,-0.012063396353280131,0.0,0.0,-0.01597051597051602,0.9821215733015495,0.5689990654754111,
002631:20260605:745,002631,2026-06-10,FAILED_BREAKOUT,10:30,True,2026-06-10 09:35:00,True,11,0.0,0.36363636363636365,-0.05369928400954671,11,-0.04653937947494036,0.0011933174224343368,-0.022399522872652233,-0.01842751842751844,0.0,-0.02579852579852593,0.9523241954707985,0.6468462859521302,
002631:20260605:745,002631,2026-06-10,FAILED_BREAKOUT,11:30,True,2026-06-10 09:35:00,True,23,0.0,0.2608695652173913,-0.07279236276849654,23,-0.0656324582338903,0.0011933174224343368,-0.031037867457962776,-0.03808353808353815,0.0,-0.045454545454545525,0.9332538736591179,0.6712765451683853,
002637:20260601:1194,002637,2026-06-05,FAILED_BREAKOUT,09:45,True,2026-06-05 09:35:00,True,2,0.0,0.5,-0.024060150375939893,2,-0.008270676691729428,0.013533834586466176,0.0010079051321367771,0.025660964230171057,-0.0007776049766717863,-0.0023346303501945442,0.9807121661721069,1.4237764483880033,
002637:20260601:1194,002637,2026-06-05,FAILED_BREAKOUT,10:00,True,2026-06-05 09:35:00,True,5,0.0,0.6,-0.024060150375939893,5,-0.004511278195488799,0.013533834586466176,0.003140599588890014,0.029548989113530322,-0.0007776049766717863,-0.0023346303501945442,0.9881305637982196,1.3908286733043664,
002637:20260601:1194,002637,2026-06-05,FAILED_BREAKOUT,10:30,True,2026-06-05 09:35:00,True,11,0.0,0.5454545454545454,-0.025563909774436122,11,-0.022556390977443663,0.013533834586466176,-0.013034796014726235,0.010886469673405896,-0.0007776049766717863,-0.0023346303501945442,0.9688427299703264,1.445862676056338,
002637:20260601:1194,002637,2026-06-05,FAILED_BREAKOUT,11:30,True,2026-06-05 09:35:00,True,23,0.0,0.30434782608695654,-0.03233082706766932,23,-0.019548872180451204,0.013533834586466176,-0.007051099509525427,0.013996889580093264,-0.0007776049766717863,-0.0023346303501945442,0.9740356083086054,1.4274479335516976,
002642:20260708:670,002642,2026-07-28,SUCCESS,09:45,True,2026-07-28 09:40:00,True,1,1.0,1.0,0.013966480446927276,0,0.013966480446927276,0.013966480446927276,0.027760958347559317,0.10000000000000009,0.007575757575757791,-0.007518796992481258,1.0,4.101253564319148,
002642:20260708:670,002642,2026-07-28,SUCCESS,10:00,True,2026-07-28 09:40:00,True,4,1.0,1.0,0.013966480446927276,0,0.013966480446927276,0.013966480446927276,0.025811302393555335,0.10000000000000009,0.007575757575757791,-0.007518796992481258,1.0,2.742008443908323,
002642:20260708:670,002642,2026-07-28,SUCCESS,10:30,True,2026-07-28 09:40:00,True,10,1.0,1.0,0.013966480446927276,0,0.013966480446927276,0.013966480446927276,0.024337019221259304,0.10000000000000009,0.007575757575757791,-0.007518796992481258,1.0,2.161302791875008,
002642:20260708:670,002642,2026-07-28,SUCCESS,11:30,True,2026-07-28 09:40:00,True,22,1.0,1.0,0.013966480446927276,0,0.013966480446927276,0.013966480446927276,0.023235471591514623,0.10000000000000009,0.007575757575757791,-0.007518796992481258,1.0,1.7446751197737287,
002645:20260616:3363,002645,2026-06-18,FAILED_BREAKOUT,09:45,False,,False,0,,,,0,-0.015512465373961226,-0.009972299168975018,0.030378591503702257,0.038573933372296976,-0.016949152542372836,-0.0023781212841854638,1.0,0.7938325878485266,
002645:20260616:3363,002645,2026-06-18,FAILED_BREAKOUT,10:00,True,2026-06-18 09:50:00,True,2,0.5,1.0,-0.011357340720221654,1,-0.0041551246537395725,0.0027700831024930483,0.02619678984164131,0.050555230859146816,-0.016949152542372836,-0.0023781212841854638,1.0,0.9657332150099796,
002645:20260616:3363,002645,2026-06-18,FAILED_BREAKOUT,10:30,True,2026-06-18 09:50:00,True,8,0.125,1.0,-0.018836565096952862,7,-0.00720221606648197,0.0027700831024930483,0.01873412079275316,0.04734073641145553,-0.016949152542372836,-0.0023781212841854638,0.9900552486187846,0.8275053820970434,
002645:20260616:3363,002645,2026-06-18,FAILED_BREAKOUT,11:30,True,2026-06-18 09:50:00,True,20,0.05,0.9,-0.02714681440443223,19,-0.018282548476454386,0.0027700831024930483,0.005672713948403185,0.03565166569257738,-0.016949152542372836,-0.0023781212841854638,0.9806629834254142,0.7743256112703644,
002693:20260629:911,002693,2026-07-02,SUCCESS,09:45,True,2026-07-02 09:35:00,True,2,0.5,1.0,-0.023397761953204532,1,0.014242115971515812,0.016276703967446515,0.020929509115013678,0.027835051546391876,-0.020618556701030855,0.0,1.0,0.9008095167579842,
002693:20260629:911,002693,2026-07-02,SUCCESS,10:00,True,2026-07-02 09:35:00,True,5,0.8,0.8,-0.023397761953204532,1,0.030518819938962327,0.04476093591047814,0.01903962265113912,0.04432989690721656,-0.020618556701030855,0.0,0.997078870496592,1.171465153297806,
002693:20260629:911,002693,2026-07-02,SUCCESS,10:30,True,2026-07-02 09:35:00,True,11,0.9090909090909091,0.9090909090909091,-0.023397761953204532,1,0.020345879959308144,0.04476093591047814,0.007067354996860731,0.03402061855670113,-0.020618556701030855,0.0,0.9805258033106135,1.115129697540625,
002693:20260629:911,002693,2026-07-02,SUCCESS,11:30,True,2026-07-02 09:35:00,True,23,0.9565217391304348,0.7391304347826086,-0.023397761953204532,1,0.025432349949135347,0.04476093591047814,0.009822230263321519,0.039175257731958846,-0.020618556701030855,0.0,0.9824732229795521,1.097770119291715,
002728:20260629:880,002728,2026-07-01,SUCCESS,09:45,False,,False,0,,,,0,-0.06485355648535573,-0.047071129707113135,-0.0029729014653596675,-0.022950819672131195,-0.004371584699453646,-0.023051591657519133,0.9923161361141603,0.41211074876910286,
002728:20260629:880,002728,2026-07-01,SUCCESS,10:00,False,,False,0,,,,0,-0.05962343096234313,-0.047071129707113135,0.002580600276952394,-0.01748633879781425,-0.004371584699453646,-0.023051591657519133,0.9901207464324918,0.43614675662565594,
002728:20260629:880,002728,2026-07-01,SUCCESS,10:30,False,,False,0,,,,0,-0.04184100418410042,-0.03974895397489553,0.018374888516477172,0.0010928961748633004,-0.004371584699453646,-0.023051591657519133,1.0,0.5476207007555435,
002728:20260629:880,002728,2026-07-01,SUCCESS,11:30,False,,False,0,,,,0,-0.01882845188284521,-0.01569037656903771,0.026524181004925484,0.025136612021857907,-0.004371584699453646,-0.023051591657519133,0.997874601487779,0.8896279571781063,
002729:20260616:1947,002729,2026-06-18,FAILED_BREAKOUT,09:45,False,,False,0,,,,0,-0.033658536585365884,-0.007317073170731603,-0.008822192904201276,-0.00900450225112559,0.0,-0.015507753876938368,0.9798525798525799,0.8350170879182784,
002729:20260616:1947,002729,2026-06-18,FAILED_BREAKOUT,10:00,False,,False,0,,,,0,-0.0331707317073171,-0.007317073170731603,-0.007166176017243342,-0.008504252126062983,0.0,-0.015507753876938368,0.9798525798525799,0.7831311380704795,
002729:20260616:1947,002729,2026-06-18,FAILED_BREAKOUT,10:30,False,,False,0,,,,0,-0.03609756097560968,-0.007317073170731603,-0.005997155892318973,-0.011505752876438069,0.0,-0.022011005502751257,0.9714987714987714,0.7771630979861498,
002729:20260616:1947,002729,2026-06-18,FAILED_BREAKOUT,11:30,False,,False,0,,,,0,-0.019512195121951126,-0.007317073170731603,0.010041707574419023,0.005502751375688009,0.0,-0.022011005502751257,0.9931203931203931,0.8095015510134704,
002734:20260616:1639,002734,2026-06-18,SUCCESS,09:45,False,,False,0,,,,0,-0.03542392566782804,-0.020905923344947674,-0.004003407959601302,0.00850030358227083,0.020036429872495543,-0.015476190476190532,0.9940688018979835,0.5321544658548344,
002734:20260616:1639,002734,2026-06-18,SUCCESS,10:00,False,,False,0,,,,0,-0.012775842044134622,-0.009291521486643473,0.011579548920119809,0.032179720704310855,0.020036429872495543,-0.015476190476190532,1.0,0.7993769337001788,
002734:20260616:1639,002734,2026-06-18,SUCCESS,10:30,False,,False,0,,,,0,-0.018002322880371624,-0.009291521486643473,0.003555285649651019,0.02671523982999391,0.020036429872495543,-0.015476190476190532,0.9947245017584995,0.8001595277977187,
002734:20260616:1639,002734,2026-06-18,SUCCESS,11:30,True,2026-06-18 10:50:00,True,8,0.125,1.0,-0.011033681765388992,7,-0.0023228803716608404,0.011033681765389103,0.011513635015037105,0.04310868245294475,0.020036429872495543,-0.015476190476190532,0.9879379666858127,0.9982618837977839,
002745:20260615:1025,002745,2026-06-17,SUCCESS,09:45,False,,False,0,,,,0,-0.03303571428571417,-0.018749999999999933,0.00045492235860078445,0.01881467544684856,-0.0037629350893697566,-0.008498583569405138,0.9854413102820746,0.5244793376687461,
002745:20260615:1025,002745,2026-06-17,SUCCESS,10:00,False,,False,0,,,,0,-0.02678571428571419,-0.018749999999999933,0.006280332845677972,0.02539981185324547,-0.0037629350893697566,-0.008498583569405138,0.9936305732484076,0.5723832747751747,
002745:20260615:1025,002745,2026-06-17,SUCCESS,10:30,False,,False,0,,,,0,-0.022321428571428603,-0.016964285714285654,0.008616229484005755,0.03010348071495761,-0.0037629350893697566,-0.008498583569405138,0.994550408719346,0.6339316974826127,
002745:20260615:1025,002745,2026-06-17,SUCCESS,11:30,False,,False,0,,,,0,-0.016964285714285654,-0.004464285714285587,0.009292023619766887,0.03574788334901213,-0.0037629350893697566,-0.008498583569405138,0.9874439461883407,0.7678493422245978,
002805:20260616:2420,002805,2026-06-18,FAILED_BREAKOUT,09:45,True,2026-06-18 09:35:00,True,2,1.0,1.0,0.07348242811501593,0,0.07348242811501593,0.07348242811501593,0.011860729580960516,0.09983633387888702,0.0478723404255319,-0.012104646622413062,1.0,1.2681755150554674,
002805:20260616:2420,002805,2026-06-18,FAILED_BREAKOUT,10:00,True,2026-06-18 09:35:00,True,5,1.0,1.0,0.07348242811501593,0,0.07348242811501593,0.07348242811501593,0.011379245413726036,0.09983633387888702,0.0478723404255319,-0.012104646622413062,1.0,1.0091171037117834,
002805:20260616:2420,002805,2026-06-18,FAILED_BREAKOUT,10:30,True,2026-06-18 09:35:00,True,11,1.0,1.0,0.07348242811501593,0,0.07348242811501593,0.07348242811501593,0.010063226271430414,0.09983633387888702,0.0478723404255319,-0.012104646622413062,1.0,0.8425266945380482,
002805:20260616:2420,002805,2026-06-18,FAILED_BREAKOUT,11:30,True,2026-06-18 09:35:00,True,23,1.0,1.0,0.06749201277955286,0,0.07348242811501593,0.07348242811501593,0.006523543885593064,0.09983633387888702,0.0478723404255319,-0.012104646622413062,1.0,1.074408088423298,
002830:20260612:1676,002830,2026-06-22,SUCCESS,09:45,False,,False,0,,,,0,-0.05006257822277849,-0.03754693366708384,0.009927992201998803,0.034059945504087086,-0.012261580381471404,-0.0075862068965516505,0.9986996098829648,0.8330664400797412,
002830:20260612:1676,002830,2026-06-22,SUCCESS,10:00,False,,False,0,,,,0,-0.0381727158948687,-0.030037546933667114,0.014940941339529612,0.04700272479564038,-0.012261580381471404,-0.0075862068965516505,1.0,0.9756761353971763,
002830:20260612:1676,002830,2026-06-22,SUCCESS,10:30,False,,False,0,,,,0,-0.017521902377972576,-0.011889862327910006,0.027964615202840326,0.06948228882833796,-0.012261580381471404,-0.0075862068965516505,1.0,1.0179252014409774,
002830:20260612:1676,002830,2026-06-22,SUCCESS,11:30,True,2026-06-22 10:40:00,True,10,0.0,1.0,-0.018773466833541974,10,-0.00563204005006257,0.007509386733416834,0.026669113892243912,0.08242506811989103,-0.012261580381471404,-0.0075862068965516505,0.9919254658385093,1.3426478734535607,
002837:20260609:6972,002837,2026-06-16,SUCCESS,09:45,False,,False,0,,,,0,-0.006053102214885087,-0.006053102214885087,0.013545153766089335,0.024386785764922703,0.00042535091450446316,-0.002125850340136126,1.0,1.1628690311075887,
002837:20260609:6972,002837,2026-06-16,SUCCESS,10:00,True,2026-06-16 09:50:00,True,2,0.5,1.0,-0.010317787866281458,1,0.001375705048837661,0.005915531710001476,0.012296478769725283,0.03204310222600326,0.00042535091450446316,-0.002125850340136126,1.0,1.2617248628209519,
002837:20260609:6972,002837,2026-06-16,SUCCESS,10:30,True,2026-06-16 09:50:00,True,8,0.875,0.75,-0.010317787866281458,1,0.024900261383959288,0.031090934103728207,0.023425301036751778,0.05628810435275766,0.00042535091450446316,-0.002125850340136126,0.9954636424282854,1.3871072726015303,
002837:20260609:6972,002837,2026-06-16,SUCCESS,11:30,True,2026-06-16 09:50:00,True,20,0.95,0.85,-0.010317787866281458,1,0.02641353693768056,0.033704773696519474,0.018325367111561297,0.057847724372607434,0.00042535091450446316,-0.002125850340136126,0.9930795847750865,1.3544896699466251,
002842:20260611:3934,002842,2026-06-17,FAILED_BREAKOUT,09:45,True,2026-06-17 09:35:00,True,2,0.0,0.5,-0.04724061810154523,2,-0.044812362030904995,0.004194260485651302,-0.014793752428604034,-0.003454629203132109,0.03638876093965915,-0.04266666666666674,0.9703231479446032,0.5288536933409309,
002842:20260611:3934,002842,2026-06-17,FAILED_BREAKOUT,10:00,True,2026-06-17 09:35:00,True,5,0.0,0.2,-0.04724061810154523,5,-0.039735099337748325,0.004194260485651302,-0.007628286182340349,0.0018424689083371693,0.03638876093965915,-0.04266666666666674,0.9586722356561881,0.564508473014735,
002842:20260611:3934,002842,2026-06-17,FAILED_BREAKOUT,10:30,True,2026-06-17 09:35:00,True,11,0.0,0.5454545454545454,-0.04724061810154523,11,-0.02030905077262679,0.004194260485651302,0.011773815660692355,0.02210962690004603,0.03638876093965915,-0.04266666666666674,0.9773576610244009,0.6403804751113906,
002842:20260611:3934,002842,2026-06-17,FAILED_BREAKOUT,11:30,True,2026-06-17 09:35:00,True,23,0.0,0.5652173913043478,-0.04724061810154523,23,-0.0331125827814569,0.004194260485651302,-0.0033419754547203695,0.008751727314601387,0.03638876093965915,-0.04266666666666674,0.9650472631347549,0.6860950327904421,
002885:20260616:4329,002885,2026-06-23,FAILED_BREAKOUT,09:45,False,,False,0,,,,0,-0.0395373291272344,-0.02733964248159826,0.007331311308168775,-0.025602730957968722,-0.027096223597183666,-0.019956140350877227,1.0,0.7500201136016219,
002885:20260616:4329,002885,2026-06-23,FAILED_BREAKOUT,10:00,False,,False,0,,,,0,-0.03259726603575175,-0.02733964248159826,0.01410223222056084,-0.01856197994452735,-0.027096223597183666,-0.019956140350877227,0.9963243243243243,0.8841411564625851,
002885:20260616:4329,002885,2026-06-23,FAILED_BREAKOUT,10:30,True,2026-06-23 10:20:00,True,2,1.0,1.0,-0.0023133543638275134,0,0.0035751840168243287,0.019978969505783484,0.03265650967876521,0.01813526776189467,-0.027096223597183666,-0.019956140350877227,0.9962886597938144,1.0768821754407731,
002885:20260616:4329,002885,2026-06-23,FAILED_BREAKOUT,11:30,True,2026-06-23 10:20:00,True,14,0.14285714285714285,0.8571428571428571,-0.029442691903259655,12,-0.01850683491062033,0.019978969505783484,0.0064945312968018865,-0.004267121826328046,-0.027096223597183666,-0.019956140350877227,0.9622680412371134,1.0378194696730052,
002903:20260602:4329,002903,2026-06-05,FAILED_BREAKOUT,09:45,True,2026-06-05 09:35:00,True,2,1.0,1.0,0.0506578947368419,0,0.0506578947368419,0.0506578947368419,0.01823662407068727,0.10011481056257177,0.03375430539609647,0.0,1.0,1.5174106458045713,
002903:20260602:4329,002903,2026-06-05,FAILED_BREAKOUT,10:00,True,2026-06-05 09:35:00,True,5,1.0,1.0,0.0506578947368419,0,0.0506578947368419,0.0506578947368419,0.01694427920728292,0.10011481056257177,0.03375430539609647,0.0,1.0,1.1974529471430182,
002903:20260602:4329,002903,2026-06-05,FAILED_BREAKOUT,10:30,True,2026-06-05 09:35:00,True,11,1.0,1.0,0.0506578947368419,0,0.0506578947368419,0.0506578947368419,0.015934635064930314,0.10011481056257177,0.03375430539609647,0.0,1.0,0.9771025407955677,
002903:20260602:4329,002903,2026-06-05,FAILED_BREAKOUT,11:30,True,2026-06-05 09:35:00,True,23,1.0,1.0,0.0506578947368419,0,0.0506578947368419,0.0506578947368419,0.015389892200050603,0.10011481056257177,0.03375430539609647,0.0,1.0,0.7553065942415571,
002910:20260616:1121,002910,2026-06-18,FAILED_BREAKOUT,09:45,False,,False,0,,,,0,-0.03252710592160135,-0.02335279399499579,0.0024115047138080214,0.03942652329749108,0.021505376344086002,-0.014912280701754432,1.0,1.1861173167790278,
002910:20260616:1121,002910,2026-06-18,FAILED_BREAKOUT,10:00,False,,False,0,,,,0,-0.015012510425354453,-0.010008340283569672,0.014401127395007762,0.05824372759856633,0.021505376344086002,-0.014912280701754432,1.0,1.338368096014915,
002910:20260616:1121,002910,2026-06-18,FAILED_BREAKOUT,10:30,True,2026-06-18 10:05:00,True,5,0.2,0.4,-0.12510425354462051,4,-0.08340283569641371,0.024186822351959902,-0.06083626321867386,-0.015232974910394215,0.021505376344086002,-0.0798245614035088,0.9006514657980457,2.9262810071205845,
002910:20260616:1121,002910,2026-06-18,FAILED_BREAKOUT,11:30,True,2026-06-18 10:05:00,True,17,0.058823529411764705,0.11764705882352941,-0.12510425354462051,16,-0.08757297748123438,0.024186822351959902,-0.04493522897137159,-0.01971326164874554,0.021505376344086002,-0.0798245614035088,0.8949511400651466,2.4662557575487862,
002915:20260629:2034,002915,2026-07-01,SUCCESS,09:45,True,2026-07-01 09:35:00,True,2,1.0,1.0,-0.008958038661008971,0,0.001885902876001877,0.013672795851013664,0.004658781337562479,0.03607996099463673,0.009751340809361242,-0.0062771607918881145,0.9902325581395348,0.9155621895668734,
002915:20260629:2034,002915,2026-07-01,SUCCESS,10:00,True,2026-07-01 09:35:00,True,5,0.8,0.8,-0.008958038661008971,1,0.0066006600660066805,0.013672795851013664,0.007671402475066369,0.04095563139931735,0.009751340809361242,-0.0062771607918881145,0.998139534883721,0.9225800708223704,
002915:20260629:2034,002915,2026-07-01,SUCCESS,10:30,True,2026-07-01 09:35:00,True,11,0.6363636363636364,0.6363636363636364,-0.008958038661008971,3,0.011315417256011262,0.013672795851013664,0.012146513799061065,0.04583130180399797,0.009751340809361242,-0.0062771607918881145,0.9976744186046511,0.9099939170041987,
002915:20260629:2034,002915,2026-07-01,SUCCESS,11:30,True,2026-07-01 09:35:00,True,23,0.8260869565217391,0.34782608695652173,-0.008958038661008971,3,0.06317774634606321,0.06364922206506352,0.04755027503671316,0.09946367625548502,0.009751340809361242,-0.0062771607918881145,1.0,1.370468564331309,
002927:20260612:2017,002927,2026-06-18,FAILED_BREAKOUT,09:45,False,,False,0,,,,0,-0.06149848419229098,-0.048072758770030255,-0.0009934966511647714,-0.006874427131072336,-0.009165902841429818,-0.010175763182238784,0.9927206551410372,0.3891363571806691,
002927:20260612:2017,002927,2026-06-18,FAILED_BREAKOUT,10:00,True,2026-06-18 10:00:00,True,0,,,,0,-0.007362494586400925,0.0047639670853183436,0.03512246330415092,0.05041246562786439,-0.009165902841429818,-0.010175763182238784,1.0,0.7770070955911664,
002927:20260612:2017,002927,2026-06-18,FAILED_BREAKOUT,10:30,True,2026-06-18 10:00:00,True,6,0.5,1.0,-0.021221307925508803,2,-0.009961022087483729,0.015591165006496377,0.016207144880187707,0.04766269477543528,-0.009165902841429818,-0.010175763182238784,0.9808102345415779,1.032074166988293,
002927:20260612:2017,002927,2026-06-18,FAILED_BREAKOUT,11:30,True,2026-06-18 10:00:00,True,18,0.16666666666666666,1.0,-0.021221307925508803,14,-0.016890428757037723,0.015591165006496377,0.0072578648834620285,0.04032997250229142,-0.009165902841429818,-0.010175763182238784,0.9692963752665246,1.0045883018024533,
002931:20260604:5786,002931,2026-06-08,FAILED_BREAKOUT,09:45,True,2026-06-08 09:45:00,True,0,,,,0,-0.002309468822170979,0.009237875288683473,0.03808079805851916,0.08651911468812878,-0.017605633802816878,-0.0051203277009729264,1.0,1.400704176734553,
002931:20260604:5786,002931,2026-06-08,FAILED_BREAKOUT,10:00,True,2026-06-08 09:45:00,True,3,0.6666666666666666,1.0,-0.01739799846035417,1,0.010007698229407058,0.010007698229407058,0.0374875038329332,0.09993293091884636,-0.017605633802816878,-0.0051203277009729264,1.0,1.6304320925157212,
002931:20260604:5786,002931,2026-06-08,FAILED_BREAKOUT,10:30,True,2026-06-08 09:45:00,True,9,0.8888888888888888,1.0,-0.01739799846035417,1,0.010007698229407058,0.010007698229407058,0.0352308658767202,0.09993293091884636,-0.017605633802816878,-0.0051203277009729264,1.0,1.3888141803774334,
002931:20260604:5786,002931,2026-06-08,FAILED_BREAKOUT,11:30,True,2026-06-08 09:45:00,True,21,0.9523809523809523,1.0,-0.01739799846035417,1,0.010007698229407058,0.010007698229407058,0.03409270152648802,0.09993293091884636,-0.017605633802816878,-0.0051203277009729264,1.0,1.0989788011291304,
002931:20260608:6560,002931,2026-06-10,FAILED_BREAKOUT,09:45,True,2026-06-10 09:35:00,True,2,0.5,0.5,-0.00679117147707986,1,-0.004668930390492543,0.02093944538766257,-0.0017290829162092125,0.023570493234395418,-0.010621271642659691,-0.011029411764705843,1.0,0.9077112217699445,
002931:20260608:6560,002931,2026-06-10,FAILED_BREAKOUT,10:00,True,2026-06-10 09:35:00,True,5,0.8,0.8,-0.00679117147707986,1,0.02376910016977929,0.02376910016977929,0.02375957582877386,0.05281536446966384,-0.010621271642659691,-0.011029411764705843,1.0,0.8667197855926986,
002931:20260608:6560,002931,2026-06-10,FAILED_BREAKOUT,10:30,True,2026-06-10 09:35:00,True,11,0.9090909090909091,0.6363636363636364,-0.00679117147707986,1,0.03636106395019789,0.0667798528579513,0.017354280338762296,0.06576458606139957,-0.010621271642659691,-0.011029411764705843,0.9814323607427055,1.0927603398637735,
002931:20260608:6560,002931,2026-06-10,FAILED_BREAKOUT,11:30,True,2026-06-10 09:35:00,True,23,0.9565217391304348,0.6521739130434783,-0.00679117147707986,1,0.005517826825127248,0.0667798528579513,-0.013951224821250885,0.0340462680052378,-0.010621271642659691,-0.011029411764705843,0.9510610079575595,1.1633773556907554,
002963:20260622:2144,002963,2026-06-25,FAILED_BREAKOUT,09:45,True,2026-06-25 09:35:00,True,2,0.0,0.5,-0.033927056827820046,2,-0.03223070398642913,0.017387616624257918,-0.01755237633197959,0.020572450805008913,0.0,-0.011627906976744096,0.9787411421425595,0.557575030492072,
002963:20260622:2144,002963,2026-06-25,FAILED_BREAKOUT,10:00,True,2026-06-25 09:35:00,True,5,0.0,0.2,-0.044529262086513866,5,-0.03689567430025431,0.017387616624257918,-0.01792440397019157,0.015652951699463458,0.0,-0.011627906976744096,0.9616506877865778,0.6169417574240682,
002963:20260622:2144,002963,2026-06-25,FAILED_BREAKOUT,10:30,True,2026-06-25 09:35:00,True,11,0.0,0.09090909090909091,-0.052586938083121204,11,-0.023324851569126226,0.017387616624257918,-0.0003060283071080194,0.029964221824686943,0.0,-0.011627906976744096,0.96040016673614,0.679241482504604,
002963:20260622:2144,002963,2026-06-25,FAILED_BREAKOUT,11:30,True,2026-06-25 09:35:00,True,23,0.0,0.08695652173913043,-0.052586938083121204,23,-0.030534351145038108,0.017387616624257918,-0.006596208005712589,0.022361359570661987,0.0,-0.011627906976744096,0.9553980825343895,0.6884145808080177,
002965:20260611:3854,002965,2026-06-16,SUCCESS,09:45,True,2026-06-16 09:35:00,True,2,1.0,1.0,0.010478685401285937,0,0.016670635865682293,0.028816384853536547,0.008673007114097686,0.05485544848035584,-0.000741289844329196,-0.0059347181008900796,0.9949074074074072,1.3436685926941534,
002965:20260611:3854,002965,2026-06-16,SUCCESS,10:00,True,2026-06-16 09:35:00,True,5,1.0,1.0,0.009764229578471006,0,0.035484639199809376,0.035722791140747834,0.022451332934274593,0.07437608104768967,-0.000741289844329196,-0.0059347181008900796,1.0,1.4366873374674936,
002965:20260611:3854,002965,2026-06-16,SUCCESS,10:30,True,2026-06-16 09:35:00,True,11,1.0,1.0,0.009764229578471006,0,0.02262443438914019,0.035722791140747834,0.007733071663949431,0.06103286384976525,-0.000741289844329196,-0.0059347181008900796,0.9878132904115888,1.356676630951981,
002965:20260611:3854,002965,2026-06-16,SUCCESS,11:30,True,2026-06-16 09:35:00,True,23,1.0,0.8260869565217391,0.008335317932841146,0,0.015479876160990669,0.035722791140747834,0.0004852693601613556,0.05361996540647396,-0.000741289844329196,-0.0059347181008900796,0.9818349045757646,1.1960205674860418,
002971:20260604:3739,002971,2026-06-10,FAILED_BREAKOUT,09:45,True,2026-06-10 09:35:00,True,2,1.0,0.0,0.057798367527024164,0,0.057798367527024164,0.057798367527024164,-3.839007914230308e-06,0.1000229410415232,0.1000229410415232,-0.00020855057351421014,1.0,0.5334874878900323,
002971:20260604:3739,002971,2026-06-10,FAILED_BREAKOUT,10:00,True,2026-06-10 09:35:00,True,5,1.0,0.0,0.057798367527024164,0,0.057798367527024164,0.057798367527024164,-3.777209736322007e-06,0.1000229410415232,0.1000229410415232,-0.00020855057351421014,1.0,0.31120856523860235,
002971:20260604:3739,002971,2026-06-10,FAILED_BREAKOUT,10:30,True,2026-06-10 09:35:00,True,11,1.0,1.0,0.057798367527024164,0,0.057798367527024164,0.057798367527024164,6.854117818422267e-06,0.1000229410415232,0.1000229410415232,-0.00020855057351421014,1.0,0.2168163423346906,
002971:20260604:3739,002971,2026-06-10,FAILED_BREAKOUT,11:30,True,2026-06-10 09:35:00,True,23,1.0,1.0,0.057798367527024164,0,0.057798367527024164,0.057798367527024164,8.130058598121437e-06,0.1000229410415232,0.1000229410415232,-0.00020855057351421014,1.0,0.21837967815525003,
002983:20260605:2484,002983,2026-06-11,FAILED_BREAKOUT,09:45,True,2026-06-11 09:35:00,True,2,0.0,0.0,-0.024525316455696222,2,-0.024525316455696222,0.0031645569620253333,-0.011263161180140036,-0.012810248198558805,-0.010008006405124115,-0.0028305701577031606,0.9842271293375395,1.6869359205776173,
002983:20260605:2484,002983,2026-06-11,FAILED_BREAKOUT,10:00,True,2026-06-11 09:35:00,True,5,0.0,0.2,-0.029667721518987333,5,-0.017405063291139333,0.0031645569620253333,-0.0025399943123910473,-0.005604483586869491,-0.010008006405124115,-0.008087343307723427,0.9838328075709779,1.3015744601406434,
002983:20260605:2484,002983,2026-06-11,FAILED_BREAKOUT,10:30,True,2026-06-11 09:35:00,True,11,0.0,0.18181818181818182,-0.029667721518987333,11,-0.020965189873417778,0.0031645569620253333,-0.004754334826058582,-0.009207365892714203,-0.010008006405124115,-0.008087343307723427,0.9791009463722397,0.901523878484679,
002983:20260605:2484,002983,2026-06-11,FAILED_BREAKOUT,11:30,True,2026-06-11 09:35:00,True,23,0.0,0.391304347826087,-0.04272151898734189,23,-0.039556962025316444,0.0031645569620253333,-0.019349614553595518,-0.028022417934347454,-0.010008006405124115,-0.02143145976546712,0.9601735015772871,0.8576215505913272,
002997:20260612:2938,002997,2026-06-17,FAILED_BREAKOUT,09:45,False,,False,0,,,,0,-0.021774455638609025,-0.00259993500162492,-0.004703042843201888,-0.009868421052631526,0.009539473684210709,-0.020853698273053167,0.9837080482241772,0.6307027576566273,
002997:20260612:2938,002997,2026-06-17,FAILED_BREAKOUT,10:00,True,2026-06-17 09:50:00,True,2,0.0,0.0,-0.020149496262593436,2,-0.018524536886577847,0.0019499512512186623,-0.006237071047564546,-0.006578947368421018,0.009539473684210709,-0.020853698273053167,0.9854038274408045,0.9303501358285542,
002997:20260612:2938,002997,2026-06-17,FAILED_BREAKOUT,10:30,True,2026-06-17 09:50:00,True,8,0.125,0.25,-0.020149496262593436,7,0.0022749431264219577,0.003249918752031178,0.012633847223066486,0.014473684210526416,0.009539473684210709,-0.020853698273053167,1.0,1.1132624510352547,
002997:20260612:2938,002997,2026-06-17,FAILED_BREAKOUT,11:30,True,2026-06-17 09:50:00,True,20,0.1,0.55,-0.020149496262593436,8,-0.012024699382515491,0.004874878128046767,-0.005009218793845749,0.0,0.009539473684210709,-0.020853698273053167,0.9877102199223803,1.1581964573268921,
003018:20260609:5468,003018,2026-06-11,FAILED_BREAKOUT,09:45,True,2026-06-11 09:35:00,True,2,1.0,1.0,-0.022413793103448265,0,0.0034482758620690834,0.018965517241379404,0.012912734600594611,0.08319374651032962,0.003722315280104249,0.0,1.0,1.646925101698971,
003018:20260609:5468,003018,2026-06-11,FAILED_BREAKOUT,10:00,True,2026-06-11 09:35:00,True,5,0.6,0.6,-0.024137931034482696,2,-0.023103448275862082,0.018965517241379404,-0.01380307711912565,0.05453191885352693,0.003722315280104249,0.0,0.9666666666666667,1.3597026332244841,
003018:20260609:5468,003018,2026-06-11,FAILED_BREAKOUT,10:30,True,2026-06-11 09:35:00,True,11,0.2727272727272727,0.2727272727272727,-0.03724137931034477,8,-0.022413793103448265,0.018965517241379404,-0.010301323030777021,0.05527638190954787,0.003722315280104249,0.0,0.9619289340101523,1.0851174638044827,
003018:20260609:5468,003018,2026-06-11,FAILED_BREAKOUT,11:30,True,2026-06-11 09:35:00,True,23,0.13043478260869565,0.2608695652173913,-0.03724137931034477,20,-0.014655172413793105,0.018965517241379404,-0.002834660512747167,0.06365159128978237,0.003722315280104249,0.0,0.9681895093062606,1.0114635571167372,
003030:20260601:2574,003030,2026-06-10,SUCCESS,09:45,True,2026-06-10 09:40:00,True,1,0.0,0.0,-0.012042818911686126,1,-0.012042818911686126,0.022747546833184584,-0.0011654079854888089,0.0403945514325974,-0.009394081728510972,0.0,1.0,1.8228922716627636,
003030:20260601:2574,003030,2026-06-10,SUCCESS,10:00,True,2026-06-10 09:40:00,True,4,0.5,0.75,-0.01338090990187335,2,0.00802854594112401,0.030776092774308594,0.012301035058847942,0.061531235321747424,-0.009394081728510972,0.0,0.9883167459974037,1.6917783735478105,
003030:20260601:2574,003030,2026-06-10,SUCCESS,10:30,True,2026-06-10 09:40:00,True,10,0.3,0.4,-0.015165031222123204,5,-0.009366636931311345,0.030776092774308594,-0.0048651365419327686,0.04321277595115092,-0.009394081728510972,0.0,0.9610558199913458,1.6513022047558783,
003030:20260601:2574,003030,2026-06-10,SUCCESS,11:30,True,2026-06-10 09:40:00,True,22,0.45454545454545453,0.5909090909090909,-0.015165031222123204,7,-0.001784121320249854,0.030776092774308594,0.0016395459583906646,0.05119774542038513,-0.009394081728510972,0.0,0.9692773691042839,1.5967042074984155,
003030:20260610:2342,003030,2026-06-15,FAILED_BREAKOUT,09:45,True,2026-06-15 09:40:00,True,1,0.0,1.0,-0.031708283789139924,1,-0.026159334126040434,0.0007927070947284509,0.0034869275685320833,0.024603836530441958,0.0,-0.015846538782318564,0.9853465346534653,1.2928860873480414,
003030:20260610:2342,003030,2026-06-15,FAILED_BREAKOUT,10:00,True,2026-06-15 09:40:00,True,4,0.0,1.0,-0.03289734443123271,4,-0.018628616726119707,0.0007927070947284509,0.00910840476092556,0.03252710592160146,0.0,-0.015846538782318564,0.9865346534653465,1.1966099047023901,
003030:20260610:2342,003030,2026-06-15,FAILED_BREAKOUT,10:30,True,2026-06-15 09:40:00,True,10,0.0,0.9,-0.03289734443123271,10,-0.011494252873563204,0.0007927070947284509,0.012104141003357327,0.04003336113427869,0.0,-0.015846538782318564,0.9920792079207921,1.2427585457312103,
003030:20260610:2342,003030,2026-06-15,FAILED_BREAKOUT,11:30,True,2026-06-15 09:40:00,True,22,0.0,0.5454545454545454,-0.04320253666270313,22,-0.03725723345223941,0.0007927070947284509,-0.012392721790917105,0.012927439532944174,0.0,-0.015846538782318564,0.9639603960396039,1.2573204304663386,
600026:20260617:1969,600026,2026-06-24,FAILED_BREAKOUT,09:45,True,2026-06-24 09:35:00,True,2,1.0,1.0,0.007339449541284404,0,0.04174311926605512,0.047247706422018254,0.013764245049129986,0.09445783132530128,0.031807228915662566,-0.00887435777673995,1.0,2.5286820582787715,
600026:20260617:1969,600026,2026-06-24,FAILED_BREAKOUT,10:00,True,2026-06-24 09:35:00,True,5,1.0,1.0,0.007339449541284404,0,0.047247706422018254,0.047247706422018254,0.014572531986132065,0.10024096385542158,0.031807228915662566,-0.00887435777673995,1.0,2.065260272933322,
600026:20260617:1969,600026,2026-06-24,FAILED_BREAKOUT,10:30,True,2026-06-24 09:35:00,True,11,1.0,1.0,0.007339449541284404,0,0.047247706422018254,0.047247706422018254,0.014180250179194775,0.10024096385542158,0.031807228915662566,-0.00887435777673995,1.0,1.4530860789503597,
600026:20260617:1969,600026,2026-06-24,FAILED_BREAKOUT,11:30,True,2026-06-24 09:35:00,True,23,1.0,1.0,0.007339449541284404,0,0.047247706422018254,0.047247706422018254,0.011195219718252103,0.10024096385542158,0.031807228915662566,-0.00887435777673995,1.0,1.3556364041048858,
600058:20260622:1131,600058,2026-06-25,SUCCESS,09:45,False,,False,0,,,,0,-0.04716157205240168,-0.017467248908296873,-0.006835273387076235,0.01962616822429908,0.009345794392523477,-0.007407407407407418,0.9751111111111112,1.7644485551444855,
600058:20260622:1131,600058,2026-06-25,SUCCESS,10:00,False,,False,0,,,,0,-0.03056768558951961,-0.017467248908296873,0.010595743494042464,0.03738317757009346,0.009345794392523477,-0.007407407407407418,0.9902222222222222,1.6433168108880114,
600058:20260622:1131,600058,2026-06-25,SUCCESS,10:30,True,2026-06-25 10:15:00,True,3,1.0,1.0,0.02532751091703056,0,0.027947598253275086,0.027947598253275086,0.04033002841006428,0.10000000000000009,0.009345794392523477,-0.007407407407407418,1.0,2.6523375708660963,
600058:20260622:1131,600058,2026-06-25,SUCCESS,11:30,True,2026-06-25 10:15:00,True,15,1.0,1.0,0.02532751091703056,0,0.027947598253275086,0.027947598253275086,0.03816923705331243,0.10000000000000009,0.009345794392523477,-0.007407407407407418,1.0,2.1609003639997146,
600105:20260602:4962,600105,2026-06-05,FAILED_BREAKOUT,09:45,True,2026-06-05 09:35:00,True,2,1.0,1.0,-0.005179496338631906,0,0.01946776210037493,0.019824968744418525,0.02012439077724104,0.051390679683182894,-0.003499723706023139,0.0,1.0,1.242044564458762,
600105:20260602:4962,600105,2026-06-05,FAILED_BREAKOUT,10:00,True,2026-06-05 09:35:00,True,5,1.0,0.8,-0.005179496338631906,0,0.055545633148776474,0.06411859260582231,0.03893122067669608,0.08859826855774555,-0.003499723706023139,0.0,1.0,1.3177520917960266,
600105:20260602:4962,600105,2026-06-05,FAILED_BREAKOUT,10:30,True,2026-06-05 09:35:00,True,11,1.0,0.8181818181818182,-0.005179496338631906,0,0.06661903911412748,0.06661903911412748,0.0368564510509406,0.10001841959845281,-0.003499723706023139,0.0,1.0,1.272766411368055,
600105:20260602:4962,600105,2026-06-05,FAILED_BREAKOUT,11:30,True,2026-06-05 09:35:00,True,23,1.0,0.6086956521739131,-0.005179496338631906,0,0.03232720128594391,0.06661903911412748,-0.002835424038073464,0.06465279056916562,-0.003499723706023139,0.0,0.9695244474212994,1.610886720727602,
600110:20260609:1181,600110,2026-06-12,FAILED_BREAKOUT,09:45,False,,False,0,,,,0,-0.039423805913570864,-0.01667930250189531,-0.0020047259205281387,0.03682487725040917,0.0245499181669393,-0.01757188498402551,0.9892058596761757,1.73554668844074,
600110:20260609:1181,600110,2026-06-12,FAILED_BREAKOUT,10:00,False,,False,0,,,,0,-0.056103108415466285,-0.01667930250189531,-0.015567072310780583,0.018821603927986708,0.0245499181669393,-0.01757188498402551,0.9660755589822667,1.4678507642218757,
600110:20260609:1181,600110,2026-06-12,FAILED_BREAKOUT,10:30,True,2026-06-12 10:25:00,True,1,1.0,1.0,0.018953752843063,0,0.018953752843063,0.018953752843063,0.047660474372555495,0.09983633387888702,0.0245499181669393,-0.01757188498402551,1.0,1.8970055060825064,
600110:20260609:1181,600110,2026-06-12,FAILED_BREAKOUT,11:30,True,2026-06-12 10:25:00,True,13,1.0,1.0,0.018953752843063,0,0.018953752843063,0.018953752843063,0.0444653265152537,0.09983633387888702,0.0245499181669393,-0.01757188498402551,1.0,1.4927995974148818,
600118:20260626:7777,600118,2026-06-30,FAILED_BREAKOUT,09:45,True,2026-06-30 09:45:00,True,0,,,,0,0.0,0.00023809523809514843,0.01677763939247079,0.036781041718094265,0.012095778820044423,-0.014878048780487818,1.0,0.953145725342238,
600118:20260626:7777,600118,2026-06-30,FAILED_BREAKOUT,10:00,True,2026-06-30 09:45:00,True,3,0.0,0.6666666666666666,-0.025357142857142856,3,-0.010000000000000009,0.00202380952380965,0.004948631492107669,0.02641323130091333,0.012095778820044423,-0.014878048780487818,0.9931091837947013,1.0685467618416091,
600118:20260626:7777,600118,2026-06-30,FAILED_BREAKOUT,10:30,True,2026-06-30 09:45:00,True,9,0.0,0.7777777777777778,-0.025357142857142856,9,-0.023214285714285743,0.00202380952380965,-0.009779843940285415,0.012712910392495669,0.012095778820044423,-0.014878048780487818,0.9838422240703338,0.9523134631978504,
600118:20260626:7777,600118,2026-06-30,FAILED_BREAKOUT,11:30,True,2026-06-30 09:45:00,True,21,0.0,0.38095238095238093,-0.038690476190476164,21,-0.02523809523809528,0.00202380952380965,-0.00746254054857165,0.010614663046161432,0.012095778820044423,-0.015243902439024404,0.9739812284661994,0.951994912604439,
600234:20260622:3034,600234,2026-06-26,FAILED_BREAKOUT,09:45,False,,False,0,,,,0,-0.04717285945072702,-0.04684975767366717,0.02765972030420949,0.04021164021164014,-0.001410934744268122,-0.010950194277640324,1.0,2.9352824297473745,
600234:20260622:3034,600234,2026-06-26,FAILED_BREAKOUT,10:00,True,2026-06-26 09:50:00,True,2,0.0,1.0,-0.02584814216478193,2,-0.022617124394184174,0.007754442649434701,0.005506246569587203,0.06701940035273357,-0.001410934744268122,-0.010950194277640324,0.9913433792882335,4.891083961528464,
600234:20260622:3034,600234,2026-06-26,FAILED_BREAKOUT,10:30,True,2026-06-26 09:50:00,True,8,0.0,0.25,-0.08239095315024236,8,-0.08174474959612266,0.007754442649434701,-0.047432374933152,0.0024691358024691024,-0.001410934744268122,-0.010950194277640324,0.9272202629047772,4.412039395483104,
600234:20260622:3034,600234,2026-06-26,FAILED_BREAKOUT,11:30,True,2026-06-26 09:50:00,True,20,0.0,0.1,-0.11373182552504035,20,-0.0904684975767367,0.007754442649434701,-0.044974829229646685,-0.007054673721340499,-0.001410934744268122,-0.03108442246555987,0.9034947098428984,4.0450110166824045,
600237:20260615:1068,600237,2026-06-22,SUCCESS,09:45,False,,False,0,,,,0,-0.0174603174603174,-0.007936507936507908,0.006763868434052522,0.014754098360655776,0.0,-0.00901639344262295,0.992,0.6176381285077958,
600237:20260615:1068,600237,2026-06-22,SUCCESS,10:00,False,,False,0,,,,0,-0.023015873015872934,-0.007936507936507908,-0.0005064278344629747,0.00901639344262306,0.0,-0.00901639344262295,0.9895999999999999,0.7069974374770776,
600237:20260615:1068,600237,2026-06-22,SUCCESS,10:30,False,,False,0,,,,0,-0.031746031746031744,-0.007936507936507908,-0.007796857978727756,0.0,0.0,-0.00901639344262295,0.9840000000000001,0.6975624338633326,
600237:20260615:1068,600237,2026-06-22,SUCCESS,11:30,False,,False,0,,,,0,-0.019841269841269882,-0.007936507936507908,0.004273623283671313,0.012295081967213184,0.0,-0.00901639344262295,0.9912000000000001,0.7727231357320551,
600362:20260615:4736,600362,2026-06-18,SUCCESS,09:45,True,2026-06-18 09:35:00,True,2,1.0,1.0,0.012336160370084892,0,0.027563608326908184,0.027563608326908184,0.019646821953084537,0.10008254230293034,0.03177878662814693,0.0,1.0,3.781755500028181,
600362:20260615:4736,600362,2026-06-18,SUCCESS,10:00,True,2026-06-18 09:35:00,True,5,1.0,1.0,0.012336160370084892,0,0.027563608326908184,0.027563608326908184,0.018252615671538797,0.10008254230293034,0.03177878662814693,0.0,1.0,2.8765638087134557,
600362:20260615:4736,600362,2026-06-18,SUCCESS,10:30,True,2026-06-18 09:35:00,True,11,1.0,1.0,0.012336160370084892,0,0.027563608326908184,0.027563608326908184,0.016884275349084765,0.10008254230293034,0.03177878662814693,0.0,1.0,2.075803018790795,
600362:20260615:4736,600362,2026-06-18,SUCCESS,11:30,True,2026-06-18 09:35:00,True,23,1.0,0.8695652173913043,0.006939090208172738,0,0.027563608326908184,0.027563608326908184,0.010113131537567543,0.10008254230293034,0.03177878662814693,0.0,1.0,3.604205324228704,
600449:20260702:1239,600449,2026-07-06,FAILED_BREAKOUT,09:45,False,,False,0,,,,0,-0.06008583690987124,-0.03433476394849788,-0.004697590233783799,-0.004545454545454408,-0.023484848484848442,0.0,0.9807407407407408,0.5658134904173235,
600449:20260702:1239,600449,2026-07-06,FAILED_BREAKOUT,10:00,False,,False,0,,,,0,-0.044349070100143106,-0.03433476394849788,0.010865096764433035,0.0121212121212122,-0.023484848484848442,0.0,0.9918518518518519,0.4092069745385569,
600449:20260702:1239,600449,2026-07-06,FAILED_BREAKOUT,10:30,True,2026-07-06 10:15:00,True,3,0.0,1.0,-0.024320457796852657,3,-0.015736766809728242,0.0,0.017124764022804495,0.042424242424242475,-0.023484848484848442,0.0,0.9921316165951358,0.7954505361868065,
600449:20260702:1239,600449,2026-07-06,FAILED_BREAKOUT,11:30,True,2026-07-06 10:15:00,True,15,0.0,1.0,-0.024320457796852657,15,-0.003576537911301858,0.005722460658083017,0.023591367821430564,0.05530303030303041,-0.023484848484848442,0.0,0.995732574679943,0.8866631898350086,
600488:20260629:484,600488,2026-07-02,SUCCESS,09:45,True,2026-07-02 09:35:00,True,2,0.0,0.0,-0.02814258911819889,2,-0.024390243902439046,0.030018761726078758,-0.015641973246384944,0.019607843137255054,0.0,0.0,0.959927140255009,2.246099594468653,
600488:20260629:484,600488,2026-07-02,SUCCESS,10:00,True,2026-07-02 09:35:00,True,5,0.0,0.2,-0.031894934333958735,5,-0.022514071294559068,0.030018761726078758,-0.013012972026457459,0.021568627450980538,0.0,0.0,0.9508196721311475,2.1035511585171522,
600488:20260629:484,600488,2026-07-02,SUCCESS,10:30,True,2026-07-02 09:35:00,True,11,0.0,0.09090909090909091,-0.05065666041275807,11,-0.05065666041275807,0.030018761726078758,-0.035358027404457815,-0.007843137254901933,0.0,-0.007843137254901933,0.9271402550091075,1.900501734554293,
600488:20260629:484,600488,2026-07-02,SUCCESS,11:30,True,2026-07-02 09:35:00,True,23,0.0,0.08695652173913043,-0.06191369606003749,23,-0.03752345215759856,0.030018761726078758,-0.01663291001225875,0.00588235294117645,0.0,-0.019607843137254832,0.9362477231329689,1.120165102734091,
600497:20260612:928,600497,2026-06-22,FAILED_BREAKOUT,09:45,True,2026-06-22 09:35:00,True,2,1.0,1.0,0.0326492537313432,0,0.05503731343283591,0.05503731343283591,0.020844497514515448,0.10019455252918297,0.04182879377431914,-0.014939309056956174,1.0,2.8820567165299775,
600497:20260612:928,600497,2026-06-22,FAILED_BREAKOUT,10:00,True,2026-06-22 09:35:00,True,5,1.0,1.0,0.0326492537313432,0,0.05503731343283591,0.05503731343283591,0.01950312412285493,0.10019455252918297,0.04182879377431914,-0.014939309056956174,1.0,1.7215811961730714,
600497:20260612:928,600497,2026-06-22,FAILED_BREAKOUT,10:30,True,2026-06-22 09:35:00,True,11,1.0,1.0,0.0326492537313432,0,0.05503731343283591,0.05503731343283591,0.018491615980686715,0.10019455252918297,0.04182879377431914,-0.014939309056956174,1.0,1.318231283452151,
600497:20260612:928,600497,2026-06-22,FAILED_BREAKOUT,11:30,True,2026-06-22 09:35:00,True,23,1.0,1.0,0.0326492537313432,0,0.05503731343283591,0.05503731343283591,0.013999141542611726,0.10019455252918297,0.04182879377431914,-0.014939309056956174,1.0,1.3782486192837526,
600516:20260603:548,600516,2026-06-05,SUCCESS,09:45,True,2026-06-05 09:35:00,True,2,1.0,1.0,0.023090586145648295,0,0.035523978685612745,0.035523978685612745,0.011304358117955049,0.10000000000000009,0.026415094339622858,-0.0018382352941177516,1.0,2.1798593564803794,
600516:20260603:548,600516,2026-06-05,SUCCESS,10:00,True,2026-06-05 09:35:00,True,5,1.0,1.0,0.023090586145648295,0,0.035523978685612745,0.035523978685612745,0.009372125077415028,0.10000000000000009,0.026415094339622858,-0.0018382352941177516,1.0,1.7864775753182116,
600516:20260603:548,600516,2026-06-05,SUCCESS,10:30,True,2026-06-05 09:35:00,True,11,1.0,1.0,0.023090586145648295,0,0.035523978685612745,0.035523978685612745,0.008985191809189885,0.10000000000000009,0.026415094339622858,-0.0018382352941177516,1.0,1.446421684382887,
600516:20260603:548,600516,2026-06-05,SUCCESS,11:30,True,2026-06-05 09:35:00,True,23,1.0,1.0,0.023090586145648295,0,0.035523978685612745,0.035523978685612745,0.0087281090506528,0.10000000000000009,0.026415094339622858,-0.0018382352941177516,1.0,1.1875559307360242,
600516:20260625:677,600516,2026-07-01,FAILED_BREAKOUT,09:45,True,2026-07-01 09:35:00,True,2,1.0,1.0,-0.018957345971563955,0,0.0031595576619272148,0.02369668246445511,0.003750210189269465,0.02917341977309551,-0.0016207455429497752,0.0,0.9891975308641975,0.9738390833281344,
600516:20260625:677,600516,2026-07-01,FAILED_BREAKOUT,10:00,True,2026-07-01 09:35:00,True,5,0.6,0.6,-0.018957345971563955,1,-0.006319115323854652,0.02369668246445511,-0.005661611837607827,0.01944894651539708,-0.0016207455429497752,0.0,0.9799382716049382,1.0241420168988769,
600516:20260625:677,600516,2026-07-01,FAILED_BREAKOUT,10:30,True,2026-07-01 09:35:00,True,11,0.2727272727272727,0.2727272727272727,-0.023696682464455,7,-0.017377567140600347,0.02369668246445511,-0.013545342481887324,0.008103727714748654,-0.0016207455429497752,0.0,0.9629629629629629,1.1092515058667873,
600516:20260625:677,600516,2026-07-01,FAILED_BREAKOUT,11:30,True,2026-07-01 09:35:00,True,23,0.13043478260869565,0.2608695652173913,-0.03159557661927337,19,-0.02211690363349128,0.02369668246445511,-0.014039904051579732,0.0032414910858995505,-0.0016207455429497752,-0.004870129870129913,0.95679012345679,0.9995896616000006,
600520:20260615:2958,600520,2026-06-18,SUCCESS,09:45,True,2026-06-18 09:35:00,True,2,1.0,1.0,-0.012167787383925655,0,0.011207172590457892,0.023374959974383547,0.00715076230418954,0.023994811932555038,0.009727626459143934,-0.009312780989081504,1.0,2.9308470290771176,
600520:20260615:2958,600520,2026-06-18,SUCCESS,10:00,True,2026-06-18 09:35:00,True,5,1.0,1.0,-0.012167787383925655,0,0.011207172590457892,0.023374959974383547,0.005421095230787376,0.023994811932555038,0.009727626459143934,-0.009312780989081504,0.9890488110137672,2.5332980110857517,
600520:20260615:2958,600520,2026-06-18,SUCCESS,10:30,True,2026-06-18 09:35:00,True,11,1.0,0.9090909090909091,-0.012167787383925655,0,0.02401536983669539,0.02401536983669539,0.016494512567820863,0.03696498054474717,0.009727626459143934,-0.009312780989081504,1.0,2.0517342739564963,
600520:20260615:2958,600520,2026-06-18,SUCCESS,11:30,True,2026-06-18 09:35:00,True,23,1.0,0.7391304347826086,-0.012167787383925655,0,0.013448607108549337,0.04226705091258398,0.0021393903709450157,0.026264591439688623,0.009727626459143934,-0.009312780989081504,0.9741935483870969,1.8667020797115446,
600531:20260622:1481,600531,2026-06-25,SUCCESS,09:45,True,2026-06-25 09:35:00,True,2,0.5,1.0,-0.007687758722649263,1,-0.003548196333530429,0.014192785334121716,0.015936109749470573,0.06916243654822352,0.0,-0.0038071065989847552,0.9935860058309038,1.6677286830261335,
600531:20260622:1481,600531,2026-06-25,SUCCESS,10:00,True,2026-06-25 09:35:00,True,5,0.2,1.0,-0.01833234772324066,4,-0.012418687167356612,0.014192785334121716,0.0044261928542823625,0.05964467005076135,0.0,-0.0038071065989847552,0.9836734693877552,1.760498522480374,
600531:20260622:1481,600531,2026-06-25,SUCCESS,10:30,True,2026-06-25 09:35:00,True,11,0.36363636363636365,0.6363636363636364,-0.02424600827912482,7,0.024837374334713003,0.02542874039030152,0.03241248086218551,0.09961928934010134,0.0,-0.0038071065989847552,1.0,2.126159385645132,
600531:20260622:1481,600531,2026-06-25,SUCCESS,11:30,True,2026-06-25 09:35:00,True,23,0.6956521739130435,0.6956521739130435,-0.02424600827912482,7,0.02542874039030152,0.02542874039030152,0.026090969822020416,0.10025380710659904,0.0,-0.0038071065989847552,1.0,2.0611098665655714,
600539:20260626:1432,600539,2026-06-30,FAILED_BREAKOUT,09:45,True,2026-06-30 09:35:00,True,2,0.5,0.5,-0.017554858934169193,1,0.005015673981191293,0.02131661442006272,0.009321889331963318,0.06158940397351009,0.07284768211920523,-0.04567901234567895,0.9920196439533456,1.2578445217511107,
600539:20260626:1432,600539,2026-06-30,FAILED_BREAKOUT,10:00,True,2026-06-30 09:35:00,True,5,0.2,0.2,-0.024451410658307138,3,-0.015047021943573546,0.02131661442006272,-0.009212791810008336,0.04039735099337749,0.07284768211920523,-0.04567901234567895,0.9674647022713322,1.2186928643164319,
600539:20260626:1432,600539,2026-06-30,FAILED_BREAKOUT,10:30,True,2026-06-30 09:35:00,True,11,0.09090909090909091,0.18181818181818182,-0.02946708463949832,9,-0.02006269592476484,0.02131661442006272,-0.011823052694406533,0.035099337748344395,0.07284768211920523,-0.04567901234567895,0.9637814610190301,1.144526657206568,
600539:20260626:1432,600539,2026-06-30,FAILED_BREAKOUT,11:30,True,2026-06-30 09:35:00,True,23,0.043478260869565216,0.13043478260869565,-0.036363636363636376,21,-0.025705329153605017,0.02131661442006272,-0.014084149471590202,0.029139072847682135,0.07284768211920523,-0.051234567901234596,0.9570288520564764,1.0880139982502188,
600563:20260615:15730,600563,2026-06-22,FAILED_BREAKOUT,09:45,False,,False,0,,,,0,-0.012742099898063186,-0.011835995016423184,0.012394874171890002,0.036506332124383256,0.01373446697187708,-0.008504398826979398,1.0,1.9140608073951035,
600563:20260615:15730,600563,2026-06-22,FAILED_BREAKOUT,10:00,True,2026-06-22 10:00:00,True,0,,,,0,-0.008947785706195588,0.0037943141918677092,0.009382717762980386,0.04048992211189728,0.01373446697187708,-0.008504398826979398,1.0,2.1291398618060517,
600563:20260615:15730,600563,2026-06-22,FAILED_BREAKOUT,10:30,True,2026-06-22 10:00:00,True,6,0.0,0.16666666666666666,-0.03584777437988451,6,-0.03443198550232196,0.0037943141918677092,-0.014873293738675963,0.01373446697187708,0.01373446697187708,-0.008504398826979398,0.9720733427362483,1.43948333599107,
600563:20260615:15730,600563,2026-06-22,FAILED_BREAKOUT,11:30,True,2026-06-22 10:00:00,True,18,0.0,0.05555555555555555,-0.047513874731000216,18,-0.0399252463472648,0.0037943141918677092,-0.016448169575327576,0.007967179975028271,0.01373446697187708,-0.013548387096774195,0.9574047954866007,1.299592467904834,
600601:20260612:1289,600601,2026-06-16,FAILED_BREAKOUT,09:45,False,,False,0,,,,0,-0.04768583450210373,-0.032258064516129004,-0.0020599924984364693,0.009665427509293778,0.0,-0.01263940520446094,0.9971014492753623,0.7293441528479846,
600601:20260612:1289,600601,2026-06-16,FAILED_BREAKOUT,10:00,False,,False,0,,,,0,-0.05469845722300137,-0.032258064516129004,-0.0078075823206490425,0.0022304832713755385,0.0,-0.01263940520446094,0.9797101449275362,0.6847821212347709,
600601:20260612:1289,600601,2026-06-16,FAILED_BREAKOUT,10:30,False,,False,0,,,,0,-0.045582047685834515,-0.032258064516129004,0.003525947641798366,0.011895910780669094,0.0,-0.01263940520446094,0.9884057971014493,0.6817504918703478,
600601:20260612:1289,600601,2026-06-16,FAILED_BREAKOUT,11:30,True,2026-06-16 11:10:00,True,4,0.25,1.0,-0.014726507713884951,3,0.0007012622720896644,0.009817671809256634,0.03476328040243026,0.06096654275092939,0.0,-0.01263940520446094,0.9951388888888889,0.9885942368278656,
600641:20260609:2703,600641,2026-06-11,FAILED_BREAKOUT,09:45,False,,False,0,,,,0,-0.017549896765313044,-0.009635237439779676,0.00839704318814749,0.037050490374137324,0.020704685797312106,-0.020284697508896832,0.9920083391243919,0.8366595285065626,
600641:20260609:2703,600641,2026-06-11,FAILED_BREAKOUT,10:00,True,2026-06-11 10:00:00,True,0,,,,0,-0.0110116999311769,0.002064693737095835,0.008484584345010093,0.04395205230657462,0.020704685797312106,-0.020284697508896832,1.0,1.0914066557468738,
600641:20260609:2703,600641,2026-06-11,FAILED_BREAKOUT,10:30,True,2026-06-11 10:00:00,True,6,0.0,1.0,-0.018582243633860962,6,-0.0037852718513420314,0.002064693737095835,0.011928901050322516,0.05158009444242628,0.020704685797312106,-0.020284697508896832,0.9986263736263735,1.1144040210753265,
600641:20260609:2703,600641,2026-06-11,FAILED_BREAKOUT,11:30,True,2026-06-11 10:00:00,True,18,0.5,0.5,-0.018582243633860962,9,0.041982105987611984,0.041982105987611984,0.03968541777777945,0.09989102796948779,0.020704685797312106,-0.020284697508896832,1.0,1.514589195094892,
600661:20260701:760,600661,2026-07-06,FAILED_BREAKOUT,09:45,True,2026-07-06 09:35:00,True,2,0.0,0.0,-0.06976744186046513,2,-0.06976744186046513,0.003671970624234966,-0.035522645812986475,0.007957559681697646,0.06366047745358094,-0.052369077306733125,0.9439024390243903,4.130379899014186,
600661:20260701:760,600661,2026-07-06,FAILED_BREAKOUT,10:00,True,2026-07-06 09:35:00,True,5,0.0,0.0,-0.08323133414932682,5,-0.07955936352509185,0.003671970624234966,-0.03806868096874949,-0.0026525198938992522,0.06366047745358094,-0.06608478802992512,0.9231707317073172,3.349748624361664,
600661:20260701:760,600661,2026-07-06,FAILED_BREAKOUT,10:30,True,2026-07-06 09:35:00,True,11,0.0,0.0,-0.08323133414932682,11,-0.07955936352509185,0.003671970624234966,-0.03330201699846469,-0.0026525198938992522,0.06366047745358094,-0.06608478802992512,0.9219512195121952,2.907643869162148,
600661:20260701:760,600661,2026-07-06,FAILED_BREAKOUT,11:30,True,2026-07-06 09:35:00,True,23,0.0,0.0,-0.08323133414932682,23,-0.07955936352509185,0.003671970624234966,-0.02849999755539767,-0.0026525198938992522,0.06366047745358094,-0.06608478802992512,0.9170731707317074,2.5436286019210246,
600667:20260611:1751,600667,2026-06-17,SUCCESS,09:45,False,,False,0,,,,0,-0.05673382820784734,-0.04559915164369033,0.004196026777119499,-0.011117287381878782,-0.02501389660922726,-0.0005701254275939371,1.0,0.6866660791855438,
600667:20260611:1751,600667,2026-06-17,SUCCESS,10:00,False,,False,0,,,,0,-0.04665959703075284,-0.038176033934252285,0.008420753137644788,-0.0005558643690938281,-0.02501389660922726,-0.0005701254275939371,0.9955898566703417,0.8071329356589417,
600667:20260611:1751,600667,2026-06-17,SUCCESS,10:30,False,,False,0,,,,0,-0.04188759278897136,-0.0275715800636267,0.0067199635868646634,0.004446914952751735,-0.02501389660922726,-0.0005701254275939371,0.9890948745910578,0.8987487710791997,
600667:20260611:1751,600667,2026-06-17,SUCCESS,11:30,False,,False,0,,,,0,-0.029162248144220637,-0.017497348886532205,0.015517959297546513,0.01778765981100605,-0.02501389660922726,-0.0005701254275939371,0.9951430113329736,0.8768323181355058,
600708:20260623:329,600708,2026-06-25,SUCCESS,09:45,True,2026-06-25 09:35:00,True,2,0.5,0.5,-0.03170028818443815,1,-0.01729106628242072,0.008645533141210304,-0.007051093189105462,0.017910447761193993,0.005970149253731405,-0.0029673590504452063,1.0,0.7221231496382643,
600708:20260623:329,600708,2026-06-25,SUCCESS,10:00,True,2026-06-25 09:35:00,True,5,0.2,0.2,-0.043227665706051965,4,-0.04034582132564846,0.008645533141210304,-0.0268305093486898,-0.005970149253731294,0.005970149253731405,-0.014836795252225587,0.9628571428571429,0.7123145280732462,
600708:20260623:329,600708,2026-06-25,SUCCESS,10:30,True,2026-06-25 09:35:00,True,11,0.09090909090909091,0.18181818181818182,-0.04610951008645536,10,-0.028818443804034644,0.008645533141210304,-0.011240251201285245,0.005970149253731405,0.005970149253731405,-0.017804154302670683,0.9685714285714286,0.6382514049658582,
600708:20260623:329,600708,2026-06-25,SUCCESS,11:30,True,2026-06-25 09:35:00,True,23,0.2608695652173913,0.30434782608695654,-0.04610951008645536,17,0.0057636887608070175,0.040345821325648235,0.01036785895725334,0.04179104477611939,0.005970149253731405,-0.017804154302670683,0.9778393351800554,0.8737640023582919,
600714:20260605:3290,600714,2026-06-12,FAILED_BREAKOUT,09:45,True,2026-06-12 09:40:00,True,1,0.0,1.0,-0.011035378123985695,1,-0.009412528399870168,0.013307367737747544,0.010953832049436452,0.04449007529089677,0.0003422313483916195,-0.004105371193978802,1.0,1.4422230798919335,
600714:20260605:3290,600714,2026-06-12,FAILED_BREAKOUT,10:00,True,2026-06-12 09:40:00,True,4,0.0,0.25,-0.058747160012982746,4,-0.04901006166828947,0.013307367737747544,-0.025428184892813177,0.002737850787132068,0.0003422313483916195,-0.007868628121792676,0.9590006406149905,1.6845712935058796,
600714:20260605:3290,600714,2026-06-12,FAILED_BREAKOUT,10:30,True,2026-06-12 09:40:00,True,10,0.0,0.3,-0.06361570918532933,10,-0.057448880233690325,0.013307367737747544,-0.025761128156581603,-0.006160164271047264,0.0003422313483916195,-0.01300034211426615,0.9365791159513133,1.697060046156272,
600714:20260605:3290,600714,2026-06-12,FAILED_BREAKOUT,11:30,True,2026-06-12 09:40:00,True,22,0.0,0.13636363636363635,-0.07789678675754619,22,-0.07465108730931502,0.013307367737747544,-0.035180132277045195,-0.024298425735797324,0.0003422313483916195,-0.028053369825521757,0.9186418962203716,1.567988552739166,
600732:20260610:1207,600732,2026-06-12,FAILED_BREAKOUT,09:45,False,,False,0,,,,0,-0.05731523378582204,-0.034690799396681626,-0.00400713525037788,-0.0031897926634768536,-0.0071770334928229484,-0.011244979919678655,0.9828125,0.358321595210846,
600732:20260610:1207,600732,2026-06-12,FAILED_BREAKOUT,10:00,False,,False,0,,,,0,-0.05128205128205121,-0.034690799396681626,0.0014810086816030577,0.0031897926634769647,-0.0071770334928229484,-0.011244979919678655,0.9875,0.3921577951983963,
600732:20260610:1207,600732,2026-06-12,FAILED_BREAKOUT,10:30,False,,False,0,,,,0,-0.039969834087481115,-0.034690799396681626,0.010573472428845099,0.01515151515151536,-0.0071770334928229484,-0.011244979919678655,0.996875,0.46958420543236246,
600732:20260610:1207,600732,2026-06-12,FAILED_BREAKOUT,11:30,False,,False,0,,,,0,-0.03092006033182504,-0.019607843137254832,0.014372559874580748,0.02472089314194581,-0.0071770334928229484,-0.011244979919678655,0.9884615384615384,0.5744019405186487,
600846:20260630:1000,600846,2026-07-02,FAILED_BREAKOUT,09:45,False,,False,0,,,,0,-0.011828935395814422,-0.0018198362147406888,0.014516153035972756,0.030360531309297834,0.009487666034155628,-0.019736842105263275,0.9990884229717412,0.5993585849996356,
600846:20260630:1000,600846,2026-07-02,FAILED_BREAKOUT,10:00,True,2026-07-02 10:00:00,True,0,,,,0,-0.0009099181073702889,0.006369426751592355,0.01927617354856692,0.041745730550284854,0.009487666034155628,-0.019736842105263275,1.0,0.5432320661682838,
600846:20260630:1000,600846,2026-07-02,FAILED_BREAKOUT,10:30,True,2026-07-02 10:00:00,True,6,0.0,1.0,-0.0145586897179254,6,-0.010009099181073622,0.006369426751592355,0.008338137457580164,0.032258064516129226,0.009487666034155628,-0.019736842105263275,0.9864376130198915,0.5570197326715313,
600846:20260630:1000,600846,2026-07-02,FAILED_BREAKOUT,11:30,True,2026-07-02 10:00:00,True,18,0.1111111111111111,1.0,-0.016378525932666088,15,-0.0018198362147406888,0.006369426751592355,0.013984365519335462,0.04079696394686927,0.009487666034155628,-0.019736842105263275,0.9936708860759493,0.6483548340339179,
600975:20260701:474,600975,2026-07-07,FAILED_BREAKOUT,09:45,True,2026-07-07 09:40:00,True,1,0.0,0.0,-0.019920318725099584,1,-0.017928286852589626,0.003984063745019917,-0.006605447170539347,-0.010040160642570406,-0.012048192771084487,-0.0060975609756097615,0.9880952380952381,0.7699927144207964,
600975:20260701:474,600975,2026-07-07,FAILED_BREAKOUT,10:00,True,2026-07-07 09:40:00,True,4,0.0,0.0,-0.02390438247011939,4,-0.017928286852589626,0.003984063745019917,-0.004391079253294072,-0.010040160642570406,-0.012048192771084487,-0.0060975609756097615,0.9841269841269841,0.7365617994084771,
600975:20260701:474,600975,2026-07-07,FAILED_BREAKOUT,10:30,True,2026-07-07 09:40:00,True,10,0.0,0.0,-0.02390438247011939,10,-0.019920318725099584,0.003984063745019917,-0.005379793970738511,-0.012048192771084487,-0.012048192771084487,-0.0060975609756097615,0.9781746031746031,0.6341627758191198,
600975:20260701:474,600975,2026-07-07,FAILED_BREAKOUT,11:30,True,2026-07-07 09:40:00,True,22,0.0,0.0,-0.02390438247011939,22,-0.017928286852589626,0.003984063745019917,-0.0020825072432338887,-0.010040160642570406,-0.012048192771084487,-0.0060975609756097615,0.9781746031746031,0.6186368710309724,
601369:20260626:905,601369,2026-07-28,FAILED_BREAKOUT,09:45,False,,False,0,,,,0,-0.021621621621621512,-0.018378378378378413,0.0059919889103510204,0.005555555555555536,0.0,-0.008888888888888946,1.0,0.7467046062551681,
601369:20260626:905,601369,2026-07-28,FAILED_BREAKOUT,10:00,False,,False,0,,,,0,-0.017297297297297343,-0.015135135135135203,0.00741730321607692,0.010000000000000009,0.0,-0.008888888888888946,1.0,0.8296734840330104,
601369:20260626:905,601369,2026-07-28,FAILED_BREAKOUT,10:30,False,,False,0,,,,0,-0.03135135135135125,-0.015135135135135203,-0.006185640361766498,-0.004444444444444362,0.0,-0.008888888888888946,0.9835345773874864,0.9031978781590556,
601369:20260626:905,601369,2026-07-28,FAILED_BREAKOUT,11:30,True,2026-07-28 10:45:00,True,9,0.6666666666666666,1.0,-0.008648648648648671,2,0.0,0.006486486486486642,0.015381920172187646,0.02777777777777768,0.0,-0.011111111111111072,0.9967776584317937,1.6847348242093072,
601869:20260602:40874,601869,2026-06-10,FAILED_BREAKOUT,09:45,True,2026-06-10 09:35:00,True,2,0.0,0.0,-0.0433175939232191,2,-0.03637856702935749,0.016218435639498985,-0.021755015666615085,-0.030867383808560245,-0.004810769516651825,-0.03319502074688796,0.9572525252525252,1.0198881292728403,
601869:20260602:40874,601869,2026-06-10,FAILED_BREAKOUT,10:00,True,2026-06-10 09:35:00,True,5,0.0,0.2,-0.0500307944980497,5,-0.04537056045986454,0.016218435639498985,-0.024354049030231084,-0.039910804616686946,-0.004810769516651825,-0.03997925311203321,0.9496363636363636,1.106739345887017,
601869:20260602:40874,601869,2026-06-10,FAILED_BREAKOUT,10:30,True,2026-06-10 09:35:00,True,11,0.0,0.09090909090909091,-0.05563539314309185,11,-0.055430096489427205,0.016218435639498985,-0.028406583154176768,-0.05002787355728522,-0.004810769516651825,-0.0456431535269709,0.9334343434343435,1.1540159067995968,
601869:20260602:40874,601869,2026-06-10,FAILED_BREAKOUT,11:30,True,2026-06-10 09:35:00,True,23,0.0,0.08695652173913043,-0.06795319236296449,23,-0.05982344487784863,0.016218435639498985,-0.026488691639820483,-0.05444634856399566,-0.004810769516651825,-0.05809128630705396,0.9256565656565656,1.091060507919951,
601872:20260622:1885,601872,2026-06-24,FAILED_BREAKOUT,09:45,True,2026-06-24 09:35:00,True,2,1.0,1.0,0.007052186177715303,0,0.030089327691584344,0.030089327691584344,0.022898133977598878,0.09989959839357421,0.03965863453815266,-0.012554321583776007,1.0,1.3450216174427194,
601872:20260622:1885,601872,2026-06-24,FAILED_BREAKOUT,10:00,True,2026-06-24 09:35:00,True,5,1.0,1.0,0.007052186177715303,0,0.030089327691584344,0.030089327691584344,0.022236586109673162,0.09989959839357421,0.03965863453815266,-0.012554321583776007,1.0,0.9361662235544702,
601872:20260622:1885,601872,2026-06-24,FAILED_BREAKOUT,10:30,True,2026-06-24 09:35:00,True,11,1.0,1.0,0.007052186177715303,0,0.030089327691584344,0.030089327691584344,0.021524353237984517,0.09989959839357421,0.03965863453815266,-0.012554321583776007,1.0,0.7135534039349951,
601872:20260622:1885,601872,2026-06-24,FAILED_BREAKOUT,11:30,True,2026-06-24 09:35:00,True,23,1.0,1.0,0.007052186177715303,0,0.030089327691584344,0.030089327691584344,0.020741615767528643,0.09989959839357421,0.03965863453815266,-0.012554321583776007,1.0,0.5823065316092537,
601882:20260630:2023,601882,2026-07-02,FAILED_BREAKOUT,09:45,False,,False,0,,,,0,-0.042154566744730726,-0.040281030444965005,0.010132141789347404,0.01589667163437647,0.00943864878291123,-0.013287401574803126,1.0,0.5102297405417762,
601882:20260630:2023,601882,2026-07-02,FAILED_BREAKOUT,10:00,False,,False,0,,,,0,-0.021545667447306793,-0.01779859484777524,0.023397223505687403,0.037754595131644475,0.00943864878291123,-0.013287401574803126,1.0,0.7260631649120858,
601882:20260630:2023,601882,2026-07-02,FAILED_BREAKOUT,10:30,True,2026-07-02 10:15:00,True,3,0.0,1.0,-0.00983606557377048,3,-0.009367681498829161,0.0037470725995314424,0.017553242584012363,0.050670640834575176,0.00943864878291123,-0.013287401574803126,0.9972001866542232,1.0071058040520702,
601882:20260630:2023,601882,2026-07-02,FAILED_BREAKOUT,11:30,True,2026-07-02 10:15:00,True,15,0.06666666666666667,1.0,-0.014051522248243575,10,-0.011241217798594993,0.00936768149882905,0.010416295253079078,0.048683556880278145,0.00943864878291123,-0.013287401574803126,0.9805104408352667,0.9874495543039603,
603020:20260605:1067,603020,2026-06-09,SUCCESS,09:45,False,,False,0,,,,0,-0.04577464788732388,-0.03345070422535201,-0.0034129771694012545,0.02457466918714557,0.010396975425330801,0.0,0.9908925318761385,0.9192715411796684,
603020:20260605:1067,603020,2026-06-09,SUCCESS,10:00,False,,False,0,,,,0,-0.04313380281690138,-0.03169014084507038,-0.0009156571054408369,0.027410207939508435,0.010396975425330801,0.0,0.990909090909091,1.0255989410986102,
603020:20260605:1067,603020,2026-06-09,SUCCESS,10:30,False,,False,0,,,,0,-0.040492957746478764,-0.03169014084507038,0.001241843070311166,0.030245746691871522,0.010396975425330801,0.0,0.9927272727272727,0.8878140232470941,
603020:20260605:1067,603020,2026-06-09,SUCCESS,11:30,False,,False,0,,,,0,-0.011443661971830887,-0.008802816901408383,0.024579261413495646,0.061436672967863926,0.010396975425330801,0.0,1.0,1.045368152468236,
603042:20260616:2097,603042,2026-06-22,SUCCESS,09:45,False,,False,0,,,,0,-0.013425925925926063,-0.006018518518518645,0.00969829094625041,0.02797877472262411,0.012059816690786374,-0.008579599618684486,0.9934792734047508,1.0887049276879786,
603042:20260616:2097,603042,2026-06-22,SUCCESS,10:00,False,,False,0,,,,0,-0.01388888888888895,-0.002777777777777879,0.004041463876223617,0.02749638205499272,0.012059816690786374,-0.008579599618684486,0.9953574744661097,1.3406136505948654,
603042:20260616:2097,603042,2026-06-22,SUCCESS,10:30,False,,False,0,,,,0,-0.018981481481481488,-0.002777777777777879,-0.0011051087473595844,0.022190062711046732,0.012059816690786374,-0.008579599618684486,0.987929433611885,1.3270655958084865,
603042:20260616:2097,603042,2026-06-22,SUCCESS,11:30,False,,False,0,,,,0,-0.03240740740740755,-0.002777777777777879,-0.012057651028551164,0.008200675349734565,0.012059816690786374,-0.009532888465204947,0.9726090993500465,1.3112609348309954,
603052:20260615:9078,603052,2026-06-18,FAILED_BREAKOUT,09:45,False,,False,0,,,,0,-0.06387755102040826,-0.05918367346938769,0.009300281409570843,-0.001088850174216116,-0.009146341463414642,-0.009890109890109966,1.0,0.8755079789870156,
603052:20260615:9078,603052,2026-06-18,FAILED_BREAKOUT,10:00,False,,False,0,,,,0,-0.06132653061224491,-0.05918367346938769,0.008990076154285598,0.001633275261323952,-0.009146341463414642,-0.009890109890109966,0.9978308026030368,0.9546649612733603,
603052:20260615:9078,603052,2026-06-18,FAILED_BREAKOUT,10:30,False,,False,0,,,,0,-0.05102040816326525,-0.05010204081632652,0.013880397321988314,0.012630662020905792,-0.009146341463414642,-0.009890109890109966,1.0,1.0532322781988408,
603052:20260615:9078,603052,2026-06-18,FAILED_BREAKOUT,11:30,False,,False,0,,,,0,-0.056122448979591844,-0.04795918367346941,0.004609559159990617,0.0071864111498256555,-0.009146341463414642,-0.009890109890109966,0.992497320471597,1.1238692342140617,
603063:20260625:5517,603063,2026-06-30,FAILED_BREAKOUT,09:45,True,2026-06-30 09:35:00,True,2,1.0,1.0,0.008598130841121598,0,0.028037383177569986,0.03738317757009346,0.009286976634714561,0.07568941912771354,0.028945824369254858,0.0,0.990990990990991,2.2560004120454624,
603063:20260625:5517,603063,2026-06-30,FAILED_BREAKOUT,10:00,True,2026-06-30 09:35:00,True,5,1.0,0.6,0.008598130841121598,0,0.014392523364485932,0.03738317757009346,-0.005197196718185304,0.06141208683747301,0.028945824369254858,0.0,0.9818018018018019,1.8388773940262082,
603063:20260625:5517,603063,2026-06-30,FAILED_BREAKOUT,10:30,True,2026-06-30 09:35:00,True,11,1.0,0.45454545454545453,0.0057943925233645555,0,0.020560747663551426,0.03738317757009346,0.0015520276013578638,0.06786622335223935,0.028945824369254858,0.0,0.9866666666666666,1.4370984814693997,
603063:20260625:5517,603063,2026-06-30,FAILED_BREAKOUT,11:30,True,2026-06-30 09:35:00,True,23,1.0,0.6521739130434783,0.0057943925233645555,0,0.027476635514018577,0.04822429906542047,0.004327024244030753,0.07510267944455307,0.028945824369254858,0.0,0.9832382310984309,1.431101209673418,
603065:20260603:839,603065,2026-06-05,SUCCESS,09:45,False,,False,0,,,,0,-0.0828905419766206,-0.06588735387885236,-0.0032665317244851,-0.005760368663594306,0.012672811059907696,-0.03299203640500559,0.9886234357224118,0.43479734090615724,
603065:20260603:839,603065,2026-06-05,SUCCESS,10:00,False,,False,0,,,,0,-0.0637619553666312,-0.05951115834218923,0.014873355009480393,0.01497695852534564,0.012672811059907696,-0.03299203640500559,1.0,0.4791279603019684,
603065:20260603:839,603065,2026-06-05,SUCCESS,10:30,False,,False,0,,,,0,-0.05951115834218923,-0.03719447396386821,0.009342948396921402,0.019585253456221086,0.012672811059907696,-0.03299203640500559,0.9823399558498896,0.6484366735677694,
603065:20260603:839,603065,2026-06-05,SUCCESS,11:30,False,,False,0,,,,0,-0.019128586609989395,-0.011689691817215686,0.03997282565923799,0.06336405529953915,0.012672811059907696,-0.03299203640500559,0.9924731182795699,0.8738588045439298,
603070:20260615:1604,603070,2026-06-17,FAILED_BREAKOUT,09:45,True,2026-06-17 09:35:00,True,2,0.0,1.0,-0.016129032258064502,2,-0.008342602892102424,0.015016685205784253,0.0020500307189981193,0.04882352941176471,0.011176470588235343,-0.003490401396160636,0.9824657534246575,0.707675389127002,
603070:20260615:1604,603070,2026-06-17,FAILED_BREAKOUT,10:00,True,2026-06-17 09:35:00,True,5,0.2,0.8,-0.016129032258064502,4,0.005561735261401468,0.015016685205784253,0.014731409660982964,0.06352941176470583,0.011176470588235343,-0.003490401396160636,0.9906849315068492,0.6970737324709149,
603070:20260615:1604,603070,2026-06-17,FAILED_BREAKOUT,10:30,True,2026-06-17 09:35:00,True,11,0.18181818181818182,0.8181818181818182,-0.016129032258064502,4,-0.00444938820912133,0.015016685205784253,0.0028598580596301826,0.05294117647058805,0.011176470588235343,-0.003490401396160636,0.9819178082191782,0.7208322287532108,
603070:20260615:1604,603070,2026-06-17,FAILED_BREAKOUT,11:30,True,2026-06-17 09:35:00,True,23,0.17391304347826086,0.8695652173913043,-0.016129032258064502,10,0.002780867630700845,0.015016685205784253,0.009320380490231761,0.06058823529411761,0.011176470588235343,-0.003490401396160636,0.9884931506849315,0.7618311809964532,
603118:20260630:1211,603118,2026-07-07,SUCCESS,09:45,False,,False,0,,,,0,-0.015601783060921304,-0.00965824665676085,0.012627902194482177,-0.01266766020864385,-0.036512667660208664,-0.009280742459396696,1.0,2.448844920968277,
603118:20260630:1211,603118,2026-07-07,SUCCESS,10:00,True,2026-07-07 10:00:00,True,0,,,,0,0.007429420505200568,0.007429420505200568,0.028075786802937985,0.010432190760059745,-0.036512667660208664,-0.009280742459396696,1.0,2.9265008399904002,
603118:20260630:1211,603118,2026-07-07,SUCCESS,10:30,True,2026-07-07 10:00:00,True,6,1.0,1.0,-0.0007429420505201678,0,0.008172362555720625,0.03491827637444267,0.013315830990405564,0.011177347242921076,-0.036512667660208664,-0.009280742459396696,0.9748743718592965,3.4151985290230105,
603118:20260630:1211,603118,2026-07-07,SUCCESS,11:30,True,2026-07-07 10:00:00,True,18,1.0,1.0,-0.0007429420505201678,0,0.01634472511144125,0.03491827637444267,0.01664507717067032,0.019374068554396384,-0.036512667660208664,-0.009280742459396696,0.9827709978463747,1.984535867385118,
603127:20260618:3566,603127,2026-06-23,FAILED_BREAKOUT,09:45,False,,False,0,,,,0,-0.0026350461133070047,-0.001054018445322935,0.017438113628464258,0.03217889282792474,-0.0002727024815927237,-0.017184942716857443,1.0,1.093215083105929,
603127:20260618:3566,603127,2026-06-23,FAILED_BREAKOUT,10:00,True,2026-06-23 09:50:00,True,2,0.0,0.5,-0.02292490118577084,2,-0.01054018445322813,0.008695652173912993,0.002588030945573916,0.02399781838014703,-0.0002727024815927237,-0.017184942716857443,0.9874608150470219,1.3584594763039042,
603127:20260618:3566,603127,2026-06-23,FAILED_BREAKOUT,10:30,True,2026-06-23 09:50:00,True,8,0.0,0.375,-0.02292490118577084,8,-0.01765480895915683,0.008695652173912993,-0.004322393802783653,0.016634851377147486,-0.0002727024815927237,-0.017184942716857443,0.975705329153605,1.2561613662612734,
603127:20260618:3566,603127,2026-06-23,FAILED_BREAKOUT,11:30,True,2026-06-23 09:50:00,True,20,0.0,0.25,-0.033201581027668126,20,-0.028722002635046207,0.008695652173912993,-0.013644622110852378,0.005181347150259086,-0.0002727024815927237,-0.017184942716857443,0.9636886102403344,1.1778441397104495,
603203:20260624:7014,603203,2026-06-29,FAILED_BREAKOUT,09:45,True,2026-06-29 09:40:00,True,1,1.0,1.0,0.0012836970474967568,0,0.013863928112965329,0.019640564826700846,0.0251008863267832,0.039210526315789584,-0.00013157894736848252,-0.02776681142255555,1.0,1.5232811931611494,
603203:20260624:7014,603203,2026-06-29,FAILED_BREAKOUT,10:00,True,2026-06-29 09:40:00,True,4,0.5,1.0,-0.020282413350449446,2,-0.0006418485237484894,0.019640564826700846,0.0073826069479121514,0.02434210526315783,-0.00013157894736848252,-0.02776681142255555,0.9808636535314111,1.5200958103280287,
603203:20260624:7014,603203,2026-06-29,FAILED_BREAKOUT,10:30,True,2026-06-29 09:40:00,True,10,0.2,0.5,-0.08729139922978191,8,-0.03709884467265723,0.019640564826700846,-0.01642310827379767,-0.013026315789473664,-0.00013157894736848252,-0.06435057244374265,0.9515296487473246,1.3358992527699047,
603203:20260624:7014,603203,2026-06-29,FAILED_BREAKOUT,11:30,True,2026-06-29 09:40:00,True,22,0.09090909090909091,0.22727272727272727,-0.08729139922978191,20,-0.04646983311938391,0.019640564826700846,-0.02147254581114355,-0.022631578947368447,-0.00013157894736848252,-0.06435057244374265,0.9361702127659574,1.0431822215911108,
603211:20260630:3551,603211,2026-07-06,SUCCESS,09:45,True,2026-07-06 09:35:00,True,2,1.0,1.0,0.06412005457025916,0,0.07858117326057301,0.07858117326057301,0.015320242498139569,0.09988870339454659,0.038953811908736924,-0.00910551687198724,1.0,1.7537983252268967,
603211:20260630:3551,603211,2026-07-06,SUCCESS,10:00,True,2026-07-06 09:35:00,True,5,1.0,1.0,0.06412005457025916,0,0.07858117326057301,0.07858117326057301,0.01485787800232341,0.09988870339454659,0.038953811908736924,-0.00910551687198724,1.0,1.6867191764797629,
603211:20260630:3551,603211,2026-07-06,SUCCESS,10:30,True,2026-07-06 09:35:00,True,11,1.0,1.0,0.06412005457025916,0,0.07858117326057301,0.07858117326057301,0.014368938328131797,0.09988870339454659,0.038953811908736924,-0.00910551687198724,1.0,1.654234378237575,
603211:20260630:3551,603211,2026-07-06,SUCCESS,11:30,True,2026-07-06 09:35:00,True,23,1.0,1.0,0.06412005457025916,0,0.07858117326057301,0.07858117326057301,0.013965142494233529,0.09988870339454659,0.038953811908736924,-0.00910551687198724,1.0,1.5656887581378878,
603260:20260609:3933,603260,2026-06-11,FAILED_BREAKOUT,09:45,False,,False,0,,,,0,-0.02703349282296641,-0.011961722488038284,0.002513487006236881,0.020577164366373912,0.00978670012547056,-0.007703777335984152,0.992493946731235,1.0262268551573135,
603260:20260609:3933,603260,2026-06-11,FAILED_BREAKOUT,10:00,False,,False,0,,,,0,-0.0289473684210525,-0.011961722488038284,0.0013573290051207554,0.018569636135508105,0.00978670012547056,-0.007703777335984152,0.9886198547215497,0.9942646974311821,
603260:20260609:3933,603260,2026-06-11,FAILED_BREAKOUT,10:30,False,,False,0,,,,0,-0.0043062200956938135,-0.0007177033492821172,0.02188496992417943,0.044416562107904456,0.00978670012547056,-0.007703777335984152,1.0,1.2834305565876496,
603260:20260609:3933,603260,2026-06-11,FAILED_BREAKOUT,11:30,False,,False,0,,,,0,-0.03612440191387556,-0.0007177033492821172,-0.011621405863006973,0.011041405269761606,0.00978670012547056,-0.007703777335984152,0.9676801532200143,1.342913783543602,
603297:20260624:13289,603297,2026-06-29,FAILED_BREAKOUT,09:45,True,2026-06-29 09:45:00,True,0,,,,0,-0.01247984295029092,0.001612563976723047,0.02165430096729959,0.02243031358885017,-0.012558072009291488,-0.011100492538410611,1.0,1.543569292123629,
603297:20260624:13289,603297,2026-06-29,FAILED_BREAKOUT,10:00,True,2026-06-29 09:45:00,True,3,0.0,0.6666666666666666,-0.04157610600855366,3,-0.04143588305405588,0.001612563976723047,-0.010858743956798422,-0.007549361207897731,-0.012558072009291488,-0.011100492538410611,0.9681506369872602,1.465607238139427,
603297:20260624:13289,603297,2026-06-29,FAILED_BREAKOUT,10:30,True,2026-06-29 09:45:00,True,9,0.0,0.3333333333333333,-0.04921825702867544,9,-0.03736941737362398,0.001612563976723047,-0.005291610980837191,-0.0033391405342623193,-0.012558072009291488,-0.011100492538410611,0.972840543189136,1.0815232259123488,
603297:20260624:13289,603297,2026-06-29,FAILED_BREAKOUT,11:30,True,2026-06-29 09:45:00,True,21,0.0,0.2857142857142857,-0.0534950571408539,21,-0.033162728738694414,0.001612563976723047,0.0002403885926667293,0.001016260162601812,-0.012558072009291488,-0.011100492538410611,0.9652806943861122,0.9701753771834635,
603315:20260611:1650,603315,2026-06-16,FAILED_BREAKOUT,09:45,False,,False,0,,,,0,-0.053509781357882646,-0.04372842347525885,0.0007007662377684909,0.009821976672805377,0.01596071209330896,-0.01933534743202414,0.9897713598074608,1.1301130695044894,
603315:20260611:1650,603315,2026-06-16,FAILED_BREAKOUT,10:00,False,,False,0,,,,0,-0.029919447640966657,-0.02704257767548901,0.017871443273768772,0.03499079189686927,0.01596071209330896,-0.01933534743202414,1.0,1.6047593231945674,
603315:20260611:1650,603315,2026-06-16,FAILED_BREAKOUT,10:30,False,,False,0,,,,0,-0.021864211737629424,-0.019562715765247374,0.020340121251577692,0.04358502148557397,0.01596071209330896,-0.01933534743202414,1.0,1.4712387118759584,
603315:20260611:1650,603315,2026-06-16,FAILED_BREAKOUT,11:30,True,2026-06-16 11:10:00,True,4,0.0,1.0,-0.017261219792865434,4,-0.011507479861910253,0.0069044879171462625,0.019681437570337357,0.05463474524248002,0.01596071209330896,-0.01933534743202414,0.9822857142857143,1.6247673951910095,
603318:20260611:985,603318,2026-06-16,SUCCESS,09:45,False,,False,0,,,,0,-0.07067510548523204,-0.06540084388185663,0.011099298416578529,0.004561003420752607,0.0,-0.029646522234891615,0.9977426636568849,0.6490663737643182,
603318:20260611:985,603318,2026-06-16,SUCCESS,10:00,False,,False,0,,,,0,-0.07067510548523204,-0.06540084388185663,0.008423842436705353,0.004561003420752607,0.0,-0.029646522234891615,0.9943566591422123,0.6367495860448997,
603318:20260611:985,603318,2026-06-16,SUCCESS,10:30,True,2026-06-16 10:30:00,True,0,,,,0,0.01793248945147674,0.01793248945147674,0.059937743876734784,0.10034207525655647,0.0,-0.029646522234891615,1.0,1.3805060049907154,
603318:20260611:985,603318,2026-06-16,SUCCESS,11:30,True,2026-06-16 10:30:00,True,12,1.0,1.0,-0.0042194092827004814,0,0.01793248945147674,0.01793248945147674,0.041872428862607336,0.10034207525655647,0.0,-0.029646522234891615,1.0,1.5334387785780579,
603318:20260616:965,603318,2026-06-22,FAILED_BREAKOUT,09:45,True,2026-06-22 09:35:00,True,2,0.0,1.0,-0.028653295128939882,2,-0.013371537726838634,0.006685768863419206,0.003783687933598179,0.02075098814229248,-0.0019762845849802257,-0.008910891089108919,0.9867172675521823,1.1536697781605718,
603318:20260616:965,603318,2026-06-22,FAILED_BREAKOUT,10:00,True,2026-06-22 09:35:00,True,5,0.0,0.6,-0.028653295128939882,5,-0.0191021967526267,0.006685768863419206,-0.0015329254724797403,0.014822134387351804,-0.0019762845849802257,-0.008910891089108919,0.9810246679316889,0.9695494912662471,
603318:20260616:965,603318,2026-06-22,FAILED_BREAKOUT,10:30,True,2026-06-22 09:35:00,True,11,0.36363636363636365,0.45454545454545453,-0.029608404966571245,6,-0.003820439350525451,0.025787965616045794,0.003983839458880478,0.030632411067193832,-0.0019762845849802257,-0.008910891089108919,0.984171322160149,1.190961377069544,
603318:20260616:965,603318,2026-06-22,FAILED_BREAKOUT,11:30,True,2026-06-22 09:35:00,True,23,0.6086956521739131,0.6956521739130435,-0.029608404966571245,6,0.014326647564469885,0.025787965616045794,0.019826029655327204,0.049407114624505866,-0.0019762845849802257,-0.008910891089108919,0.994413407821229,1.1830918046456473,
603335:20260609:768,603335,2026-06-12,FAILED_BREAKOUT,09:45,True,2026-06-12 09:35:00,True,2,1.0,1.0,0.03205128205128216,0,0.03205128205128216,0.03205128205128216,1.0237188840633848e-05,0.0997267759562841,0.0997267759562841,0.0,1.0,0.538353470075864,
603335:20260609:768,603335,2026-06-12,FAILED_BREAKOUT,10:00,True,2026-06-12 09:35:00,True,5,1.0,1.0,0.03205128205128216,0,0.03205128205128216,0.03205128205128216,9.167426544554047e-06,0.0997267759562841,0.0997267759562841,0.0,1.0,0.47754531464752664,
603335:20260609:768,603335,2026-06-12,FAILED_BREAKOUT,10:30,True,2026-06-12 09:35:00,True,11,1.0,1.0,0.03205128205128216,0,0.03205128205128216,0.03205128205128216,2.6946033708785677e-06,0.0997267759562841,0.0997267759562841,0.0,1.0,0.35074506428533003,
603335:20260609:768,603335,2026-06-12,FAILED_BREAKOUT,11:30,True,2026-06-12 09:35:00,True,23,1.0,1.0,0.03205128205128216,0,0.03205128205128216,0.03205128205128216,2.5071694282896573e-06,0.0997267759562841,0.0997267759562841,0.0,1.0,0.28238517955626175,
603477:20260629:1455,603477,2026-07-01,FAILED_BREAKOUT,09:45,False,,False,0,,,,0,-0.056194125159642505,-0.03895274584929753,-0.005604877515978712,-0.0013513513513514486,0.009459459459459474,-0.02208835341365467,0.9973421926910299,0.6214714541361196,
603477:20260629:1455,603477,2026-07-01,FAILED_BREAKOUT,10:00,False,,False,0,,,,0,-0.04022988505747127,-0.0338441890166028,0.008951852022460738,0.015540540540540437,0.009459459459459474,-0.02208835341365467,0.9993390614672835,0.6427990074441687,
603477:20260629:1455,603477,2026-07-01,FAILED_BREAKOUT,10:30,False,,False,0,,,,0,-0.0261813537675607,-0.02298850574712641,0.018890787624005423,0.03040540540540526,0.009459459459459474,-0.02208835341365467,1.0,0.692781077358295,
603477:20260629:1455,603477,2026-07-01,FAILED_BREAKOUT,11:30,True,2026-07-01 10:50:00,True,8,0.0,1.0,-0.0185185185185186,8,-0.01532567049808431,0.007024265644955285,0.014826541069116628,0.0418918918918918,0.009459459459459474,-0.02208835341365467,0.9809765377298669,0.9477998145322923,
603519:20260612:1364,603519,2026-06-17,FAILED_BREAKOUT,09:45,False,,False,0,,,,0,-0.03234501347708896,-0.026280323450134757,0.006721320221941829,0.021337126600284417,-0.004267425320056972,-0.0071428571428571175,0.997923875432526,1.0736240863546154,
603519:20260612:1364,603519,2026-06-17,FAILED_BREAKOUT,10:00,False,,False,0,,,,0,-0.037061994609164484,-0.026280323450134757,0.0011145172147801752,0.016358463726884764,-0.004267425320056972,-0.0071428571428571175,0.9910034602076125,0.8502627475890743,
603519:20260612:1364,603519,2026-06-17,FAILED_BREAKOUT,10:30,False,,False,0,,,,0,-0.021563342318059342,-0.01752021563342321,0.012893664172204389,0.03271692745376953,-0.004267425320056972,-0.0071428571428571175,0.9993141289437586,0.9299161714983094,
603519:20260612:1364,603519,2026-06-17,FAILED_BREAKOUT,11:30,True,2026-06-17 10:50:00,True,8,1.0,1.0,0.0006738544474393926,0,0.0040431266846361336,0.017520215633423097,0.022772841484365758,0.0597439544807965,-0.004267425320056972,-0.0071428571428571175,0.9874172185430464,1.3925106552347468,
603588:20260622:1761,603588,2026-06-25,SUCCESS,09:45,True,2026-06-25 09:40:00,True,1,1.0,1.0,-0.00722767165720184,0,0.012906556530717594,0.01755291688177585,0.024969283474892023,0.06111411573823711,-0.0016224986479176362,-0.007042253521126862,1.0,0.9631971224688733,
603588:20260622:1761,603588,2026-06-25,SUCCESS,10:00,True,2026-06-25 09:40:00,True,4,1.0,1.0,-0.00722767165720184,0,0.01858544140423324,0.020134228187919545,0.022813729232216584,0.06706327744726881,-0.0016224986479176362,-0.007042253521126862,0.9984817813765181,1.0547544624112417,
603588:20260622:1761,603588,2026-06-25,SUCCESS,10:30,True,2026-06-25 09:40:00,True,10,1.0,1.0,-0.00722767165720184,0,0.020134228187919545,0.022199277232834325,0.01934129312713173,0.06868577609518667,-0.0016224986479176362,-0.007042253521126862,1.0,1.0549564800315996,
603588:20260622:1761,603588,2026-06-25,SUCCESS,11:30,True,2026-06-25 09:40:00,True,22,0.9090909090909091,0.7727272727272727,-0.01135776974703162,2,0.020134228187919545,0.027361899845121274,0.0167581890256141,0.06868577609518667,-0.0016224986479176362,-0.007042253521126862,1.0,1.0725741309011958,
603615:20260701:1777,603615,2026-07-06,FAILED_BREAKOUT,09:45,True,2026-07-06 09:40:00,True,1,0.0,0.0,-0.026422764227642226,1,-0.01981707317073178,0.00101626016260159,-0.004113645931290266,0.02279957582184511,0.009544008483563182,0.0,0.9878172588832488,1.0104630754691508,
603615:20260701:1777,603615,2026-07-06,FAILED_BREAKOUT,10:00,True,2026-07-06 09:40:00,True,4,0.0,0.25,-0.026422764227642226,4,-0.023373983739837456,0.00101626016260159,-0.006431408218094292,0.019088016967126142,0.009544008483563182,0.0,0.9822335025380712,0.8021219945134742,
603615:20260701:1777,603615,2026-07-06,FAILED_BREAKOUT,10:30,True,2026-07-06 09:40:00,True,10,0.0,0.2,-0.038109756097560954,10,-0.037093495934959364,0.00101626016260159,-0.016318510418408927,0.004772004241781591,0.009544008483563182,-0.005777310924369727,0.967005076142132,0.9885225574666964,
603615:20260701:1777,603615,2026-07-06,FAILED_BREAKOUT,11:30,True,2026-07-06 09:40:00,True,22,0.0,0.18181818181818182,-0.04369918699186992,22,-0.02896341463414631,0.00101626016260159,-0.005563839291598205,0.013255567338282148,0.009544008483563182,-0.011554621848739455,0.9720812182741116,1.0100005391126206,
603629:20260615:16737,603629,2026-06-18,FAILED_BREAKOUT,09:45,True,2026-06-18 09:35:00,True,2,0.0,0.0,-0.017974421016246134,2,-0.017974421016246134,0.02546376310634857,-0.012398332499372944,0.032903108525722535,0.01987517421074947,0.0,0.971629213483146,1.2560543517663154,
603629:20260615:16737,603629,2026-06-18,FAILED_BREAKOUT,10:00,True,2026-06-18 09:35:00,True,5,0.6,0.6,-0.01947228943426671,2,0.001843530360640555,0.02546376310634857,0.006581875768671308,0.05374780342967944,0.01987517421074947,0.0,0.9828089887640449,1.1269477947002378,
603629:20260615:16737,603629,2026-06-18,FAILED_BREAKOUT,10:30,True,2026-06-18 09:35:00,True,11,0.2727272727272727,0.2727272727272727,-0.01947228943426671,6,-0.012155778315474208,0.02546376310634857,-0.006277492867880041,0.039023207901593526,0.01987517421074947,0.0,0.9670786516853932,1.0269354408197844,
603629:20260615:16737,603629,2026-06-18,FAILED_BREAKOUT,11:30,True,2026-06-18 09:35:00,True,23,0.5217391304347826,0.5217391304347826,-0.01947228943426671,9,0.004896877520451648,0.02546376310634857,0.008224180100171674,0.056959340725928564,0.01987517421074947,0.0,0.9828651685393258,0.9913759719436261,
603630:20260727:1443,603630,2026-07-30,FAILED_BREAKOUT,09:45,True,2026-07-30 09:35:00,True,2,1.0,0.0,-0.014184397163120588,0,0.005802707930367523,0.07350096711798826,-0.01438109999619197,0.02699144173798551,0.034233048057932924,-0.031190324633991073,0.9435435435435436,2.5891032082547,
603630:20260727:1443,603630,2026-07-30,FAILED_BREAKOUT,10:00,True,2026-07-30 09:35:00,True,5,0.8,0.0,-0.014184397163120588,1,-0.0006447453255963298,0.07350096711798826,-0.018238883401547223,0.020408163265306145,0.034233048057932924,-0.031190324633991073,0.936936936936937,2.2967243255412555,
603630:20260727:1443,603630,2026-07-30,FAILED_BREAKOUT,10:30,True,2026-07-30 09:35:00,True,11,0.7272727272727273,0.2727272727272727,-0.01740812379110246,3,0.028368794326241176,0.07350096711798826,0.011025226804116661,0.0500329163923634,0.034233048057932924,-0.031190324633991073,0.9609609609609611,2.3750426475605595,
603630:20260727:1443,603630,2026-07-30,FAILED_BREAKOUT,11:30,True,2026-07-30 09:35:00,True,23,0.6521739130434783,0.17391304347826086,-0.01740812379110246,5,-0.003223726627981871,0.07350096711798826,-0.01877122093705952,0.0177748518762344,0.034233048057932924,-0.031190324633991073,0.9315315315315316,2.1107724250657123,
603637:20260617:1827,603637,2026-06-22,FAILED_BREAKOUT,09:45,False,,False,0,,,,0,-0.02506265664160401,-0.014035087719298178,0.007267474504670357,0.03899572649572658,0.0,-0.0010683760683760646,0.9913573970513472,0.6740683052843521,
603637:20260617:1827,603637,2026-06-22,FAILED_BREAKOUT,10:00,False,,False,0,,,,0,-0.037092731829573844,-0.014035087719298178,-0.005564947368125073,0.026175213675213804,0.0,-0.0010683760683760646,0.9842399593289272,0.7331792501284027,
603637:20260617:1827,603637,2026-06-22,FAILED_BREAKOUT,10:30,False,,False,0,,,,0,-0.04761904761904756,-0.014035087719298178,-0.01391443026886352,0.014957264957265126,0.0,-0.0010683760683760646,0.9735638027452973,0.6890617394126237,
603637:20260617:1827,603637,2026-06-22,FAILED_BREAKOUT,11:30,False,,False,0,,,,0,-0.052631578947368474,-0.014035087719298178,-0.015516380023752663,0.009615384615384581,0.0,-0.0010683760683760646,0.9613624809354346,0.7143573018057042,
603661:20260622:3573,603661,2026-06-25,FAILED_BREAKOUT,09:45,True,2026-06-25 09:35:00,True,2,1.0,1.0,-0.004620820875237852,0,0.013862462625713556,0.013862462625713556,0.01595461405084042,0.09997051017399006,0.03214391035092912,0.0,1.0,2.4507404151734398,
603661:20260622:3573,603661,2026-06-25,FAILED_BREAKOUT,10:00,True,2026-06-25 09:35:00,True,5,1.0,1.0,-0.004620820875237852,0,0.013862462625713556,0.013862462625713556,0.014915245178044323,0.09997051017399006,0.03214391035092912,0.0,1.0,1.6962291420312705,
603661:20260622:3573,603661,2026-06-25,FAILED_BREAKOUT,10:30,True,2026-06-25 09:35:00,True,11,1.0,1.0,-0.004620820875237852,0,0.013862462625713556,0.013862462625713556,0.014149920074560063,0.09997051017399006,0.03214391035092912,0.0,1.0,1.306327654668887,
603661:20260622:3573,603661,2026-06-25,FAILED_BREAKOUT,11:30,True,2026-06-25 09:35:00,True,23,1.0,1.0,-0.004620820875237852,0,0.013862462625713556,0.013862462625713556,0.013838352754757866,0.09997051017399006,0.03214391035092912,0.0,1.0,1.0581023454157783,
603717:20260623:679,603717,2026-07-03,SUCCESS,09:45,True,2026-07-03 09:35:00,True,2,1.0,1.0,0.02170767004341534,0,0.06078147612156304,0.06078147612156304,0.044220093936345295,0.10060060060060061,0.03453453453453448,-0.05950653120464433,1.0,1.358422321736135,
603717:20260623:679,603717,2026-07-03,SUCCESS,10:00,True,2026-07-03 09:35:00,True,5,1.0,1.0,0.02170767004341534,0,0.06078147612156304,0.06078147612156304,0.04154601925293977,0.10060060060060061,0.03453453453453448,-0.05950653120464433,1.0,1.2961330365172266,
603717:20260623:679,603717,2026-07-03,SUCCESS,10:30,True,2026-07-03 09:35:00,True,11,1.0,1.0,0.02170767004341534,0,0.06078147612156304,0.06078147612156304,0.038450526939512564,0.10060060060060061,0.03453453453453448,-0.05950653120464433,1.0,1.3645714779652227,
603717:20260623:679,603717,2026-07-03,SUCCESS,11:30,True,2026-07-03 09:35:00,True,23,1.0,0.9565217391304348,0.01736613603473236,0,0.05933429811866864,0.06078147612156304,0.025462564285815725,0.0990990990990992,0.03453453453453448,-0.05950653120464433,1.0,2.3422712489616626,
603929:20260617:23218,603929,2026-06-25,FAILED_BREAKOUT,09:45,True,2026-06-25 09:35:00,True,2,1.0,1.0,0.032755688719734444,0,0.032755688719734444,0.032755688719734444,0.0038153830350124984,0.10000862515094022,0.10000862515094022,-0.027286627200376334,1.0,1.0502823100520162,
603929:20260617:23218,603929,2026-06-25,FAILED_BREAKOUT,10:00,True,2026-06-25 09:35:00,True,5,1.0,1.0,0.032755688719734444,0,0.032755688719734444,0.032755688719734444,0.003587484666109475,0.10000862515094022,0.10000862515094022,-0.027286627200376334,1.0,0.5650941486130796,
603929:20260617:23218,603929,2026-06-25,FAILED_BREAKOUT,10:30,True,2026-06-25 09:35:00,True,11,1.0,1.0,0.032755688719734444,0,0.032755688719734444,0.032755688719734444,0.0035357812351850537,0.10000862515094022,0.10000862515094022,-0.027286627200376334,1.0,0.47288145028111256,
603929:20260617:23218,603929,2026-06-25,FAILED_BREAKOUT,11:30,True,2026-06-25 09:35:00,True,23,1.0,1.0,0.032755688719734444,0,0.032755688719734444,0.032755688719734444,0.003477717051422191,0.10000862515094022,0.10000862515094022,-0.027286627200376334,1.0,0.41628239528270056,
603936:20260611:2372,603936,2026-06-17,SUCCESS,09:45,True,2026-06-17 09:35:00,True,2,1.0,1.0,0.011270890011659596,0,0.026039642440730537,0.03769918383210258,0.013594572465318144,0.04059913283405581,-0.02443831296807253,0.0,0.9891385767790263,1.3094365154105676,
603936:20260611:2372,603936,2026-06-17,SUCCESS,10:00,True,2026-06-17 09:35:00,True,5,1.0,0.8,0.008550330353672697,0,0.01748931208705784,0.03769918383210258,0.004101498546067006,0.03192747339377222,-0.02443831296807253,0.0,0.9823970037453184,1.1325713095740804,
603936:20260611:2372,603936,2026-06-17,SUCCESS,10:30,True,2026-06-17 09:35:00,True,11,1.0,0.7272727272727273,0.008550330353672697,0,0.04080839486980192,0.04741546832491261,0.019423433816621927,0.05557745368545519,-0.02443831296807253,0.0,0.9992578849721707,1.1149391817176557,
603936:20260611:2372,603936,2026-06-17,SUCCESS,11:30,True,2026-06-17 09:35:00,True,23,1.0,0.6521739130434783,0.008550330353672697,0,0.02331908278274386,0.06840264282938202,-0.004081863909261907,0.0378399684666928,-0.02443831296807253,0.0,0.9603492178974172,1.2739753933731968,
603938:20260605:5282,603938,2026-06-10,FAILED_BREAKOUT,09:45,True,2026-06-10 09:40:00,True,1,1.0,1.0,0.014793941528707277,0,0.037337090524832695,0.04438182458612183,0.04012562336581427,0.08013937282229966,-0.042728773152393096,-0.00019157088122612187,1.0,1.501401327946104,
603938:20260605:5282,603938,2026-06-10,FAILED_BREAKOUT,10:00,True,2026-06-10 09:40:00,True,4,1.0,1.0,0.014793941528707277,0,0.05635787249031332,0.05635787249031332,0.03854856002754259,0.09994498441224997,-0.042728773152393096,-0.00019157088122612187,1.0,1.7237101739061802,
603938:20260605:5282,603938,2026-06-10,FAILED_BREAKOUT,10:30,True,2026-06-10 09:40:00,True,10,1.0,1.0,0.014793941528707277,0,0.05635787249031332,0.05635787249031332,0.036964260218200096,0.09994498441224997,-0.042728773152393096,-0.00019157088122612187,1.0,1.4075275694523246,
603938:20260605:5282,603938,2026-06-10,FAILED_BREAKOUT,11:30,True,2026-06-10 09:40:00,True,22,1.0,1.0,0.014793941528707277,0,0.05635787249031332,0.05635787249031332,0.03295082147281292,0.09994498441224997,-0.042728773152393096,-0.00019157088122612187,1.0,1.069743884528971,
603950:20260615:6549,603950,2026-06-22,SUCCESS,09:45,False,,False,0,,,,0,-0.04554568891435107,-0.0074477227155542725,-0.007619057237624904,0.01276595744680864,0.010486322188449915,-0.012934275830951969,0.963780663780664,1.1710203058410629,
603950:20260615:6549,603950,2026-06-22,SUCCESS,10:00,False,,False,0,,,,0,-0.048266972214265125,-0.0074477227155542725,-0.007533470060309688,0.009878419452887588,0.010486322188449915,-0.012934275830951969,0.9682539682539683,1.2478684071530974,
603950:20260615:6549,603950,2026-06-22,SUCCESS,10:30,False,,False,0,,,,0,-0.07648238327126888,-0.0074477227155542725,-0.03016621690351573,-0.020060790273556117,0.010486322188449915,-0.032486088133553914,0.9415584415584416,0.5749462898694431,
603950:20260615:6549,603950,2026-06-22,SUCCESS,11:30,False,,False,0,,,,0,-0.07476367802921802,-0.0074477227155542725,-0.011363638401366782,-0.01823708206686936,0.010486322188449915,-0.06452098059858613,0.9333333333333335,0.6788133230562343,
603955:20260727:1862,603955,2026-07-30,FAILED_BREAKOUT,09:45,True,2026-07-30 09:40:00,True,1,1.0,1.0,-0.005478087649402386,0,0.005976095617529875,0.006972111553784854,0.022424824138145505,0.053729786124152135,0.0,-0.003651538862806447,1.0,1.3463888888888889,
603955:20260727:1862,603955,2026-07-30,FAILED_BREAKOUT,10:00,True,2026-07-30 09:40:00,True,4,0.25,1.0,-0.01145418326693215,3,-0.01145418326693215,0.006972111553784854,0.0018561222888433537,0.0354720918101199,0.0,-0.003651538862806447,0.9930761622156281,1.3342431240814612,
603955:20260727:1862,603955,2026-07-30,FAILED_BREAKOUT,10:30,True,2026-07-30 09:40:00,True,10,0.1,0.9,-0.015936254980079556,9,-0.005976095617529764,0.006972111553784854,0.005469541015574286,0.04121022430881571,0.0,-0.003651538862806447,0.9896142433234423,1.2549320473476546,
603955:20260727:1862,603955,2026-07-30,FAILED_BREAKOUT,11:30,True,2026-07-30 09:40:00,True,22,0.09090909090909091,0.7727272727272727,-0.019422310756971983,15,-0.018924302788844605,0.006972111553784854,-0.009086442583684295,0.027647365675534497,0.0,-0.003651538862806447,0.9787339268051435,1.2354869920447216,
603988:20260727:1804,603988,2026-07-30,SUCCESS,09:45,False,,False,0,,,,0,-0.05204648812531565,-0.03789792824658922,0.01102454872173686,0.007518796992481258,-0.004296455424275036,-0.029126213592232997,0.9915966386554622,1.465101990661096,
603988:20260727:1804,603988,2026-07-30,SUCCESS,10:00,False,,False,0,,,,0,-0.027286508337544202,-0.023244062657908127,0.030518719990893395,0.03383458646616533,-0.004296455424275036,-0.029126213592232997,1.0,1.2669123340311435,
603988:20260727:1804,603988,2026-07-30,SUCCESS,10:30,True,2026-07-30 10:20:00,True,2,1.0,1.0,-0.012127337038908448,0,0.018191005558362727,0.023749368367862678,0.05538589225092028,0.08216970998925865,-0.004296455424275036,-0.029126213592232997,1.0,1.6458604748896828,
603988:20260727:1804,603988,2026-07-30,SUCCESS,11:30,True,2026-07-30 10:20:00,True,14,0.42857142857142855,1.0,-0.014653865588681092,7,-0.00050530570995444,0.02577059120768066,0.02874546213089002,0.06229860365198703,-0.004296455424275036,-0.029126213592232997,0.974384236453202,1.543914568982167,
603993:20260612:1911,603993,2026-06-18,FAILED_BREAKOUT,09:45,False,,False,0,,,,0,-0.013809523809523716,-0.010000000000000009,0.01852275501372036,0.026772434308378834,-0.0198314328210214,-0.0030349013657055,1.0,1.364736416773206,
603993:20260612:1911,603993,2026-06-18,FAILED_BREAKOUT,10:00,True,2026-06-18 09:55:00,True,1,1.0,1.0,-0.0028571428571427804,0,0.003809523809523707,0.006666666666666599,0.02381184932760605,0.045116509667823435,-0.0198314328210214,-0.0030349013657055,1.0,1.4052825876340276,
603993:20260612:1911,603993,2026-06-18,FAILED_BREAKOUT,10:30,True,2026-06-18 09:55:00,True,7,0.14285714285714285,0.5714285714285714,-0.028571428571428692,6,-0.020476190476190426,0.006666666666666599,-0.0022758065161134766,0.019831432821021178,-0.0198314328210214,-0.0030349013657055,0.9730368968779565,1.3524605373843337,
603993:20260612:1911,603993,2026-06-18,FAILED_BREAKOUT,11:30,True,2026-06-18 09:55:00,True,19,0.05263157894736842,0.3157894736842105,-0.052857142857142825,18,-0.043809523809523854,0.006666666666666599,-0.020221831500358722,-0.004462072384729954,-0.0198314328210214,-0.0030349013657055,0.9517502365184485,1.3862205233634681,
605018:20260630:1491,605018,2026-07-03,FAILED_BREAKOUT,09:45,True,2026-07-03 09:40:00,True,1,0.0,1.0,-0.015686274509803977,1,-0.011111111111111072,0.0032679738562091387,0.011289051937364736,0.05142460041695629,0.009034051424600342,-0.00688705234159781,1.0,1.9409127070224923,
605018:20260630:1491,605018,2026-07-03,FAILED_BREAKOUT,10:00,True,2026-07-03 09:40:00,True,4,0.25,1.0,-0.01764705882352946,2,-0.009803921568627527,0.009803921568627416,0.007142954021029713,0.05281445448227928,0.009034051424600342,-0.00688705234159781,0.9902912621359224,1.7323118722579782,
605018:20260630:1491,605018,2026-07-03,FAILED_BREAKOUT,10:30,True,2026-07-03 09:40:00,True,10,0.1,1.0,-0.024183006535947738,8,-0.011111111111111072,0.009803921568627416,0.004289555325446726,0.05142460041695629,0.009034051424600342,-0.00688705234159781,0.9902912621359224,1.366296600877193,
605018:20260630:1491,605018,2026-07-03,FAILED_BREAKOUT,11:30,True,2026-07-03 09:40:00,True,22,0.045454545454545456,0.5,-0.03202614379084967,20,-0.021568627450980427,0.009803921568627416,-0.005064680255628007,0.040305767894371014,0.009034051424600342,-0.00688705234159781,0.9689320388349515,1.334507975785427,
605069:20260611:1155,605069,2026-06-22,FAILED_BREAKOUT,09:45,True,2026-06-22 09:40:00,True,1,1.0,1.0,0.0024691358024691024,0,0.0024691358024691024,0.0024691358024691024,0.030579712792241365,0.10027100271002709,-0.015356820234869062,-0.007339449541284404,1.0,1.5333465539860267,
605069:20260611:1155,605069,2026-06-22,FAILED_BREAKOUT,10:00,True,2026-06-22 09:40:00,True,4,1.0,1.0,0.0024691358024691024,0,0.0024691358024691024,0.0024691358024691024,0.02881535812258429,0.10027100271002709,-0.015356820234869062,-0.007339449541284404,1.0,0.8638819482753026,
605069:20260611:1155,605069,2026-06-22,FAILED_BREAKOUT,10:30,True,2026-06-22 09:40:00,True,10,1.0,1.0,0.0024691358024691024,0,0.0024691358024691024,0.0024691358024691024,0.027991354614834485,0.10027100271002709,-0.015356820234869062,-0.007339449541284404,1.0,0.7524937484542882,
605069:20260611:1155,605069,2026-06-22,FAILED_BREAKOUT,11:30,True,2026-06-22 09:40:00,True,22,1.0,1.0,0.0024691358024691024,0,0.0024691358024691024,0.0024691358024691024,0.026789369190013623,0.10027100271002709,-0.015356820234869062,-0.007339449541284404,1.0,0.6848493562668871,
605111:20260609:6199,605111,2026-06-17,SUCCESS,09:45,True,2026-06-17 09:35:00,True,2,1.0,1.0,0.030688622754490913,0,0.039970059880239495,0.05808383233532943,0.008441654942527466,0.06012513352662907,0.00946131542804829,-0.0007558578987152398,0.9977362761743066,1.6688814542732144,
605111:20260609:6199,605111,2026-06-17,SUCCESS,10:00,True,2026-06-17 09:35:00,True,5,1.0,1.0,0.030688622754490913,0,0.03413173652694623,0.05808383233532943,0.0005065052955435245,0.05417366091866316,0.00946131542804829,-0.0007558578987152398,0.9857102433503112,1.2362773365248614,
605111:20260609:6199,605111,2026-06-17,SUCCESS,10:30,True,2026-06-17 09:35:00,True,11,1.0,0.7272727272727273,0.03038922155688617,0,0.061976047904191534,0.061976047904191534,0.02531387705492172,0.0825576072028078,0.00946131542804829,-0.0007558578987152398,1.0,0.8258118908248454,
605111:20260609:6199,605111,2026-06-17,SUCCESS,11:30,True,2026-06-17 09:35:00,True,23,1.0,0.6086956521739131,0.03038922155688617,0,0.06541916167664685,0.07035928143712589,0.02246498058533164,0.08606745002289018,0.00946131542804829,-0.0007558578987152398,0.9966433566433567,0.9913010826710057,
605300:20260625:943,605300,2026-06-30,FAILED_BREAKOUT,09:45,True,2026-06-30 09:35:00,True,2,0.5,1.0,-0.05337078651685401,1,0.013108614232209881,0.033707865168539186,0.026025009207257588,0.04541062801932383,0.06666666666666665,-0.0878623188405796,0.9882246376811595,1.3194178009195823,
605300:20260625:943,605300,2026-06-30,FAILED_BREAKOUT,10:00,True,2026-06-30 09:35:00,True,5,0.2,0.8,-0.05337078651685401,3,-0.008426966292134797,0.033707865168539186,0.0012549497753298056,0.023188405797101463,0.06666666666666665,-0.0878623188405796,0.9664855072463768,1.5630108791531903,
605300:20260625:943,605300,2026-06-30,FAILED_BREAKOUT,10:30,True,2026-06-30 09:35:00,True,11,0.09090909090909091,0.45454545454545453,-0.05337078651685401,9,-0.042134831460674094,0.033707865168539186,-0.030018369604806083,-0.01159420289855062,0.06666666666666665,-0.0878623188405796,0.9356884057971016,1.8915212681035465,
605300:20260625:943,605300,2026-06-30,FAILED_BREAKOUT,11:30,True,2026-06-30 09:35:00,True,23,0.043478260869565216,0.2608695652173913,-0.0702247191011236,21,-0.05337078651685401,0.033707865168539186,-0.03603615213517741,-0.023188405797101463,0.06666666666666665,-0.10054347826086951,0.9193840579710146,2.123945625653538,
605369:20260623:1694,605369,2026-06-25,FAILED_BREAKOUT,09:45,True,2026-06-25 09:45:00,True,0,,,,0,-0.005732152162584825,0.0005211047420530246,0.04238743453302196,0.0483516483516484,-0.02637362637362639,-0.01749435665914212,1.0,1.4283365305563167,
605369:20260623:1694,605369,2026-06-25,FAILED_BREAKOUT,10:00,True,2026-06-25 09:45:00,True,3,0.0,1.0,-0.029181865554976705,3,-0.029181865554976705,0.0005211047420530246,0.006756633931707556,0.023626373626373542,-0.02637362637362639,-0.01749435665914212,0.9791666666666667,1.5234685219752249,
605369:20260623:1694,605369,2026-06-25,FAILED_BREAKOUT,10:30,True,2026-06-25 09:45:00,True,9,0.0,1.0,-0.03439291297550806,9,-0.031787389265242494,0.0005211047420530246,0.0011962728335734862,0.020879120879120805,-0.02637362637362639,-0.01749435665914212,0.9765625,1.3262236084452974,
605369:20260623:1694,605369,2026-06-25,FAILED_BREAKOUT,11:30,True,2026-06-25 09:45:00,True,21,0.23809523809523808,0.8571428571428571,-0.04116727462219916,15,0.0015633142261592958,0.010422094841062934,0.028877086402013363,0.05604395604395607,-0.02637362637362639,-0.01749435665914212,1.0,1.3259047413482985,
