episode_id,symbol,outcome,OUTCOME_EVENT_DATE,EVENT_SESSION_OFFSET,CHECKPOINT,OPEN_GAP_PCT,DRAWDOWN_FROM_OPEN_PCT,DRAWDOWN_FROM_PREV_CLOSE_PCT,CURRENT_RETURN_FROM_OPEN_PCT,CURRENT_RETURN_FROM_PREV_CLOSE_PCT,VWAP_STATE,DIST_TO_VWAP_PCT,VWAP_FIRST_RECLAIMED,VWAP_SECOND_RECLAIMED,VWAP_REBREAK_COUNT,VWAP_RECLAIM_COUNT,PREV_CLOSE_STATE,DIST_TO_PREV_CLOSE_PCT,EVENT_PREV_CLOSE,S1_STATE,DIST_TO_S1_PCT,S1_TOUCHED_BY_CHECKPOINT,S1_FIRST_TOUCH_MIN,MINUTES_SINCE_S1_TOUCH,S1_REBREAK_AFTER_TOUCH,S1_TOUCH_REJECTED_IMMEDIATELY,S1_ACCEPTED_CLOSE_OCCURRED,S1_ACCEPTED_THEN_REBREAK,S1_REBREAK_COUNT,S1_RECLAIM_COUNT,S1_SECOND_RECLAIMED,OPEN_SHAKE_RECLAIMED,OPEN_RECLAIMED_NOW,NEW_LOW_AFTER_OPEN_RECLAIM,HIGH_FROM_OPEN_PCT,LOW_FROM_OPEN_PCT,TIME_OF_MORNING_LOW_MIN,HIGH_PROGRESSION_PCT,LOW_PROGRESSION_PCT,CUM_VOLUME,CUM_VOLUME_VS_CANDIDATE_DAY_SAME_FRACTION
002971:20260604:3739,002971,FAILED_BREAKOUT,2026-06-10,3.0,0945,10.0023,-0.0209,9.9794,0.0,10.0023,ABOVE,0.0002,False,False,0,0,ABOVE,10.0023,43.59,ABOVE,5.7798,True,5.0,10.0,False,False,True,False,0,0,False,False,True,,0.0,-0.0209,5,,,5829932.0,
002971:20260604:3739,002971,FAILED_BREAKOUT,2026-06-10,3.0,1000,10.0023,-0.0209,9.9794,0.0,10.0023,ABOVE,0.0002,False,False,0,0,ABOVE,10.0023,43.59,ABOVE,5.7798,True,5.0,25.0,False,False,True,False,0,0,False,False,True,,0.0,-0.0209,5,0.0,0.0,5923632.0,
002971:20260604:3739,002971,FAILED_BREAKOUT,2026-06-10,3.0,1030,10.0023,-0.0209,9.9794,0.0,10.0023,ABOVE,0.0001,False,False,0,0,ABOVE,10.0023,43.59,ABOVE,5.7798,True,5.0,55.0,False,False,True,False,0,0,False,False,True,,0.0,-0.0209,5,0.0,0.0,6933762.0,
002971:20260604:3739,002971,FAILED_BREAKOUT,2026-06-10,3.0,1130,10.0023,-0.0209,9.9794,0.0,10.0023,ABOVE,0.0001,False,False,0,0,ABOVE,10.0023,43.59,ABOVE,5.7798,True,5.0,115.0,False,False,True,False,0,0,False,False,True,,0.0,-0.0209,5,0.0,0.0,7073752.0,
002931:20260604:5786,002931,FAILED_BREAKOUT,2026-06-08,1.0,0945,-1.7606,-0.512,-2.2636,10.6503,8.7022,ABOVE,3.8546,False,False,0,0,ABOVE,8.7022,59.64,BELOW,-0.1848,True,15.0,0.0,False,True,False,False,0,0,False,False,True,,11.8792,-0.512,5,,,10146069.0,
002931:20260604:5786,002931,FAILED_BREAKOUT,2026-06-08,1.0,1000,-1.7606,-0.512,-2.2636,11.9645,9.9933,ABOVE,3.7467,False,False,0,0,ABOVE,9.9933,59.64,ABOVE,1.0008,True,15.0,15.0,True,True,True,True,1,2,True,False,True,,11.9645,-0.512,5,0.0763,0.0,14498269.0,
002931:20260604:5786,002931,FAILED_BREAKOUT,2026-06-08,1.0,1030,-1.7606,-0.512,-2.2636,11.9645,9.9933,ABOVE,3.5226,False,False,0,0,ABOVE,9.9933,59.64,ABOVE,1.0008,True,15.0,45.0,True,True,True,True,1,2,True,False,True,,11.9645,-0.512,5,0.0,0.0,15387069.0,
002931:20260604:5786,002931,FAILED_BREAKOUT,2026-06-08,1.0,1130,-1.7606,-0.512,-2.2636,11.9645,9.9933,ABOVE,3.4089,False,False,0,0,ABOVE,9.9933,59.64,ABOVE,1.0008,True,15.0,105.0,True,True,True,True,1,2,True,False,True,,11.9645,-0.512,5,0.0,0.0,15883077.0,
000670:20260604:967,000670,SUCCESS,2026-06-09,1.0,0945,7.1194,-4.6012,2.1906,-3.8855,2.9573,BELOW,-1.5037,False,False,0,0,ABOVE,2.9573,9.13,BELOW,-4.8583,False,,,False,False,False,False,0,0,False,False,False,,0.7157,-4.6012,10,,,47308900.0,
000670:20260604:967,000670,SUCCESS,2026-06-09,1.0,1000,7.1194,-7.0552,-0.4381,-6.3395,0.3286,BELOW,-3.3134,False,False,0,0,ABOVE,0.3286,9.13,BELOW,-7.2874,False,,,False,False,False,False,0,0,False,False,False,,0.7157,-7.0552,30,0.0,-2.5723,62419500.0,
000670:20260604:967,000670,SUCCESS,2026-06-09,1.0,1030,7.1194,-7.0552,-0.4381,-4.6012,2.1906,BELOW,-1.062,False,False,0,0,ABOVE,2.1906,9.13,BELOW,-5.5668,False,,,False,False,False,False,0,0,False,False,False,,0.7157,-7.0552,30,0.0,0.0,77134400.0,
000670:20260604:967,000670,SUCCESS,2026-06-09,1.0,1130,7.1194,-7.0552,-0.4381,-5.5215,1.2048,BELOW,-1.7831,False,False,0,0,ABOVE,1.2048,9.13,BELOW,-6.4777,False,,,False,False,False,False,0,0,False,False,False,,0.7157,-7.0552,30,0.0,0.0,89449100.0,
002983:20260605:2484,002983,FAILED_BREAKOUT,2026-06-11,3.0,0945,-1.0008,-0.2831,-1.281,-0.2831,-1.281,BELOW,-1.1252,False,False,0,0,BELOW,-1.281,24.98,BELOW,-2.4525,True,5.0,10.0,False,True,False,False,0,0,False,False,False,,2.5475,-0.2831,15,,,1484639.0,
002983:20260605:2484,002983,FAILED_BREAKOUT,2026-06-11,3.0,1000,-1.0008,-0.8087,-1.8014,0.4448,-0.5604,BELOW,-0.256,True,False,1,1,BELOW,-0.5604,24.98,BELOW,-1.7405,True,5.0,25.0,False,True,False,False,0,0,False,True,True,False,2.5475,-0.8087,20,0.0,-0.5272,2077459.0,
002983:20260605:2484,002983,FAILED_BREAKOUT,2026-06-11,3.0,1030,-1.0008,-0.8087,-1.8014,0.0809,-0.9207,BELOW,-0.4757,True,True,2,2,BELOW,-0.9207,24.98,BELOW,-2.0965,True,5.0,55.0,False,True,False,False,0,0,False,True,True,False,2.5475,-0.8087,20,0.0,0.0,2724575.0,
002983:20260605:2484,002983,FAILED_BREAKOUT,2026-06-11,3.0,1130,-1.0008,-2.1431,-3.1225,-1.8197,-2.8022,BELOW,-1.9337,True,True,2,2,BELOW,-2.8022,24.98,BELOW,-3.9557,True,5.0,115.0,False,True,False,False,0,0,False,True,False,True,2.5475,-2.1431,105,0.0,-1.3453,3900875.0,
002631:20260605:745,002631,FAILED_BREAKOUT,2026-06-10,2.0,0945,0.0,-1.5971,-1.5971,0.7371,0.7371,BELOW,-0.6589,False,False,1,0,ABOVE,0.7371,8.14,BELOW,-2.148,True,5.0,10.0,False,True,False,False,0,0,False,False,True,,3.0713,-1.5971,5,,,8939840.0,
002631:20260605:745,002631,FAILED_BREAKOUT,2026-06-10,2.0,1000,0.0,-1.5971,-1.5971,0.2457,0.2457,BELOW,-0.9642,False,False,1,0,ABOVE,0.2457,8.14,BELOW,-2.6253,True,5.0,25.0,False,True,False,False,0,0,False,False,True,,3.0713,-1.5971,5,0.0,0.0,12541440.0,
002631:20260605:745,002631,FAILED_BREAKOUT,2026-06-10,2.0,1030,0.0,-2.5799,-2.5799,-1.9656,-1.9656,BELOW,-2.3603,False,False,1,0,BELOW,-1.9656,8.14,BELOW,-4.7733,True,5.0,55.0,False,True,False,False,0,0,False,False,False,,3.0713,-2.5799,60,0.0,-0.9988,18430476.0,
002631:20260605:745,002631,FAILED_BREAKOUT,2026-06-10,2.0,1130,0.0,-4.5455,-4.5455,-3.8084,-3.8084,BELOW,-3.1001,False,False,1,0,BELOW,-3.8084,8.14,BELOW,-6.5632,True,5.0,115.0,False,True,False,False,0,0,False,False,False,,3.0713,-4.5455,115,0.0,-2.0177,26759176.0,
002585:20260604:1180,002585,FAILED_BREAKOUT,2026-06-10,2.0,0945,5.8197,0.0,5.8197,3.9504,10.0,ABOVE,0.9362,False,False,0,0,ABOVE,10.0,12.2,ABOVE,3.3898,True,5.0,10.0,False,False,True,False,0,0,False,False,True,,3.9504,0.0,5,,,89110959.0,
002585:20260604:1180,002585,FAILED_BREAKOUT,2026-06-10,2.0,1000,5.8197,0.0,5.8197,3.9504,10.0,ABOVE,0.926,False,False,0,0,ABOVE,10.0,12.2,ABOVE,3.3898,True,5.0,25.0,False,False,True,False,0,0,False,False,True,,3.9504,0.0,5,0.0,0.0,90083359.0,
002585:20260604:1180,002585,FAILED_BREAKOUT,2026-06-10,2.0,1030,5.8197,0.0,5.8197,3.9504,10.0,ABOVE,0.9073,False,False,0,0,ABOVE,10.0,12.2,ABOVE,3.3898,True,5.0,55.0,False,False,True,False,0,0,False,False,True,,3.9504,0.0,5,0.0,0.0,91925659.0,
002585:20260604:1180,002585,FAILED_BREAKOUT,2026-06-10,2.0,1130,5.8197,0.0,5.8197,3.9504,10.0,ABOVE,0.8669,False,False,0,0,ABOVE,10.0,12.2,ABOVE,3.3898,True,5.0,115.0,False,False,True,False,0,0,False,False,True,,3.9504,0.0,5,0.0,0.0,96169038.0,
001309:20260604:68085,001309,FAILED_BREAKOUT,2026-06-10,2.0,0945,-0.9573,-1.1489,-2.0951,1.8152,0.8406,ABOVE,1.0561,False,False,0,0,ABOVE,0.8406,625.74,BELOW,-0.316,True,15.0,0.0,False,True,False,False,0,0,False,False,True,,2.4607,-1.1489,5,,,2046610.0,
001309:20260604:68085,001309,FAILED_BREAKOUT,2026-06-10,2.0,1000,-0.9573,-1.1489,-2.0951,1.9782,1.002,ABOVE,0.9424,False,False,0,0,ABOVE,1.002,625.74,BELOW,-0.1564,True,15.0,15.0,True,True,True,True,1,1,False,False,True,,2.4607,-1.1489,5,0.0,0.0,3065386.0,
001309:20260604:68085,001309,FAILED_BREAKOUT,2026-06-10,2.0,1030,-0.9573,-1.1489,-2.0951,0.6438,-0.3196,BELOW,-0.6884,True,False,2,1,BELOW,-0.3196,625.74,BELOW,-1.4629,True,15.0,45.0,True,True,True,True,2,2,True,False,True,,3.3691,-1.1489,5,0.8866,0.0,4802360.0,
001309:20260604:68085,001309,FAILED_BREAKOUT,2026-06-10,2.0,1130,-0.9573,-1.1489,-2.0951,2.1396,1.1618,ABOVE,0.7619,True,True,2,2,ABOVE,1.1618,625.74,ABOVE,0.0016,True,15.0,105.0,True,True,True,True,2,3,True,False,True,,3.3691,-1.1489,5,0.0,0.0,6239904.0,
603020:20260605:1067,603020,SUCCESS,2026-06-09,1.0,0945,1.0397,0.0,1.0397,1.4032,2.4575,BELOW,-0.3413,False,False,1,0,ABOVE,2.4575,10.58,BELOW,-4.5775,False,,,False,False,False,False,0,0,False,False,True,,2.7128,0.0,5,,,2705600.0,
603020:20260605:1067,603020,SUCCESS,2026-06-09,1.0,1000,1.0397,0.0,1.0397,1.6838,2.741,BELOW,-0.0916,True,False,2,1,ABOVE,2.741,10.58,BELOW,-4.3134,False,,,False,False,False,False,0,0,False,False,True,,2.8999,0.0,5,0.1821,0.0,3874200.0,
603020:20260605:1067,603020,SUCCESS,2026-06-09,1.0,1030,1.0397,0.0,1.0397,1.9645,3.0246,ABOVE,0.1242,True,True,2,2,ABOVE,3.0246,10.58,BELOW,-4.0493,False,,,False,False,False,False,0,0,False,False,True,,2.8999,0.0,5,0.0,0.0,4735600.0,
603020:20260605:1067,603020,SUCCESS,2026-06-09,1.0,1130,1.0397,0.0,1.0397,5.0514,6.1437,ABOVE,2.4579,True,True,3,3,ABOVE,6.1437,10.58,BELOW,-1.1444,False,,,False,False,False,False,0,0,False,False,True,,5.3321,0.0,5,2.3636,0.0,8030100.0,
002051:20260604:1202,002051,FAILED_BREAKOUT,2026-06-10,2.0,0945,0.0818,-3.5948,-3.5159,-2.1242,-2.0442,BELOW,-0.0007,False,False,0,0,BELOW,-2.0442,12.23,BELOW,-2.3635,True,5.0,10.0,False,True,False,False,0,0,False,False,False,,0.6536,-3.5948,10,,,23972369.0,
002051:20260604:1202,002051,FAILED_BREAKOUT,2026-06-10,2.0,1000,0.0818,-3.5948,-3.5159,-2.1242,-2.0442,BELOW,-0.0218,True,False,1,1,BELOW,-2.0442,12.23,BELOW,-2.3635,True,5.0,25.0,False,True,False,False,0,0,False,False,False,,0.6536,-3.5948,10,0.0,0.0,30300049.0,
002051:20260604:1202,002051,FAILED_BREAKOUT,2026-06-10,2.0,1030,0.0818,-3.5948,-3.5159,-2.7778,-2.6983,BELOW,-0.6688,True,True,2,2,BELOW,-2.6983,12.23,BELOW,-3.0155,True,5.0,55.0,False,True,False,False,0,0,False,False,False,,0.6536,-3.5948,10,0.0,0.0,41151324.0,
002051:20260604:1202,002051,FAILED_BREAKOUT,2026-06-10,2.0,1130,0.0818,-3.5948,-3.5159,-2.1242,-2.0442,ABOVE,0.0323,True,True,3,4,BELOW,-2.0442,12.23,BELOW,-2.3635,True,5.0,115.0,False,True,False,False,0,0,False,False,False,,0.6536,-3.5948,10,0.0,0.0,52223556.0,
603938:20260605:5282,603938,FAILED_BREAKOUT,2026-06-10,2.0,0945,-4.2729,-0.0192,-4.2912,12.6437,7.8306,ABOVE,3.8323,False,False,0,0,ABOVE,7.8306,54.53,ABOVE,3.5576,True,5.0,10.0,False,False,True,False,0,0,False,False,True,,13.6015,-0.0192,5,,,16997635.0,
603938:20260605:5282,603938,FAILED_BREAKOUT,2026-06-10,2.0,1000,-4.2729,-0.0192,-4.2912,14.9042,9.9945,ABOVE,3.8544,False,False,0,0,ABOVE,9.9945,54.53,ABOVE,5.6358,True,5.0,25.0,False,False,True,False,0,0,False,False,True,,14.9042,-0.0192,5,1.1467,0.0,26208758.0,
603938:20260605:5282,603938,FAILED_BREAKOUT,2026-06-10,2.0,1030,-4.2729,-0.0192,-4.2912,14.9042,9.9945,ABOVE,3.6962,False,False,0,0,ABOVE,9.9945,54.53,ABOVE,5.6358,True,5.0,55.0,False,False,True,False,0,0,False,False,True,,14.9042,-0.0192,5,0.0,0.0,27288752.0,
603938:20260605:5282,603938,FAILED_BREAKOUT,2026-06-10,2.0,1130,-4.2729,-0.0192,-4.2912,14.9042,9.9945,ABOVE,3.2949,False,False,0,0,ABOVE,9.9945,54.53,ABOVE,5.6358,True,5.0,115.0,False,False,True,False,0,0,False,False,True,,14.9042,-0.0192,5,0.0,0.0,30519855.0,
601869:20260602:40874,601869,FAILED_BREAKOUT,2026-06-10,2.0,0945,-0.4811,-3.3195,-3.7846,-2.6452,-3.1136,BELOW,-2.2017,False,False,1,0,BELOW,-3.1136,484.33,BELOW,-3.6645,True,5.0,10.0,False,True,False,False,0,0,False,False,False,,2.6971,-3.3195,15,,,5416918.0,
601869:20260602:40874,601869,FAILED_BREAKOUT,2026-06-10,2.0,1000,-0.4811,-3.9979,-4.4598,-3.4025,-3.8672,BELOW,-2.3078,False,False,1,0,BELOW,-3.8672,484.33,BELOW,-4.4139,True,5.0,25.0,False,True,False,False,0,0,False,False,False,,2.6971,-3.9979,30,0.0,-0.7017,7820647.0,
601869:20260602:40874,601869,FAILED_BREAKOUT,2026-06-10,2.0,1030,-0.4811,-4.5643,-5.0234,-4.5436,-5.0028,BELOW,-2.8406,False,False,1,0,BELOW,-5.0028,484.33,BELOW,-5.543,True,5.0,55.0,False,True,False,False,0,0,False,False,False,,2.6971,-4.5643,60,0.0,-0.59,10302783.0,
601869:20260602:40874,601869,FAILED_BREAKOUT,2026-06-10,2.0,1130,-0.4811,-5.8091,-6.2623,-4.9876,-5.4446,BELOW,-2.6489,False,False,1,0,BELOW,-5.4446,484.33,BELOW,-5.9823,True,5.0,115.0,False,True,False,False,0,0,False,False,False,,2.6971,-5.8091,75,0.0,-1.3043,12970193.0,
000833:20260608:2368,000833,FAILED_BREAKOUT,2026-06-10,1.0,0945,-0.53,-0.3689,-0.8969,4.1803,3.6282,BELOW,-0.8394,False,False,1,0,ABOVE,3.6282,24.53,ABOVE,0.2366,True,5.0,10.0,False,False,True,False,0,0,False,False,True,,8.3607,-0.3689,5,,,27004152.0,
000833:20260608:2368,000833,FAILED_BREAKOUT,2026-06-10,1.0,1000,-0.53,-0.3689,-0.8969,4.6721,4.1174,ABOVE,0.055,True,False,1,1,ABOVE,4.1174,24.53,ABOVE,0.7098,True,5.0,25.0,True,False,True,True,1,1,True,False,True,,8.3607,-0.3689,5,0.0,0.0,35193552.0,
000833:20260608:2368,000833,FAILED_BREAKOUT,2026-06-10,1.0,1030,-0.53,-0.3689,-0.8969,4.1803,3.6282,BELOW,-0.6939,True,False,2,1,ABOVE,3.6282,24.53,ABOVE,0.2366,True,5.0,55.0,True,False,True,True,1,1,True,False,True,,8.3607,-0.3689,5,0.0,0.0,47729727.0,
000833:20260608:2368,000833,FAILED_BREAKOUT,2026-06-10,1.0,1130,-0.53,-0.3689,-0.8969,5.6148,5.055,ABOVE,0.6433,True,True,4,4,ABOVE,5.055,24.53,ABOVE,1.6167,True,5.0,115.0,True,False,True,True,1,1,True,False,True,,8.3607,-0.3689,5,0.0,0.0,54793137.0,
003030:20260601:2574,003030,SUCCESS,2026-06-10,1.0,0945,-0.9394,0.0,-0.9394,5.0261,4.0395,BELOW,-0.1149,False,False,1,0,ABOVE,4.0395,21.29,BELOW,-1.2043,True,10.0,5.0,True,False,True,True,1,0,False,False,True,,8.7245,0.0,5,,,1244900.0,
003030:20260601:2574,003030,SUCCESS,2026-06-10,1.0,1000,-0.9394,0.0,-0.9394,7.0175,6.0122,ABOVE,1.092,True,False,1,1,ABOVE,6.0122,21.29,ABOVE,0.669,True,10.0,20.0,True,False,True,True,1,1,True,False,True,,9.578,0.0,5,0.785,0.0,1889800.0,
003030:20260601:2574,003030,SUCCESS,2026-06-10,1.0,1030,-0.9394,0.0,-0.9394,5.3106,4.3213,BELOW,-0.4864,True,False,2,1,ABOVE,4.3213,21.29,BELOW,-0.9367,True,10.0,50.0,True,False,True,True,2,1,True,False,True,,9.578,0.0,5,0.0,0.0,2467600.0,
003030:20260601:2574,003030,SUCCESS,2026-06-10,1.0,1130,-0.9394,0.0,-0.9394,6.1166,5.1198,ABOVE,0.1636,True,True,3,3,ABOVE,5.1198,21.29,BELOW,-0.1784,True,10.0,110.0,True,False,True,True,4,3,True,False,True,,9.578,0.0,5,0.0,0.0,3263500.0,
002931:20260608:6560,002931,FAILED_BREAKOUT,2026-06-10,1.0,0945,-1.0621,-1.1029,-2.1534,3.4118,2.3134,BELOW,-0.214,False,False,1,0,ABOVE,2.3134,68.73,BELOW,-0.5093,True,5.0,10.0,True,True,True,True,1,1,False,False,True,,6.1176,-1.1029,5,,,8780200.0,
002931:20260608:6560,002931,FAILED_BREAKOUT,2026-06-10,1.0,1000,-1.0621,-1.1029,-2.1534,6.3235,5.1942,ABOVE,2.2876,True,False,1,1,ABOVE,5.1942,68.73,ABOVE,2.292,True,5.0,25.0,True,True,True,True,1,2,True,False,True,,6.6176,-1.1029,5,0.4712,0.0,11970612.0,
002931:20260608:6560,002931,FAILED_BREAKOUT,2026-06-10,1.0,1030,-1.0621,-1.1029,-2.1534,7.7647,6.6201,ABOVE,1.7771,True,False,1,1,ABOVE,6.6201,68.73,ABOVE,3.6786,True,5.0,55.0,True,True,True,True,1,2,True,False,True,,10.8824,-1.1029,5,4.0,0.0,20195861.0,
002931:20260608:6560,002931,FAILED_BREAKOUT,2026-06-10,1.0,1130,-1.0621,-1.1029,-2.1534,4.5147,3.4046,BELOW,-1.3952,True,False,2,1,ABOVE,3.4046,68.73,ABOVE,0.5518,True,5.0,115.0,True,True,True,True,1,2,True,False,True,,10.8824,-1.1029,5,0.0,0.0,25051171.0,
003018:20260609:5468,003018,FAILED_BREAKOUT,2026-06-11,1.0,0945,0.3722,0.0,0.3722,7.4726,7.8727,ABOVE,0.8785,False,False,0,0,ABOVE,7.8727,53.73,BELOW,-0.069,True,5.0,10.0,False,True,False,False,0,0,False,False,True,,9.5865,0.0,5,,,8243800.0,
003018:20260609:5468,003018,FAILED_BREAKOUT,2026-06-11,1.0,1000,0.3722,0.0,0.3722,5.0621,5.4532,BELOW,-1.3739,False,False,1,0,ABOVE,5.4532,53.73,BELOW,-2.3103,True,5.0,25.0,True,True,True,True,1,1,False,False,True,,9.5865,0.0,5,0.0,0.0,9743200.0,
003018:20260609:5468,003018,FAILED_BREAKOUT,2026-06-11,1.0,1030,0.3722,0.0,0.3722,5.1363,5.5276,BELOW,-1.0238,False,False,1,0,ABOVE,5.5276,53.73,BELOW,-2.2414,True,5.0,55.0,True,True,True,True,1,1,False,False,True,,9.5865,0.0,5,0.0,0.0,11415400.0,
003018:20260609:5468,003018,FAILED_BREAKOUT,2026-06-11,1.0,1130,0.3722,0.0,0.3722,5.9707,6.3652,BELOW,-0.2782,True,True,3,2,ABOVE,6.3652,53.73,BELOW,-1.4655,True,5.0,115.0,True,True,True,True,1,1,False,False,True,,9.5865,0.0,5,0.0,0.0,13286600.0,
600110:20260609:1181,600110,FAILED_BREAKOUT,2026-06-12,2.0,0945,2.455,-1.7572,0.6547,1.1182,3.6007,BELOW,-0.2792,False,False,1,0,ABOVE,3.6007,12.22,BELOW,-4.0182,False,,,False,False,False,False,0,0,False,False,True,,3.5942,-1.7572,5,,,56345686.0,
600110:20260609:1181,600110,FAILED_BREAKOUT,2026-06-12,2.0,1000,2.455,-1.7572,0.6547,-0.5591,1.8822,BELOW,-1.5567,False,False,1,0,ABOVE,1.8822,12.22,BELOW,-5.6103,False,,,False,False,False,False,0,0,False,False,False,,3.5942,-1.7572,5,0.0,0.0,80297286.0,
600110:20260609:1181,600110,FAILED_BREAKOUT,2026-06-12,2.0,1030,2.455,-1.7572,0.6547,7.3482,9.9836,ABOVE,4.7658,True,False,1,1,ABOVE,9.9836,12.22,ABOVE,1.8954,True,55.0,5.0,False,False,True,False,0,0,False,True,True,False,7.3482,-1.7572,5,3.6237,0.0,149911685.0,
600110:20260609:1181,600110,FAILED_BREAKOUT,2026-06-12,2.0,1130,2.455,-1.7572,0.6547,7.3482,9.9836,ABOVE,4.4465,True,False,1,1,ABOVE,9.9836,12.22,ABOVE,1.8954,True,55.0,65.0,False,False,True,False,0,0,False,True,True,False,7.3482,-1.7572,5,0.0,0.0,160187050.0,
603260:20260609:3933,603260,FAILED_BREAKOUT,2026-06-11,1.0,0945,0.9787,-0.7704,0.2008,1.0686,2.0577,ABOVE,0.2518,True,False,1,1,ABOVE,2.0577,39.85,BELOW,-2.7033,False,,,False,False,False,False,0,0,False,False,True,,2.6342,-0.7704,5,,,6468930.0,
603260:20260609:3933,603260,FAILED_BREAKOUT,2026-06-11,1.0,1000,0.9787,-0.7704,0.2008,0.8698,1.857,ABOVE,0.136,True,True,2,2,ABOVE,1.857,39.85,BELOW,-2.8947,False,,,False,False,False,False,0,0,False,True,True,False,2.6342,-0.7704,5,0.0,0.0,8658938.0,
603260:20260609:3933,603260,FAILED_BREAKOUT,2026-06-11,1.0,1030,0.9787,-0.7704,0.2008,3.4294,4.4417,ABOVE,2.188,True,True,3,3,ABOVE,4.4417,39.85,BELOW,-0.4306,False,,,False,False,False,False,0,0,False,True,True,False,3.8022,-0.7704,5,1.138,0.0,13819697.0,
603260:20260609:3933,603260,FAILED_BREAKOUT,2026-06-11,1.0,1130,0.9787,-0.7704,0.2008,0.1243,1.1041,BELOW,-1.1624,True,True,5,4,ABOVE,1.1041,39.85,BELOW,-3.6124,False,,,False,False,False,False,0,0,False,True,True,False,3.8022,-0.7704,5,0.0,0.0,17680359.0,
002129:20260609:981,002129,FAILED_BREAKOUT,2026-06-12,2.0,0945,2.4679,-0.1927,2.2705,3.9499,6.5153,BELOW,-1.19,False,False,1,0,ABOVE,6.5153,10.13,ABOVE,1.6965,True,5.0,10.0,False,False,True,False,0,0,False,False,True,,7.3218,-0.1927,5,,,183838070.0,
002129:20260609:981,002129,FAILED_BREAKOUT,2026-06-12,2.0,1000,2.4679,-0.1927,2.2705,2.3121,4.8371,BELOW,-2.3539,False,False,1,0,ABOVE,4.8371,10.13,ABOVE,0.0943,True,5.0,25.0,False,False,True,False,0,0,False,False,True,,7.3218,-0.1927,5,0.0,0.0,243236118.0,
002129:20260609:981,002129,FAILED_BREAKOUT,2026-06-12,2.0,1030,2.4679,-0.1927,2.2705,0.0963,2.5666,BELOW,-3.8758,False,False,1,0,ABOVE,2.5666,10.13,BELOW,-2.0735,True,5.0,55.0,True,False,True,True,1,0,False,False,True,,7.3218,-0.1927,5,0.0,0.0,300126377.0,
002129:20260609:981,002129,FAILED_BREAKOUT,2026-06-12,2.0,1130,2.4679,-1.0597,1.382,0.0963,2.5666,BELOW,-3.1808,False,False,1,0,ABOVE,2.5666,10.13,BELOW,-2.0735,True,5.0,115.0,True,False,True,True,1,0,False,True,True,True,7.3218,-1.0597,100,0.0,-0.8687,366725546.0,
000037:20260609:1139,000037,FAILED_BREAKOUT,2026-06-11,1.0,0945,-1.267,0.0,-1.267,5.6829,4.3439,ABOVE,1.9266,True,False,0,1,ABOVE,4.3439,11.05,BELOW,-1.705,True,15.0,0.0,False,True,False,False,0,0,False,False,True,,7.6077,0.0,5,,,13286300.0,
000037:20260609:1139,000037,FAILED_BREAKOUT,2026-06-11,1.0,1000,-1.267,0.0,-1.267,4.583,3.2579,ABOVE,0.5126,True,False,0,1,ABOVE,3.2579,11.05,BELOW,-2.728,True,15.0,15.0,False,True,False,False,0,0,False,False,True,,7.6077,0.0,5,0.0,0.0,18646700.0,
000037:20260609:1139,000037,FAILED_BREAKOUT,2026-06-11,1.0,1030,-1.267,0.0,-1.267,4.9496,3.6199,ABOVE,0.8266,True,True,2,3,ABOVE,3.6199,11.05,BELOW,-2.387,True,15.0,45.0,False,True,False,False,0,0,False,False,True,,7.6077,0.0,5,0.0,0.0,24528000.0,
000037:20260609:1139,000037,FAILED_BREAKOUT,2026-06-11,1.0,1130,-1.267,0.0,-1.267,6.0495,4.7059,ABOVE,1.4046,True,True,2,3,ABOVE,4.7059,11.05,BELOW,-1.364,True,15.0,105.0,False,True,False,False,0,0,False,False,True,,7.6077,0.0,5,0.0,0.0,33228200.0,
600641:20260609:2703,600641,FAILED_BREAKOUT,2026-06-11,1.0,0945,2.0705,-2.0285,0.0,1.6726,3.7777,ABOVE,0.9082,True,False,0,1,ABOVE,3.7777,27.53,BELOW,-1.6862,False,,,False,False,False,False,0,0,False,True,True,False,2.4199,-2.0285,5,,,17894800.0,
600641:20260609:2703,600641,FAILED_BREAKOUT,2026-06-11,1.0,1000,2.0705,-2.0285,0.0,2.2776,4.3952,ABOVE,0.8478,True,False,0,1,ABOVE,4.3952,27.53,BELOW,-1.1012,True,30.0,0.0,False,True,False,False,0,0,False,True,True,False,3.6299,-2.0285,5,1.1814,0.0,30069155.0,
600641:20260609:2703,600641,FAILED_BREAKOUT,2026-06-11,1.0,1030,2.0705,-2.0285,0.0,3.0249,5.158,ABOVE,1.1927,True,False,0,1,ABOVE,5.158,27.53,BELOW,-0.3785,True,30.0,30.0,False,True,False,False,0,0,False,True,True,False,3.6299,-2.0285,5,0.0,0.0,42285277.0,
600641:20260609:2703,600641,FAILED_BREAKOUT,2026-06-11,1.0,1130,2.0705,-2.0285,0.0,7.758,9.9891,ABOVE,3.9685,True,False,0,1,ABOVE,9.9891,27.53,ABOVE,4.1982,True,30.0,90.0,False,True,True,False,0,1,False,True,True,False,7.758,-2.0285,5,3.9835,0.0,71809395.0,
002490:20260608:823,002490,SUCCESS,2026-06-12,2.0,0945,-6.1916,0.0,-6.1916,6.9738,0.3505,ABOVE,3.3841,False,False,0,0,ABOVE,0.3505,8.56,ABOVE,0.0,True,5.0,10.0,False,True,True,False,0,1,False,False,True,,7.2229,0.0,5,,,47243000.0,
002490:20260608:823,002490,SUCCESS,2026-06-12,2.0,1000,-6.1916,0.0,-6.1916,14.944,7.8271,ABOVE,8.8994,False,False,0,0,ABOVE,7.8271,8.56,ABOVE,7.4505,True,5.0,25.0,False,True,True,False,0,1,False,False,True,,14.944,0.0,5,7.2009,0.0,70837400.0,
002490:20260608:823,002490,SUCCESS,2026-06-12,2.0,1030,-6.1916,0.0,-6.1916,8.7173,1.986,ABOVE,2.2423,False,False,0,0,ABOVE,1.986,8.56,ABOVE,1.6298,True,5.0,55.0,False,True,True,False,0,1,False,False,True,,14.944,0.0,5,0.0,0.0,84131600.0,
002490:20260608:823,002490,SUCCESS,2026-06-12,2.0,1130,-6.1916,0.0,-6.1916,8.2192,1.5187,ABOVE,1.6135,False,False,0,0,ABOVE,1.5187,8.56,ABOVE,1.1641,True,5.0,115.0,False,True,True,False,0,1,False,False,True,,14.944,0.0,5,0.0,0.0,93151500.0,
605111:20260609:6199,605111,SUCCESS,2026-06-17,3.0,0945,0.9461,-0.0756,0.8698,5.0189,6.0125,ABOVE,0.8438,False,False,0,0,ABOVE,6.0125,65.53,ABOVE,3.997,True,5.0,10.0,False,False,True,False,0,0,False,False,True,,6.8481,-0.0756,5,,,7133781.0,
605111:20260609:6199,605111,SUCCESS,2026-06-17,3.0,1000,0.9461,-0.0756,0.8698,4.3235,5.3105,BELOW,-0.0509,False,False,1,0,ABOVE,5.3105,65.53,ABOVE,3.3084,True,5.0,25.0,False,False,True,False,0,0,False,False,True,,6.8481,-0.0756,5,0.0,0.0,9091089.0,
605111:20260609:6199,605111,SUCCESS,2026-06-17,3.0,1030,0.9461,-0.0756,0.8698,7.1807,8.1947,ABOVE,2.473,True,True,2,2,ABOVE,8.1947,65.53,ABOVE,6.1377,True,5.0,55.0,False,False,True,False,0,0,False,False,True,,7.2411,-0.0756,5,0.3679,0.0,12052339.0,
605111:20260609:6199,605111,SUCCESS,2026-06-17,3.0,1130,0.9461,-0.0756,0.8698,7.5888,8.6067,ABOVE,2.2466,True,True,2,2,ABOVE,8.6067,65.53,ABOVE,6.5419,True,5.0,115.0,False,False,True,False,0,0,False,False,True,,8.0877,-0.0756,5,0.7894,0.0,17424021.0,
600714:20260605:3290,600714,FAILED_BREAKOUT,2026-06-12,1.0,0945,0.0342,-0.4105,-0.3765,4.4133,4.449,ABOVE,1.0951,False,False,0,0,ABOVE,4.449,29.22,BELOW,-0.9413,True,10.0,5.0,True,False,True,True,1,0,False,False,True,,6.8081,-0.4105,5,,,5606700.0,
600714:20260605:3290,600714,FAILED_BREAKOUT,2026-06-12,1.0,1000,0.0342,-0.7869,-0.7529,0.2737,0.308,BELOW,-2.5071,False,False,1,0,ABOVE,0.308,29.22,BELOW,-4.8685,True,10.0,20.0,True,False,True,True,1,0,False,False,True,,6.8081,-0.7869,30,0.0,-0.3779,8560800.0,
600714:20260605:3290,600714,FAILED_BREAKOUT,2026-06-12,1.0,1030,0.0342,-1.3,-1.2663,-0.65,-0.616,BELOW,-2.5761,False,False,1,0,BELOW,-0.616,29.22,BELOW,-5.7449,True,10.0,50.0,True,False,True,True,1,0,False,True,False,False,6.8081,-1.3,40,0.0,-0.5172,11839200.0,
600714:20260605:3290,600714,FAILED_BREAKOUT,2026-06-12,1.0,1130,0.0342,-2.8053,-2.7721,-2.4632,-2.4298,BELOW,-3.518,False,False,1,0,BELOW,-2.4298,29.22,BELOW,-7.4651,True,10.0,110.0,True,False,True,True,1,0,False,True,False,True,6.8081,-2.8053,90,0.0,-1.5251,15341201.0,
600732:20260610:1207,600732,FAILED_BREAKOUT,2026-06-12,1.0,0945,-0.7177,-1.1245,-1.8341,0.4016,-0.319,BELOW,-0.4007,False,False,1,0,BELOW,-0.319,12.54,BELOW,-5.7315,False,,,False,False,False,False,0,0,False,False,True,,2.8112,-1.1245,5,,,16281004.0,
600732:20260610:1207,600732,FAILED_BREAKOUT,2026-06-12,1.0,1000,-0.7177,-1.1245,-1.8341,1.0442,0.319,ABOVE,0.1483,True,False,1,1,ABOVE,0.319,12.54,BELOW,-5.1282,False,,,False,False,False,False,0,0,False,False,True,,2.8112,-1.1245,5,0.0,0.0,21440644.0,
600732:20260610:1207,600732,FAILED_BREAKOUT,2026-06-12,1.0,1030,-0.7177,-1.1245,-1.8341,2.249,1.5152,ABOVE,1.0572,True,False,1,1,ABOVE,1.5152,12.54,BELOW,-3.997,False,,,False,False,False,False,0,0,False,False,True,,2.8112,-1.1245,5,0.0,0.0,29547564.0,
600732:20260610:1207,600732,FAILED_BREAKOUT,2026-06-12,1.0,1130,-0.7177,-1.1245,-1.8341,3.2129,2.4721,ABOVE,1.4372,True,False,1,1,ABOVE,2.4721,12.54,BELOW,-3.092,False,,,False,False,False,False,0,0,False,False,True,,4.4177,-1.1245,5,1.5625,0.0,42293081.0,
003030:20260610:2342,003030,FAILED_BREAKOUT,2026-06-15,2.0,0945,0.0,-1.5847,-1.5847,2.5021,2.5021,ABOVE,0.3894,False,False,0,0,ABOVE,2.5021,23.98,BELOW,-2.5763,True,10.0,5.0,False,True,False,False,0,0,False,False,True,,5.2961,-1.5847,5,,,1148900.0,
003030:20260610:2342,003030,FAILED_BREAKOUT,2026-06-15,2.0,1000,0.0,-1.5847,-1.5847,3.2527,3.2527,ABOVE,0.9108,False,False,0,0,ABOVE,3.2527,23.98,BELOW,-1.8629,True,10.0,20.0,False,True,False,False,0,0,False,False,True,,5.2961,-1.5847,5,0.0,0.0,1531900.0,
003030:20260610:2342,003030,FAILED_BREAKOUT,2026-06-15,2.0,1030,0.0,-1.5847,-1.5847,4.0033,4.0033,ABOVE,1.2104,False,False,0,0,ABOVE,4.0033,23.98,BELOW,-1.1494,True,10.0,50.0,False,True,False,False,0,0,False,False,True,,5.2961,-1.5847,5,0.0,0.0,2286800.0,
003030:20260610:2342,003030,FAILED_BREAKOUT,2026-06-15,2.0,1130,0.0,-1.5847,-1.5847,1.2927,1.2927,BELOW,-1.2393,False,False,1,0,ABOVE,1.2927,23.98,BELOW,-3.7257,True,10.0,110.0,False,True,False,False,0,0,False,False,True,,5.2961,-1.5847,5,0.0,0.0,3014300.0,
603335:20260609:768,603335,FAILED_BREAKOUT,2026-06-12,1.0,0945,9.9727,0.0,9.9727,0.0,9.9727,BELOW,-0.0,False,False,0,0,ABOVE,9.9727,7.32,ABOVE,3.2051,True,5.0,10.0,False,False,True,False,0,0,False,False,True,,0.0,0.0,5,,,3640363.0,
603335:20260609:768,603335,FAILED_BREAKOUT,2026-06-12,1.0,1000,9.9727,0.0,9.9727,0.0,9.9727,BELOW,-0.0,False,False,0,0,ABOVE,9.9727,7.32,ABOVE,3.2051,True,5.0,25.0,False,False,True,False,0,0,False,False,True,,0.0,0.0,5,0.0,0.0,4065163.0,
603335:20260609:768,603335,FAILED_BREAKOUT,2026-06-12,1.0,1030,9.9727,0.0,9.9727,0.0,9.9727,BELOW,-0.0,False,False,0,0,ABOVE,9.9727,7.32,ABOVE,3.2051,True,5.0,55.0,False,False,True,False,0,0,False,False,True,,0.0,0.0,5,0.0,0.0,4563988.0,
603335:20260609:768,603335,FAILED_BREAKOUT,2026-06-12,1.0,1130,9.9727,0.0,9.9727,0.0,9.9727,BELOW,-0.0,False,False,0,0,ABOVE,9.9727,7.32,ABOVE,3.2051,True,5.0,115.0,False,False,True,False,0,0,False,False,True,,0.0,0.0,5,0.0,0.0,4905188.0,
002583:20260609:939,002583,FAILED_BREAKOUT,2026-06-12,1.0,0945,0.0,-1.4009,-1.4009,0.3233,0.3233,ABOVE,0.2069,False,False,0,0,ABOVE,0.3233,9.28,BELOW,-5.0968,False,,,False,False,False,False,0,0,False,False,True,,1.4009,-1.4009,5,,,11433419.0,
002583:20260609:939,002583,FAILED_BREAKOUT,2026-06-12,1.0,1000,0.0,-1.4009,-1.4009,0.9698,0.9698,ABOVE,0.4942,False,False,0,0,ABOVE,0.9698,9.28,BELOW,-4.4852,False,,,False,False,False,False,0,0,False,False,True,,1.9397,-1.4009,5,0.5313,0.0,18827495.0,
002583:20260609:939,002583,FAILED_BREAKOUT,2026-06-12,1.0,1030,0.0,-1.4009,-1.4009,0.7543,0.7543,ABOVE,0.1766,True,False,1,1,ABOVE,0.7543,9.28,BELOW,-4.6891,False,,,False,False,False,False,0,0,False,False,True,,1.9397,-1.4009,5,0.0,0.0,24366395.0,
002583:20260609:939,002583,FAILED_BREAKOUT,2026-06-12,1.0,1130,0.0,-1.4009,-1.4009,5.7112,5.7112,ABOVE,2.7059,True,True,2,2,ABOVE,5.7112,9.28,ABOVE,0.0,True,95.0,25.0,False,False,True,False,0,0,False,False,True,,9.6983,-1.4009,5,7.611,0.0,54413460.0,
002837:20260609:6972,002837,SUCCESS,2026-06-16,3.0,0945,0.0425,-0.2126,-0.1701,2.3951,2.4387,ABOVE,1.352,False,False,0,0,ABOVE,2.4387,70.53,BELOW,-0.6053,False,,,False,False,False,False,0,0,False,False,True,,2.4376,-0.2126,5,,,9996616.0,
002837:20260609:6972,002837,SUCCESS,2026-06-16,3.0,1000,0.0425,-0.2126,-0.1701,3.1604,3.2043,ABOVE,1.2292,False,False,0,0,ABOVE,3.2043,70.53,ABOVE,0.1376,True,20.0,10.0,False,True,True,False,0,1,False,False,True,,3.6281,-0.2126,5,1.1621,0.0,18791829.0,
002837:20260609:6972,002837,SUCCESS,2026-06-16,3.0,1030,0.0425,-0.2126,-0.1701,5.5556,5.6005,ABOVE,2.3145,False,False,0,0,ABOVE,5.6005,70.53,ABOVE,2.4625,True,20.0,40.0,False,True,True,False,0,1,False,False,True,,6.2217,-0.2126,5,2.5027,0.0,34104317.0,
002837:20260609:6972,002837,SUCCESS,2026-06-16,3.0,1130,0.0425,-0.2126,-0.1701,5.7398,5.7848,ABOVE,1.8326,False,False,0,0,ABOVE,5.7848,70.53,ABOVE,2.6414,True,20.0,100.0,False,True,True,False,0,1,False,False,True,,6.4909,-0.2126,5,0.2535,0.0,48491503.0,
002378:20260611:3363,002378,FAILED_BREAKOUT,2026-06-16,2.0,0945,-2.8877,-0.8535,-3.7166,7.2412,4.1444,ABOVE,2.9291,False,False,0,0,ABOVE,4.1444,37.4,ABOVE,2.4461,True,10.0,5.0,False,False,True,False,0,0,False,False,True,,7.9295,-0.8535,5,,,49483045.0,
002378:20260611:3363,002378,FAILED_BREAKOUT,2026-06-16,2.0,1000,-2.8877,-0.8535,-3.7166,8.1222,5.0,ABOVE,2.6931,False,False,0,0,ABOVE,5.0,37.4,ABOVE,3.2877,True,10.0,20.0,False,False,True,False,0,0,False,False,True,,9.8018,-0.8535,5,1.7347,0.0,68884033.0,
002378:20260611:3363,002378,FAILED_BREAKOUT,2026-06-16,2.0,1030,-2.8877,-0.8535,-3.7166,5.8921,2.8342,ABOVE,0.3603,False,False,0,0,ABOVE,2.8342,37.4,ABOVE,1.1573,True,10.0,50.0,False,False,True,False,0,0,False,False,True,,9.8018,-0.8535,5,0.0,0.0,89351069.0,
002378:20260611:3363,002378,FAILED_BREAKOUT,2026-06-16,2.0,1130,-2.8877,-0.8535,-3.7166,6.8833,3.7968,ABOVE,1.2867,True,True,3,3,ABOVE,3.7968,37.4,ABOVE,2.1042,True,10.0,110.0,True,False,True,True,1,1,True,False,True,,9.8018,-0.8535,5,0.0,0.0,107491322.0,
002842:20260611:3934,002842,FAILED_BREAKOUT,2026-06-17,2.0,0945,3.6389,-4.2667,-0.783,-3.8444,-0.3455,BELOW,-1.4787,True,False,1,1,BELOW,-0.3455,43.42,BELOW,-4.4812,True,5.0,10.0,False,True,False,False,0,0,False,False,False,,1.0889,-4.2667,5,,,21728200.0,
002842:20260611:3934,002842,FAILED_BREAKOUT,2026-06-17,2.0,1000,3.6389,-4.2667,-0.783,-3.4,0.1152,BELOW,-0.8313,True,False,1,1,ABOVE,0.1152,43.42,BELOW,-4.0397,True,5.0,25.0,False,True,False,False,0,0,False,False,False,,1.0889,-4.2667,5,0.0,0.0,28188460.0,
002842:20260611:3934,002842,FAILED_BREAKOUT,2026-06-17,2.0,1030,3.6389,-4.2667,-0.783,-1.4,2.1879,ABOVE,1.1541,True,True,2,3,ABOVE,2.1879,43.42,BELOW,-2.053,True,5.0,55.0,False,True,False,False,0,0,False,False,False,,1.0889,-4.2667,5,0.0,0.0,38493160.0,
002842:20260611:3934,002842,FAILED_BREAKOUT,2026-06-17,2.0,1130,3.6389,-4.2667,-0.783,-2.6667,0.8752,BELOW,-0.3343,True,True,3,3,ABOVE,0.8752,43.42,BELOW,-3.3113,True,5.0,115.0,False,True,False,False,0,0,False,False,False,,1.0889,-4.2667,5,0.0,0.0,49004772.0,
002428:20260611:8824,002428,FAILED_BREAKOUT,2026-06-15,1.0,0945,2.9699,-2.1053,0.8021,2.2105,5.246,ABOVE,1.764,True,False,0,1,ABOVE,5.246,92.26,ABOVE,1.6222,True,5.0,10.0,False,True,True,False,0,1,False,True,True,False,2.6947,-2.1053,10,,,37006136.0,
002428:20260611:8824,002428,FAILED_BREAKOUT,2026-06-15,1.0,1000,2.9699,-2.1053,0.8021,1.9263,4.9534,ABOVE,0.803,True,False,0,1,ABOVE,4.9534,92.26,ABOVE,1.3396,True,5.0,25.0,False,True,True,False,0,1,False,True,True,False,3.8737,-2.1053,10,1.148,0.0,50512246.0,
002428:20260611:8824,002428,FAILED_BREAKOUT,2026-06-15,1.0,1030,2.9699,-2.1053,0.8021,4.5895,7.6956,ABOVE,2.9551,True,False,0,1,ABOVE,7.6956,92.26,ABOVE,3.9874,True,5.0,55.0,False,True,True,False,0,1,False,True,True,False,4.6105,-2.1053,10,0.7094,0.0,64444329.0,
002428:20260611:8824,002428,FAILED_BREAKOUT,2026-06-15,1.0,1130,2.9699,-2.1053,0.8021,3.4842,6.5576,ABOVE,1.4489,True,False,0,1,ABOVE,6.5576,92.26,ABOVE,2.8885,True,5.0,115.0,False,True,True,False,0,1,False,True,True,False,5.2105,-2.1053,10,0.5736,0.0,77203892.0,
603315:20260611:1650,603315,FAILED_BREAKOUT,2026-06-16,2.0,0945,1.5961,-1.9335,-0.3683,-0.4834,1.105,ABOVE,0.1917,True,False,1,1,ABOVE,1.105,16.29,BELOW,-5.2359,False,,,False,False,False,False,0,0,False,False,False,,0.423,-1.9335,5,,,2719300.0,
603315:20260611:1650,603315,FAILED_BREAKOUT,2026-06-16,2.0,1000,1.5961,-1.9335,-0.3683,1.8731,3.4991,ABOVE,1.7871,True,False,1,1,ABOVE,3.4991,16.29,BELOW,-2.9919,False,,,False,False,False,False,0,0,False,True,True,False,2.1752,-1.9335,5,1.7449,0.0,5624200.0,
603315:20260611:1650,603315,FAILED_BREAKOUT,2026-06-16,2.0,1030,1.5961,-1.9335,-0.3683,3.5045,5.1565,ABOVE,2.7449,True,False,1,1,ABOVE,5.1565,16.29,BELOW,-1.4384,False,,,False,False,False,False,0,0,False,True,True,False,3.565,-1.9335,5,1.3601,0.0,8881800.0,
603315:20260611:1650,603315,FAILED_BREAKOUT,2026-06-16,2.0,1130,1.5961,-1.9335,-0.3683,3.8066,5.4635,ABOVE,1.9681,True,False,1,1,ABOVE,5.4635,16.29,BELOW,-1.1507,True,100.0,20.0,False,True,False,False,0,0,False,True,True,False,5.7402,-1.9335,5,2.1004,0.0,13359000.0,
000815:20260610:1687,000815,FAILED_BREAKOUT,2026-06-16,1.0,0945,0.3123,-2.2416,-1.9363,-0.1868,0.1249,ABOVE,0.9352,True,False,0,1,ABOVE,0.1249,16.01,BELOW,-2.6124,False,,,False,False,False,False,0,0,False,False,False,,0.0623,-2.2416,10,,,8926600.0,
000815:20260610:1687,000815,FAILED_BREAKOUT,2026-06-16,1.0,1000,0.3123,-2.2416,-1.9363,0.6849,0.9994,ABOVE,1.3599,True,False,0,1,ABOVE,0.9994,16.01,BELOW,-1.7618,False,,,False,False,False,False,0,0,False,True,True,False,0.8095,-2.2416,10,0.7467,0.0,14820403.0,
000815:20260610:1687,000815,FAILED_BREAKOUT,2026-06-16,1.0,1030,0.3123,-2.2416,-1.9363,1.6189,1.9363,ABOVE,1.5997,True,False,0,1,ABOVE,1.9363,16.01,BELOW,-0.8505,False,,,False,False,False,False,0,0,False,True,True,False,1.8057,-2.2416,10,0.9883,0.0,24481604.0,
000815:20260610:1687,000815,FAILED_BREAKOUT,2026-06-16,1.0,1130,0.3123,-2.2416,-1.9363,2.2416,2.5609,ABOVE,1.6492,True,False,0,1,ABOVE,2.5609,16.01,BELOW,-0.243,True,115.0,5.0,False,True,False,False,0,0,False,True,True,False,2.6152,-2.2416,10,0.7951,0.0,35232219.0,
001360:20260612:1874,001360,FAILED_BREAKOUT,2026-06-16,1.0,0945,0.3996,-1.2438,-0.8492,0.0995,0.4995,ABOVE,0.1925,True,False,1,1,ABOVE,0.4995,20.02,BELOW,-5.8052,False,,,False,False,False,False,0,0,False,True,True,False,1.0945,-1.2438,5,,,1399654.0,
001360:20260612:1874,001360,FAILED_BREAKOUT,2026-06-16,1.0,1000,0.3996,-1.2438,-0.8492,0.6468,1.049,ABOVE,0.5574,True,False,1,1,ABOVE,1.049,20.02,BELOW,-5.2903,False,,,False,False,False,False,0,0,False,True,True,False,1.194,-1.2438,5,0.0984,0.0,1950254.0,
001360:20260612:1874,001360,FAILED_BREAKOUT,2026-06-16,1.0,1030,0.3996,-1.2438,-0.8492,5.6716,6.0939,ABOVE,4.0395,True,False,1,1,ABOVE,6.0939,20.02,BELOW,-0.5618,True,60.0,0.0,False,True,False,False,0,0,False,True,True,False,6.4677,-1.2438,5,5.2114,0.0,3501864.0,
001360:20260612:1874,001360,FAILED_BREAKOUT,2026-06-16,1.0,1130,0.3996,-1.2438,-0.8492,5.0249,5.4446,ABOVE,2.5335,True,False,1,1,ABOVE,5.4446,20.02,BELOW,-1.1704,True,60.0,60.0,False,True,False,False,0,0,False,True,True,False,6.4677,-1.2438,5,0.0,0.0,4812664.0,
002997:20260612:2938,002997,FAILED_BREAKOUT,2026-06-17,2.0,0945,0.9539,-2.0854,-1.1513,-1.8573,-0.9211,BELOW,-0.404,False,False,0,0,BELOW,-0.9211,30.4,BELOW,-2.1124,False,,,False,False,False,False,0,0,False,False,False,,0.0,-2.0854,10,,,496500.0,
002997:20260612:2938,002997,FAILED_BREAKOUT,2026-06-17,2.0,1000,0.9539,-2.0854,-1.1513,-1.5966,-0.6579,BELOW,-0.6237,True,False,1,1,BELOW,-0.6579,30.4,BELOW,-1.8525,True,20.0,10.0,True,False,True,True,1,0,False,True,False,False,0.4562,-2.0854,10,0.4562,0.0,1232900.0,
002997:20260612:2938,002997,FAILED_BREAKOUT,2026-06-17,2.0,1030,0.9539,-2.0854,-1.1513,0.4888,1.4474,ABOVE,1.2633,True,True,1,2,ABOVE,1.4474,30.4,ABOVE,0.2275,True,20.0,40.0,True,False,True,True,1,1,True,True,True,False,0.5865,-2.0854,10,0.1297,0.0,1989100.0,
002997:20260612:2938,002997,FAILED_BREAKOUT,2026-06-17,2.0,1130,0.9539,-2.0854,-1.1513,-0.9449,0.0,BELOW,-0.4999,True,True,2,2,ABOVE,0.0,30.4,BELOW,-1.2025,True,20.0,100.0,True,False,True,True,3,2,True,True,False,False,0.7494,-2.0854,10,0.162,0.0,3595940.0,
600667:20260611:1751,600667,SUCCESS,2026-06-17,2.0,0945,-2.5014,-0.057,-2.557,1.7104,-0.8338,ABOVE,0.6977,False,False,0,0,BELOW,-0.8338,17.99,BELOW,-5.4083,False,,,False,False,False,False,0,0,False,False,True,,2.6226,-0.057,5,,,53447434.0,
600667:20260611:1751,600667,SUCCESS,2026-06-17,2.0,1000,-2.5014,-0.057,-2.557,2.5086,-0.0556,ABOVE,0.8416,False,False,0,0,BELOW,-0.0556,17.99,BELOW,-4.666,False,,,False,False,False,False,0,0,False,False,True,,3.4208,-0.057,5,0.7778,0.0,85876497.0,
600667:20260611:1751,600667,SUCCESS,2026-06-17,2.0,1030,-2.5014,-0.057,-2.557,2.9647,0.3891,ABOVE,0.6161,False,False,0,0,ABOVE,0.3891,17.99,BELOW,-4.2418,False,,,False,False,False,False,0,0,False,False,True,,4.561,-0.057,5,1.1025,0.0,136613810.0,
600667:20260611:1751,600667,SUCCESS,2026-06-17,2.0,1130,-2.5014,-0.057,-2.557,4.39,1.7788,ABOVE,1.5518,False,False,0,0,ABOVE,1.7788,17.99,BELOW,-2.9162,False,,,False,False,False,False,0,0,False,False,True,,5.6442,-0.057,5,1.036,0.0,198796329.0,
002965:20260611:3854,002965,SUCCESS,2026-06-16,1.0,0945,-0.0741,-0.5935,-0.6672,5.5638,5.4855,ABOVE,0.867,False,False,0,0,ABOVE,5.4855,40.47,ABOVE,1.6671,True,5.0,10.0,False,False,True,False,0,0,False,False,True,,6.8249,-0.5935,5,,,6861303.0,
002965:20260611:3854,002965,SUCCESS,2026-06-16,1.0,1000,-0.0741,-0.5935,-0.6672,7.4431,7.3635,ABOVE,2.1726,False,False,0,0,ABOVE,7.3635,40.47,ABOVE,3.477,True,5.0,25.0,False,False,True,False,0,0,False,False,True,,7.542,-0.5935,5,0.6713,0.0,10061473.0,
002965:20260611:3854,002965,SUCCESS,2026-06-16,1.0,1030,-0.0741,-0.5935,-0.6672,6.182,6.1033,ABOVE,0.7733,False,False,0,0,ABOVE,6.1033,40.47,ABOVE,2.2624,True,5.0,55.0,False,False,True,False,0,0,False,False,True,,7.542,-0.5935,5,0.0,0.0,12120434.0,
002965:20260611:3854,002965,SUCCESS,2026-06-16,1.0,1130,-0.0741,-0.5935,-0.6672,5.4402,5.362,ABOVE,0.0486,True,True,2,2,ABOVE,5.362,40.47,ABOVE,1.548,True,5.0,115.0,False,False,True,False,0,0,False,False,True,,7.542,-0.5935,5,0.0,0.0,14630224.0,
000969:20260612:2446,000969,FAILED_BREAKOUT,2026-06-22,3.0,0945,4.0162,-1.5211,2.4341,2.6131,6.7343,ABOVE,1.6092,False,False,0,0,ABOVE,6.7343,24.65,ABOVE,0.535,True,10.0,5.0,False,False,True,False,0,0,False,False,True,,2.9641,-1.5211,5,,,22407958.0,
000969:20260612:2446,000969,FAILED_BREAKOUT,2026-06-22,3.0,1000,4.0162,-1.5211,2.4341,1.131,5.1927,BELOW,-0.0692,False,False,1,0,ABOVE,5.1927,24.65,BELOW,-0.9171,True,10.0,20.0,True,False,True,True,1,0,False,False,True,,2.9641,-1.5211,5,0.0,0.0,30685911.0,
000969:20260612:2446,000969,FAILED_BREAKOUT,2026-06-22,3.0,1030,4.0162,-1.5211,2.4341,-0.897,3.0832,BELOW,-1.6567,False,False,1,0,ABOVE,3.0832,24.65,BELOW,-2.9041,True,10.0,50.0,True,False,True,True,1,0,False,False,False,,2.9641,-1.5211,5,0.0,0.0,45534361.0,
000969:20260612:2446,000969,FAILED_BREAKOUT,2026-06-22,3.0,1130,4.0162,-1.5991,2.3529,-0.195,3.8134,BELOW,-0.6723,False,False,1,0,ABOVE,3.8134,24.65,BELOW,-2.2163,True,10.0,110.0,True,False,True,True,1,0,False,True,False,True,2.9641,-1.5991,90,0.0,-0.0792,56872429.0,
603519:20260612:1364,603519,FAILED_BREAKOUT,2026-06-17,2.0,0945,-0.4267,-0.7143,-1.138,2.5714,2.1337,ABOVE,0.6737,False,False,0,0,ABOVE,2.1337,14.06,BELOW,-3.2345,False,,,False,False,False,False,0,0,False,False,True,,3.2143,-0.7143,5,,,2219344.0,
603519:20260612:1364,603519,FAILED_BREAKOUT,2026-06-17,2.0,1000,-0.4267,-0.7143,-1.138,2.0714,1.6358,ABOVE,0.1129,False,False,0,0,ABOVE,1.6358,14.06,BELOW,-3.7062,False,,,False,False,False,False,0,0,False,False,True,,3.2143,-0.7143,5,0.0,0.0,2944844.0,
603519:20260612:1364,603519,FAILED_BREAKOUT,2026-06-17,2.0,1030,-0.4267,-0.7143,-1.138,3.7143,3.2717,ABOVE,1.2903,False,False,0,0,ABOVE,3.2717,14.06,BELOW,-2.1563,False,,,False,False,False,False,0,0,False,False,True,,4.1429,-0.7143,5,0.8997,0.0,4648044.0,
603519:20260612:1364,603519,FAILED_BREAKOUT,2026-06-17,2.0,1130,-0.4267,-0.7143,-1.138,6.4286,5.9744,ABOVE,2.2768,False,False,0,0,ABOVE,5.9744,14.06,ABOVE,0.4043,True,80.0,40.0,False,False,True,False,0,0,False,False,True,,7.8571,-0.7143,5,3.5665,0.0,8396660.0,
603318:20260611:985,603318,SUCCESS,2026-06-16,1.0,0945,0.0,-2.9647,-2.9647,0.4561,0.4561,ABOVE,1.11,False,False,0,0,ABOVE,0.4561,8.77,BELOW,-7.0675,False,,,False,False,False,False,0,0,False,True,True,False,1.0262,-2.9647,5,,,9927811.0,
603318:20260611:985,603318,SUCCESS,2026-06-16,1.0,1000,0.0,-2.9647,-2.9647,0.4561,0.4561,ABOVE,0.8421,False,False,0,0,ABOVE,0.4561,8.77,BELOW,-7.0675,False,,,False,False,False,False,0,0,False,True,True,False,1.0262,-2.9647,5,0.0,0.0,13228764.0,
603318:20260611:985,603318,SUCCESS,2026-06-16,1.0,1030,0.0,-2.9647,-2.9647,10.0342,10.0342,ABOVE,5.9929,False,False,0,0,ABOVE,10.0342,8.77,ABOVE,1.7932,True,60.0,0.0,False,False,True,False,0,0,False,True,True,False,10.0342,-2.9647,5,8.9165,0.0,40225726.0,
603318:20260611:985,603318,SUCCESS,2026-06-16,1.0,1130,0.0,-2.9647,-2.9647,10.0342,10.0342,ABOVE,4.1872,False,False,0,0,ABOVE,10.0342,8.77,ABOVE,1.7932,True,60.0,60.0,False,False,True,False,0,0,False,True,True,False,10.0342,-2.9647,5,0.0,0.0,58654791.0,
002927:20260612:2017,002927,FAILED_BREAKOUT,2026-06-18,3.0,0945,-0.9166,-1.0176,-1.9248,0.37,-0.55,ABOVE,0.0372,True,False,0,1,BELOW,-0.55,21.82,BELOW,-6.0199,False,,,False,False,False,False,0,0,False,False,True,,1.6651,-1.0176,10,,,2987300.0,
002927:20260612:2017,002927,FAILED_BREAKOUT,2026-06-18,3.0,1000,-0.9166,-1.0176,-1.9248,6.0592,5.0871,ABOVE,3.5407,True,False,0,1,ABOVE,5.0871,21.82,BELOW,-0.6929,True,30.0,0.0,False,True,False,False,0,0,False,False,True,,7.308,-1.0176,10,5.5505,0.0,7769900.0,
002927:20260612:2017,002927,FAILED_BREAKOUT,2026-06-18,3.0,1030,-0.9166,-1.0176,-1.9248,5.7817,4.8121,ABOVE,1.6555,True,False,0,1,ABOVE,4.8121,21.82,BELOW,-0.9528,True,30.0,30.0,True,True,True,True,1,1,False,False,True,,8.4644,-1.0176,10,1.0776,0.0,12783600.0,
002927:20260612:2017,002927,FAILED_BREAKOUT,2026-06-18,3.0,1130,-0.9166,-1.0176,-1.9248,4.9954,4.033,ABOVE,0.7173,True,False,0,1,ABOVE,4.033,21.82,BELOW,-1.689,True,30.0,90.0,True,True,True,True,1,1,False,False,True,,8.4644,-1.0176,10,0.0,0.0,15229000.0,
600601:20260612:1289,600601,FAILED_BREAKOUT,2026-06-16,1.0,0945,0.0,-1.2639,-1.2639,0.9665,0.9665,BELOW,-0.2055,False,False,1,0,ABOVE,0.9665,13.45,BELOW,-4.7686,False,,,False,False,False,False,0,0,False,False,True,,2.6022,-1.2639,5,,,56664562.0,
600601:20260612:1289,600601,FAILED_BREAKOUT,2026-06-16,1.0,1000,0.0,-1.2639,-1.2639,0.223,0.223,BELOW,-0.7806,True,False,2,1,ABOVE,0.223,13.45,BELOW,-5.4698,False,,,False,False,False,False,0,0,False,False,True,,2.6022,-1.2639,5,0.0,0.0,82474208.0,
600601:20260612:1289,600601,FAILED_BREAKOUT,2026-06-16,1.0,1030,0.0,-1.2639,-1.2639,1.1896,1.1896,ABOVE,0.3522,True,True,3,3,ABOVE,1.1896,13.45,BELOW,-4.5582,False,,,False,False,False,False,0,0,False,True,True,False,2.6022,-1.2639,5,0.0,0.0,114409861.0,
600601:20260612:1289,600601,FAILED_BREAKOUT,2026-06-16,1.0,1130,0.0,-1.2639,-1.2639,6.0967,6.0967,ABOVE,3.4763,True,True,3,3,ABOVE,6.0967,13.45,ABOVE,0.0701,True,100.0,20.0,False,True,True,False,0,1,False,True,True,False,7.0632,-1.2639,5,4.3478,0.0,215950673.0,
603936:20260611:2372,603936,SUCCESS,2026-06-17,2.0,0945,-2.4438,0.0,-2.4438,6.7475,4.1387,ABOVE,1.4349,False,False,0,0,ABOVE,4.1387,25.37,ABOVE,2.6817,True,5.0,10.0,False,False,True,False,0,0,False,False,True,,7.8788,0.0,5,,,14338125.0,
603936:20260611:2372,603936,SUCCESS,2026-06-17,2.0,1000,-2.4438,0.0,-2.4438,5.8182,3.2322,ABOVE,0.4484,True,False,1,1,ABOVE,3.2322,25.37,ABOVE,1.7878,True,5.0,25.0,False,False,True,False,0,0,False,False,True,,7.8788,0.0,5,0.0,0.0,19585605.0,
603936:20260611:2372,603936,SUCCESS,2026-06-17,2.0,1030,-2.4438,0.0,-2.4438,8.2828,5.6366,ABOVE,2.0172,True,False,1,1,ABOVE,5.6366,25.37,ABOVE,4.1586,True,5.0,55.0,False,False,True,False,0,0,False,False,True,,8.8889,0.0,5,0.9363,0.0,30263850.0,
603936:20260611:2372,603936,SUCCESS,2026-06-17,2.0,1130,-2.4438,0.0,-2.4438,6.3838,3.784,BELOW,-0.4082,True,False,2,1,ABOVE,3.784,25.37,ABOVE,2.3319,True,5.0,115.0,False,False,True,False,0,0,False,False,True,,11.0707,0.0,5,2.0037,0.0,44401102.0,
002208:20260610:1674,002208,SUCCESS,2026-06-17,2.0,0945,-0.9604,-1.5152,-2.461,0.4848,-0.4802,ABOVE,1.3446,True,False,0,1,BELOW,-0.4802,16.66,BELOW,-5.6883,False,,,False,False,False,False,0,0,False,True,True,False,0.4848,-1.5152,5,,,10523700.0,
002208:20260610:1674,002208,SUCCESS,2026-06-17,2.0,1000,-0.9604,-1.5152,-2.461,0.8485,-0.12,ABOVE,0.9427,True,False,0,1,BELOW,-0.12,16.66,BELOW,-5.347,False,,,False,False,False,False,0,0,False,True,True,False,2.0,-1.5152,5,1.5078,0.0,17273500.0,
002208:20260610:1674,002208,SUCCESS,2026-06-17,2.0,1030,-0.9604,-1.5152,-2.461,1.5758,0.6002,ABOVE,1.207,True,False,0,1,ABOVE,0.6002,16.66,BELOW,-4.6644,False,,,False,False,False,False,0,0,False,True,True,False,2.1212,-1.5152,5,0.1188,0.0,24565200.0,
002208:20260610:1674,002208,SUCCESS,2026-06-17,2.0,1130,-0.9604,-1.5152,-2.461,1.8788,0.9004,ABOVE,0.9765,True,False,0,1,ABOVE,0.9004,16.66,BELOW,-4.38,False,,,False,False,False,False,0,0,False,True,True,False,2.9091,-1.5152,5,0.7715,0.0,37518600.0,
600497:20260612:928,600497,FAILED_BREAKOUT,2026-06-22,3.0,0945,4.1829,-1.4939,2.6265,5.6022,10.0195,ABOVE,2.0841,False,False,0,0,ABOVE,10.0195,10.28,ABOVE,5.5037,True,5.0,10.0,False,False,True,False,0,0,False,False,True,,5.6022,-1.4939,5,,,168918821.0,
600497:20260612:928,600497,FAILED_BREAKOUT,2026-06-22,3.0,1000,4.1829,-1.4939,2.6265,5.6022,10.0195,ABOVE,1.9502,False,False,0,0,ABOVE,10.0195,10.28,ABOVE,5.5037,True,5.0,25.0,False,False,True,False,0,0,False,False,True,,5.6022,-1.4939,5,0.0,0.0,180280619.0,
600497:20260612:928,600497,FAILED_BREAKOUT,2026-06-22,3.0,1030,4.1829,-1.4939,2.6265,5.6022,10.0195,ABOVE,1.8491,False,False,0,0,ABOVE,10.0195,10.28,ABOVE,5.5037,True,5.0,55.0,False,False,True,False,0,0,False,False,True,,5.6022,-1.4939,5,0.0,0.0,189948733.0,
600497:20260612:928,600497,FAILED_BREAKOUT,2026-06-22,3.0,1130,4.1829,-1.4939,2.6265,5.6022,10.0195,ABOVE,1.3999,False,False,0,0,ABOVE,10.0195,10.28,ABOVE,5.5037,True,5.0,115.0,False,False,True,False,0,0,False,False,True,,5.6022,-1.4939,5,0.0,0.0,251674390.0,
002745:20260615:1025,002745,SUCCESS,2026-06-17,1.0,0945,-0.3763,-0.8499,-1.223,2.1719,1.7874,BELOW,-0.0469,False,False,1,0,ABOVE,1.7874,10.63,BELOW,-3.3929,False,,,False,False,False,False,0,0,False,False,True,,3.7771,-0.8499,5,,,27320204.0,
002745:20260615:1025,002745,SUCCESS,2026-06-17,1.0,1000,-0.3763,-0.8499,-1.223,2.9273,2.54,ABOVE,0.628,True,False,1,1,ABOVE,2.54,10.63,BELOW,-2.6786,False,,,False,False,False,False,0,0,False,False,True,,3.7771,-0.8499,5,0.0,0.0,36107736.0,
002745:20260615:1025,002745,SUCCESS,2026-06-17,1.0,1030,-0.3763,-0.8499,-1.223,3.3994,3.0103,ABOVE,0.8616,True,False,1,1,ABOVE,3.0103,10.63,BELOW,-2.2321,False,,,False,False,False,False,0,0,False,False,True,,3.966,-0.8499,5,0.182,0.0,49424836.0,
002745:20260615:1025,002745,SUCCESS,2026-06-17,1.0,1130,-0.3763,-0.8499,-1.223,3.966,3.5748,ABOVE,0.9293,True,False,1,1,ABOVE,3.5748,10.63,BELOW,-1.6964,False,,,False,False,False,False,0,0,False,False,True,,5.288,-0.8499,5,1.2716,0.0,71509336.0,
000070:20260615:1881,000070,SUCCESS,2026-06-17,1.0,0945,-2.5141,0.0,-2.5141,0.8421,-1.6932,BELOW,-0.0701,True,False,1,1,BELOW,-1.6932,19.49,BELOW,-5.9863,False,,,False,False,False,False,0,0,False,False,True,,2.2105,0.0,5,,,16299391.0,
000070:20260615:1881,000070,SUCCESS,2026-06-17,1.0,1000,-2.5141,0.0,-2.5141,2.0526,-0.5131,ABOVE,0.805,True,True,1,2,BELOW,-0.5131,19.49,BELOW,-4.8577,False,,,False,False,False,False,0,0,False,False,True,,2.5789,0.0,5,0.3605,0.0,25189231.0,
000070:20260615:1881,000070,SUCCESS,2026-06-17,1.0,1030,-2.5141,0.0,-2.5141,2.3158,-0.2565,ABOVE,0.4513,True,True,1,2,BELOW,-0.2565,19.49,BELOW,-4.6124,False,,,False,False,False,False,0,0,False,False,True,,3.7895,0.0,5,1.1801,0.0,41976631.0,
000070:20260615:1881,000070,SUCCESS,2026-06-17,1.0,1130,-2.5141,0.0,-2.5141,5.6316,2.9759,ABOVE,2.1491,True,True,1,2,ABOVE,2.9759,19.49,BELOW,-1.5211,False,,,False,False,False,False,0,0,False,False,True,,7.1579,0.0,5,3.2454,0.0,80960771.0,
002174:20260615:1109,002174,FAILED_BREAKOUT,2026-06-22,3.0,0945,0.0,-0.8606,-0.8606,2.2375,2.2375,ABOVE,0.537,False,False,0,0,ABOVE,2.2375,11.62,BELOW,-3.0204,False,,,False,False,False,False,0,0,False,False,True,,3.2702,-0.8606,5,,,12095998.0,
002174:20260615:1109,002174,FAILED_BREAKOUT,2026-06-22,3.0,1000,0.0,-0.8606,-0.8606,1.2048,1.2048,BELOW,-0.492,False,False,1,0,ABOVE,1.2048,11.62,BELOW,-4.0,False,,,False,False,False,False,0,0,False,False,True,,3.2702,-0.8606,5,0.0,0.0,15925598.0,
002174:20260615:1109,002174,FAILED_BREAKOUT,2026-06-22,3.0,1030,0.0,-0.8606,-0.8606,0.5164,0.5164,BELOW,-0.873,False,False,1,0,ABOVE,0.5164,11.62,BELOW,-4.6531,False,,,False,False,False,False,0,0,False,False,True,,3.2702,-0.8606,5,0.0,0.0,21918398.0,
002174:20260615:1109,002174,FAILED_BREAKOUT,2026-06-22,3.0,1130,0.0,-0.8606,-0.8606,0.0,0.0,BELOW,-1.1345,False,False,1,0,ABOVE,0.0,11.62,BELOW,-5.1429,False,,,False,False,False,False,0,0,False,True,True,False,3.2702,-0.8606,5,0.0,0.0,26502498.0,
000593:20260615:2267,000593,FAILED_BREAKOUT,2026-06-18,2.0,0945,-0.9145,-0.8828,-1.7893,3.1701,2.2266,ABOVE,1.0542,False,False,0,0,ABOVE,2.2266,25.15,ABOVE,0.2339,True,10.0,5.0,False,False,True,False,0,0,False,False,True,,5.5377,-0.8828,5,,,5969121.0,
000593:20260615:2267,000593,FAILED_BREAKOUT,2026-06-18,2.0,1000,-0.9145,-0.8828,-1.7893,2.809,1.8688,ABOVE,0.4673,False,False,0,0,ABOVE,1.8688,25.15,BELOW,-0.117,True,10.0,20.0,True,False,True,True,2,1,True,False,True,,5.5377,-0.8828,5,0.0,0.0,8012521.0,
000593:20260615:2267,000593,FAILED_BREAKOUT,2026-06-18,2.0,1030,-0.9145,-0.8828,-1.7893,3.451,2.505,ABOVE,0.9533,False,False,0,0,ABOVE,2.505,25.15,ABOVE,0.5068,True,10.0,50.0,True,False,True,True,4,4,True,False,True,,5.5377,-0.8828,5,0.0,0.0,10304721.0,
000593:20260615:2267,000593,FAILED_BREAKOUT,2026-06-18,2.0,1130,-0.9145,-0.8828,-1.7893,2.2071,1.2724,BELOW,-0.3138,True,False,2,1,ABOVE,1.2724,25.15,BELOW,-0.7018,True,10.0,110.0,True,False,True,True,6,5,True,False,True,,5.5377,-0.8828,5,0.0,0.0,13814336.0,
002106:20260615:1338,002106,SUCCESS,2026-06-18,1.0,0945,9.6012,-4.8518,4.2836,-4.2453,4.9483,BELOW,-1.5597,False,False,0,0,ABOVE,4.9483,13.54,ABOVE,1.0669,True,5.0,10.0,False,False,True,False,0,0,False,False,False,,1.0108,-4.8518,15,,,26036379.0,
002106:20260615:1338,002106,SUCCESS,2026-06-18,1.0,1000,9.6012,-6.3342,2.6588,-5.9973,3.0281,BELOW,-2.4551,False,False,0,0,ABOVE,3.0281,13.54,BELOW,-0.7824,True,5.0,25.0,True,False,True,True,1,0,False,False,False,,1.0108,-6.3342,30,0.0,-1.5581,40898760.0,
002106:20260615:1338,002106,SUCCESS,2026-06-18,1.0,1030,9.6012,-6.7385,2.2157,-4.717,4.4313,BELOW,-0.7423,False,False,0,0,ABOVE,4.4313,13.54,ABOVE,0.569,True,5.0,55.0,True,False,True,True,1,1,True,False,False,,1.0108,-6.7385,35,0.0,-0.4317,52447529.0,
002106:20260615:1338,002106,SUCCESS,2026-06-18,1.0,1130,9.6012,-6.7385,2.2157,-5.1213,3.9882,BELOW,-0.9487,False,False,0,0,ABOVE,3.9882,13.54,ABOVE,0.1422,True,5.0,115.0,True,False,True,True,3,3,True,False,False,,1.0108,-6.7385,35,0.0,0.0,61857109.0,
000811:20260615:3385,000811,FAILED_BREAKOUT,2026-06-17,1.0,0945,10.0,0.0,10.0,0.0,10.0,BELOW,-0.0,False,False,0,0,ABOVE,10.0,33.2,ABOVE,1.7837,True,5.0,10.0,False,False,True,False,0,0,False,False,True,,0.0,0.0,5,,,6648424.0,
000811:20260615:3385,000811,FAILED_BREAKOUT,2026-06-17,1.0,1000,10.0,0.0,10.0,0.0,10.0,BELOW,-0.0,False,False,0,0,ABOVE,10.0,33.2,ABOVE,1.7837,True,5.0,25.0,False,False,True,False,0,0,False,False,True,,0.0,0.0,5,0.0,0.0,6935114.0,
000811:20260615:3385,000811,FAILED_BREAKOUT,2026-06-17,1.0,1030,10.0,0.0,10.0,0.0,10.0,BELOW,-0.0,False,False,0,0,ABOVE,10.0,33.2,ABOVE,1.7837,True,5.0,55.0,False,False,True,False,0,0,False,False,True,,0.0,0.0,5,0.0,0.0,7288114.0,
000811:20260615:3385,000811,FAILED_BREAKOUT,2026-06-17,1.0,1130,10.0,0.0,10.0,0.0,10.0,BELOW,-0.0,False,False,0,0,ABOVE,10.0,33.2,ABOVE,1.7837,True,5.0,115.0,False,False,True,False,0,0,False,False,True,,0.0,0.0,5,0.0,0.0,8784814.0,
603993:20260612:1911,603993,FAILED_BREAKOUT,2026-06-18,2.0,0945,-1.9831,-0.3035,-2.2806,4.8053,2.7268,ABOVE,1.8977,False,False,0,0,ABOVE,2.7268,20.17,BELOW,-1.3333,False,,,False,False,False,False,0,0,False,False,True,,5.1593,-0.3035,5,,,95936336.0,
603993:20260612:1911,603993,FAILED_BREAKOUT,2026-06-18,2.0,1000,-1.9831,-0.3035,-2.2806,6.6262,4.5117,ABOVE,2.3796,False,False,0,0,ABOVE,4.5117,20.17,ABOVE,0.381,True,25.0,5.0,False,True,True,False,0,1,False,False,True,,6.9297,-0.3035,5,1.6835,0.0,173006460.0,
603993:20260612:1911,603993,FAILED_BREAKOUT,2026-06-18,2.0,1030,-1.9831,-0.3035,-2.2806,4.0465,1.9831,BELOW,-0.2276,False,False,1,0,ABOVE,1.9831,20.17,BELOW,-2.0476,True,25.0,35.0,True,True,True,True,1,1,False,False,True,,6.9297,-0.3035,5,0.0,0.0,240529028.0,
603993:20260612:1911,603993,FAILED_BREAKOUT,2026-06-18,2.0,1130,-1.9831,-0.3035,-2.2806,1.568,-0.4462,BELOW,-2.0222,False,False,1,0,BELOW,-0.4462,20.17,BELOW,-4.381,True,25.0,95.0,True,True,True,True,1,1,False,False,True,,6.9297,-0.3035,5,0.0,0.0,325808357.0,
603052:20260615:9078,603052,FAILED_BREAKOUT,2026-06-18,2.0,0945,-0.9146,-0.989,-1.8946,0.7473,-0.1742,ABOVE,0.8685,False,False,0,0,BELOW,-0.1742,91.84,BELOW,-6.449,False,,,False,False,False,False,0,0,False,True,True,False,1.3187,-0.989,5,,,883440.0,
603052:20260615:9078,603052,FAILED_BREAKOUT,2026-06-18,2.0,1000,-0.9146,-0.989,-1.8946,1.0769,0.1524,ABOVE,0.8876,False,False,0,0,ABOVE,0.1524,91.84,BELOW,-6.1429,False,,,False,False,False,False,0,0,False,True,True,False,1.3187,-0.989,5,0.0,0.0,1348740.0,
603052:20260615:9078,603052,FAILED_BREAKOUT,2026-06-18,2.0,1030,-0.9146,-0.989,-1.8946,2.1978,1.2631,ABOVE,1.3898,False,False,0,0,ABOVE,1.2631,91.84,BELOW,-5.102,False,,,False,False,False,False,0,0,False,True,True,False,2.2967,-0.989,5,0.9653,0.0,2362440.0,
603052:20260615:9078,603052,FAILED_BREAKOUT,2026-06-18,2.0,1130,-0.9146,-0.989,-1.8946,1.6484,0.7186,ABOVE,0.4611,True,False,1,1,ABOVE,0.7186,91.84,BELOW,-5.6122,False,,,False,False,False,False,0,0,False,True,True,False,2.5275,-0.989,5,0.2256,0.0,3764407.0,
600237:20260615:1068,600237,SUCCESS,2026-06-22,3.0,0945,0.0,-0.9016,-0.9016,1.4754,1.4754,ABOVE,0.6753,True,False,0,1,ABOVE,1.4754,12.2,BELOW,-1.746,False,,,False,False,False,False,0,0,False,True,True,False,2.459,-0.9016,10,,,19762389.0,
600237:20260615:1068,600237,SUCCESS,2026-06-22,3.0,1000,0.0,-0.9016,-0.9016,0.8197,0.8197,BELOW,-0.1317,True,False,1,1,ABOVE,0.8197,12.2,BELOW,-2.381,False,,,False,False,False,False,0,0,False,True,True,False,2.459,-0.9016,10,0.0,0.0,29518512.0,
600237:20260615:1068,600237,SUCCESS,2026-06-22,3.0,1030,0.0,-0.9016,-0.9016,0.0,0.0,BELOW,-0.7796,True,True,2,2,ABOVE,0.0,12.2,BELOW,-3.1746,False,,,False,False,False,False,0,0,False,True,True,False,2.459,-0.9016,10,0.0,0.0,41071204.0,
600237:20260615:1068,600237,SUCCESS,2026-06-22,3.0,1130,0.0,-0.9016,-0.9016,1.2295,1.2295,ABOVE,0.4273,True,True,2,3,ABOVE,1.2295,12.2,BELOW,-1.9841,False,,,False,False,False,False,0,0,False,True,True,False,2.459,-0.9016,10,0.0,0.0,56035054.0,
002281:20260615:22547,002281,FAILED_BREAKOUT,2026-06-18,2.0,0945,-0.0041,-0.8223,-0.8264,4.1407,4.1364,ABOVE,0.9869,True,False,1,1,ABOVE,4.1364,242.0,ABOVE,2.111,True,5.0,10.0,False,False,True,False,0,0,False,False,True,,4.8886,-0.8223,5,,,11470210.0,
002281:20260615:22547,002281,FAILED_BREAKOUT,2026-06-18,2.0,1000,-0.0041,-0.8223,-0.8264,3.2109,3.2066,ABOVE,0.0567,True,True,2,2,ABOVE,3.2066,242.0,ABOVE,1.1994,True,5.0,25.0,False,False,True,False,0,0,False,False,True,,4.8886,-0.8223,5,0.0,0.0,17305219.0,
002281:20260615:22547,002281,FAILED_BREAKOUT,2026-06-18,2.0,1030,-0.0041,-0.8223,-0.8264,8.4301,8.4256,ABOVE,4.0743,True,True,2,2,ABOVE,8.4256,242.0,ABOVE,6.3169,True,5.0,55.0,False,False,True,False,0,0,False,False,True,,8.5747,-0.8223,5,3.5143,0.0,29130611.0,
002281:20260615:22547,002281,FAILED_BREAKOUT,2026-06-18,2.0,1130,-0.0041,-0.8223,-0.8264,10.0045,10.0,ABOVE,4.3601,True,True,2,2,ABOVE,10.0,242.0,ABOVE,7.8606,True,5.0,115.0,False,False,True,False,0,0,False,False,True,,10.0045,-0.8223,5,1.3169,0.0,37939587.0,
603070:20260615:1604,603070,FAILED_BREAKOUT,2026-06-17,1.0,0945,1.1176,-0.349,0.7647,3.7231,4.8824,ABOVE,0.2048,True,False,0,1,ABOVE,4.8824,17.0,BELOW,-0.8343,True,5.0,10.0,False,True,False,False,0,0,False,False,True,,6.1664,-0.349,5,,,5019391.0,
603070:20260615:1604,603070,FAILED_BREAKOUT,2026-06-17,1.0,1000,1.1176,-0.349,0.7647,5.1774,6.3529,ABOVE,1.4724,True,False,0,1,ABOVE,6.3529,17.0,ABOVE,0.5562,True,5.0,25.0,False,True,True,False,0,1,False,False,True,,6.1664,-0.349,5,0.0,0.0,6476950.0,
603070:20260615:1604,603070,FAILED_BREAKOUT,2026-06-17,1.0,1030,1.1176,-0.349,0.7647,4.1303,5.2941,ABOVE,0.2853,True,False,0,1,ABOVE,5.2941,17.0,BELOW,-0.4449,True,5.0,55.0,True,True,True,True,2,2,True,False,True,,6.1664,-0.349,5,0.0,0.0,7885450.0,
603070:20260615:1604,603070,FAILED_BREAKOUT,2026-06-17,1.0,1130,1.1176,-0.349,0.7647,4.8866,6.0588,ABOVE,0.9319,True,True,1,2,ABOVE,6.0588,17.0,ABOVE,0.2781,True,5.0,115.0,True,True,True,True,3,4,True,False,True,,6.1664,-0.349,5,0.0,0.0,9515491.0,
600520:20260615:2958,600520,SUCCESS,2026-06-18,2.0,0945,0.9728,-0.9313,0.0324,1.413,2.3995,ABOVE,0.7149,True,False,0,1,ABOVE,2.3995,30.84,ABOVE,1.1207,True,5.0,10.0,False,True,True,False,0,1,False,True,True,False,2.6333,-0.9313,10,,,4637800.0,
600520:20260615:2958,600520,SUCCESS,2026-06-18,2.0,1000,0.9728,-0.9313,0.0324,1.4772,2.4643,ABOVE,0.6057,True,False,0,1,ABOVE,2.4643,30.84,ABOVE,1.1848,True,5.0,25.0,False,True,True,False,0,1,False,True,True,False,2.6333,-0.9313,10,0.0,0.0,6216200.0,
600520:20260615:2958,600520,SUCCESS,2026-06-18,2.0,1030,0.9728,-0.9313,0.0324,2.6654,3.6641,ABOVE,1.6162,True,False,0,1,ABOVE,3.6641,30.84,ABOVE,2.3695,True,5.0,55.0,False,True,True,False,0,1,False,True,True,False,2.7296,-0.9313,10,0.0939,0.0,8383400.0,
600520:20260615:2958,600520,SUCCESS,2026-06-18,2.0,1130,0.9728,-0.9313,0.0324,1.6378,2.6265,ABOVE,0.2139,True,False,0,1,ABOVE,2.6265,30.84,ABOVE,1.3449,True,5.0,115.0,False,True,True,False,0,1,False,True,True,False,4.5279,-0.9313,10,1.7505,0.0,11596700.0,
002734:20260616:1639,002734,SUCCESS,2026-06-18,1.0,0945,2.0036,-1.5476,0.425,-1.131,0.85,BELOW,-0.4015,True,False,1,1,ABOVE,0.85,16.47,BELOW,-3.5424,False,,,False,False,False,False,0,0,False,False,False,,0.3571,-1.5476,5,,,3351329.0,
002734:20260616:1639,002734,SUCCESS,2026-06-18,1.0,1000,2.0036,-1.5476,0.425,1.1905,3.218,ABOVE,1.1492,True,True,1,2,ABOVE,3.218,16.47,BELOW,-1.2776,False,,,False,False,False,False,0,0,False,True,True,False,1.5476,-1.5476,5,1.1862,0.0,7395819.0,
002734:20260616:1639,002734,SUCCESS,2026-06-18,1.0,1030,2.0036,-1.5476,0.425,0.6548,2.6715,ABOVE,0.3482,True,True,1,2,ABOVE,2.6715,16.47,BELOW,-1.8002,False,,,False,False,False,False,0,0,False,True,True,False,1.5476,-1.5476,5,0.0,0.0,9948107.0,
002734:20260616:1639,002734,SUCCESS,2026-06-18,1.0,1130,2.0036,-1.5476,0.425,2.2619,4.3109,ABOVE,1.1434,True,True,1,2,ABOVE,4.3109,16.47,BELOW,-0.2323,True,80.0,40.0,True,False,True,True,1,0,False,True,True,False,3.631,-1.5476,5,2.0516,0.0,17376222.0,
002805:20260616:2420,002805,FAILED_BREAKOUT,2026-06-18,1.0,0945,4.7872,-1.2105,3.5188,4.959,9.9836,ABOVE,1.2061,False,False,0,0,ABOVE,9.9836,24.44,ABOVE,7.3482,True,5.0,10.0,False,False,True,False,0,0,False,False,True,,4.959,-1.2105,5,,,15089233.0,
002805:20260616:2420,002805,FAILED_BREAKOUT,2026-06-18,1.0,1000,4.7872,-1.2105,3.5188,4.959,9.9836,ABOVE,1.1569,False,False,0,0,ABOVE,9.9836,24.44,ABOVE,7.3482,True,5.0,25.0,False,False,True,False,0,0,False,False,True,,4.959,-1.2105,5,0.0,0.0,15724053.0,
002805:20260616:2420,002805,FAILED_BREAKOUT,2026-06-18,1.0,1030,4.7872,-1.2105,3.5188,4.959,9.9836,ABOVE,1.0209,False,False,0,0,ABOVE,9.9836,24.44,ABOVE,7.3482,True,5.0,55.0,False,False,True,False,0,0,False,False,True,,4.959,-1.2105,5,0.0,0.0,17794327.0,
002805:20260616:2420,002805,FAILED_BREAKOUT,2026-06-18,1.0,1130,4.7872,-1.2105,3.5188,4.959,9.9836,ABOVE,0.6581,False,False,0,0,ABOVE,9.9836,24.44,ABOVE,7.3482,True,5.0,115.0,False,False,True,False,0,0,False,False,True,,4.959,-1.2105,5,0.0,0.0,29125404.0,
603950:20260615:6549,603950,SUCCESS,2026-06-22,2.0,0945,1.0486,-1.2934,-0.2584,0.1654,1.2158,BELOW,-0.8197,False,False,0,0,ABOVE,1.2158,65.8,BELOW,-4.6119,False,,,False,False,False,False,0,0,False,False,True,,4.2262,-1.2934,15,,,2335740.0,
603950:20260615:6549,603950,SUCCESS,2026-06-22,2.0,1000,1.0486,-1.2934,-0.2584,-0.1354,0.9119,BELOW,-0.8267,True,False,1,1,ABOVE,0.9119,65.8,BELOW,-4.8983,False,,,False,False,False,False,0,0,False,True,False,False,4.2262,-1.2934,15,0.0,0.0,3308240.0,
603950:20260615:6549,603950,SUCCESS,2026-06-22,2.0,1030,1.0486,-3.2486,-2.234,-3.2336,-2.2188,BELOW,-3.226,True,False,1,1,BELOW,-2.2188,65.8,BELOW,-7.8488,False,,,False,False,False,False,0,0,False,True,False,True,4.2262,-3.2486,60,0.0,-1.9808,5219240.0,
603950:20260615:6549,603950,SUCCESS,2026-06-22,2.0,1130,1.0486,-6.4521,-5.4711,-2.8425,-1.8237,BELOW,-1.1361,True,False,1,1,BELOW,-1.8237,65.8,BELOW,-7.4764,False,,,False,False,False,False,0,0,False,True,False,True,4.2262,-6.4521,105,0.0,-3.3111,8278426.0,
002428:20260615:10149,002428,FAILED_BREAKOUT,2026-06-22,2.0,0945,6.4815,-1.4493,4.9383,3.3006,9.996,ABOVE,1.6874,False,False,0,0,ABOVE,9.996,100.44,ABOVE,5.049,True,5.0,10.0,False,False,True,False,0,0,False,False,True,,3.3006,-1.4493,5,,,21874684.0,
002428:20260615:10149,002428,FAILED_BREAKOUT,2026-06-22,2.0,1000,6.4815,-1.4493,4.9383,3.3006,9.996,ABOVE,1.5768,False,False,0,0,ABOVE,9.996,100.44,ABOVE,5.049,True,5.0,25.0,False,False,True,False,0,0,False,False,True,,3.3006,-1.4493,5,0.0,0.0,23383984.0,
002428:20260615:10149,002428,FAILED_BREAKOUT,2026-06-22,2.0,1030,6.4815,-1.4493,4.9383,3.3006,9.996,ABOVE,1.4243,False,False,0,0,ABOVE,9.996,100.44,ABOVE,5.049,True,5.0,55.0,False,False,True,False,0,0,False,False,True,,3.3006,-1.4493,5,0.0,0.0,25848377.0,
002428:20260615:10149,002428,FAILED_BREAKOUT,2026-06-22,2.0,1130,6.4815,-1.4493,4.9383,3.3006,9.996,ABOVE,1.1157,False,False,0,0,ABOVE,9.996,100.44,ABOVE,5.049,True,5.0,115.0,False,False,True,False,0,0,False,False,True,,3.3006,-1.4493,5,0.0,0.0,32898457.0,
002729:20260616:1947,002729,FAILED_BREAKOUT,2026-06-18,1.0,0945,0.0,-1.5508,-1.5508,-0.7504,-0.7504,BELOW,-0.7295,False,False,0,0,BELOW,-0.7504,19.99,BELOW,-3.2195,False,,,False,False,False,False,0,0,False,False,False,,1.8009,-1.5508,15,,,2203242.0,
002729:20260616:1947,002729,FAILED_BREAKOUT,2026-06-18,1.0,1000,0.0,-1.5508,-1.5508,-0.9505,-0.9505,BELOW,-0.8139,False,False,0,0,BELOW,-0.9505,19.99,BELOW,-3.4146,False,,,False,False,False,False,0,0,False,False,False,,1.8009,-1.5508,15,0.0,0.0,2690542.0,
002729:20260616:1947,002729,FAILED_BREAKOUT,2026-06-18,1.0,1030,0.0,-2.2011,-2.2011,-1.1506,-1.1506,BELOW,-0.5955,False,False,0,0,BELOW,-1.1506,19.99,BELOW,-3.6098,False,,,False,False,False,False,0,0,False,False,False,,1.8009,-2.2011,50,0.0,-0.6606,3884642.0,
002729:20260616:1947,002729,FAILED_BREAKOUT,2026-06-18,1.0,1130,0.0,-2.2011,-2.2011,0.5503,0.5503,ABOVE,1.0055,True,True,2,3,ABOVE,0.5503,19.99,BELOW,-1.9512,False,,,False,False,False,False,0,0,False,True,True,False,1.8009,-2.2011,50,0.0,0.0,5693770.0,
603629:20260615:16737,603629,FAILED_BREAKOUT,2026-06-18,1.0,0945,1.9875,0.0,1.9875,1.212,3.2237,BELOW,-1.3025,False,False,1,0,ABOVE,3.2237,165.03,BELOW,-1.8608,True,5.0,10.0,True,False,True,True,1,0,False,False,True,,5.7572,0.0,5,,,10750300.0,
603629:20260615:16737,603629,FAILED_BREAKOUT,2026-06-18,1.0,1000,1.9875,0.0,1.9875,3.3213,5.3748,ABOVE,0.658,True,False,1,1,ABOVE,5.3748,165.03,ABOVE,0.1844,True,5.0,25.0,True,False,True,True,1,1,True,False,True,,5.7572,0.0,5,0.0,0.0,14081070.0,
603629:20260615:16737,603629,FAILED_BREAKOUT,2026-06-18,1.0,1030,1.9875,0.0,1.9875,1.8775,3.9023,BELOW,-0.6279,True,False,2,1,ABOVE,3.9023,165.03,BELOW,-1.2156,True,5.0,55.0,True,False,True,True,2,1,True,False,True,,5.7572,0.0,5,0.0,0.0,17697970.0,
603629:20260615:16737,603629,FAILED_BREAKOUT,2026-06-18,1.0,1130,1.9875,0.0,1.9875,3.6361,5.6959,ABOVE,0.8225,True,True,2,2,ABOVE,5.6959,165.03,ABOVE,0.4897,True,5.0,115.0,True,False,True,True,2,2,True,False,True,,5.7572,0.0,5,0.0,0.0,22784111.0,
600362:20260615:4736,600362,SUCCESS,2026-06-18,1.0,0945,3.1779,0.0,3.1779,6.62,10.0083,ABOVE,1.9644,False,False,0,0,ABOVE,10.0083,48.46,ABOVE,2.7564,True,5.0,10.0,False,False,True,False,0,0,False,False,True,,6.62,0.0,5,,,40264206.0,
600362:20260615:4736,600362,SUCCESS,2026-06-18,1.0,1000,3.1779,0.0,3.1779,6.62,10.0083,ABOVE,1.8253,False,False,0,0,ABOVE,10.0083,48.46,ABOVE,2.7564,True,5.0,25.0,False,False,True,False,0,0,False,False,True,,6.62,0.0,5,0.0,0.0,43273321.0,
600362:20260615:4736,600362,SUCCESS,2026-06-18,1.0,1030,3.1779,0.0,3.1779,6.62,10.0083,ABOVE,1.6882,False,False,0,0,ABOVE,10.0083,48.46,ABOVE,2.7564,True,5.0,55.0,False,False,True,False,0,0,False,False,True,,6.62,0.0,5,0.0,0.0,46724421.0,
600362:20260615:4736,600362,SUCCESS,2026-06-18,1.0,1130,3.1779,0.0,3.1779,6.62,10.0083,ABOVE,1.0113,True,False,1,1,ABOVE,10.0083,48.46,ABOVE,2.7564,True,5.0,115.0,False,False,True,False,0,0,False,False,True,,6.62,0.0,5,0.0,0.0,116542661.0,
603318:20260616:965,603318,FAILED_BREAKOUT,2026-06-22,2.0,0945,-0.1976,-0.8911,-1.087,2.2772,2.0751,ABOVE,0.3779,True,False,0,1,ABOVE,2.0751,10.12,BELOW,-1.3372,True,5.0,10.0,False,True,False,False,0,0,False,False,True,,4.3564,-0.8911,5,,,19834353.0,
603318:20260616:965,603318,FAILED_BREAKOUT,2026-06-22,2.0,1000,-0.1976,-0.8911,-1.087,1.5842,1.3834,BELOW,-0.2507,True,True,2,2,ABOVE,1.3834,10.12,BELOW,-2.0057,True,5.0,25.0,False,True,False,False,0,0,False,False,True,,4.3564,-0.8911,5,0.0,0.0,26381553.0,
603318:20260616:965,603318,FAILED_BREAKOUT,2026-06-22,2.0,1030,-0.1976,-0.8911,-1.087,3.1683,2.9644,ABOVE,0.302,True,True,2,3,ABOVE,2.9644,10.12,BELOW,-0.4776,True,5.0,55.0,True,True,True,True,1,1,False,False,True,,6.3366,-0.8911,5,1.8975,0.0,46409253.0,
603318:20260616:965,603318,FAILED_BREAKOUT,2026-06-22,2.0,1130,-0.1976,-0.8911,-1.087,5.1485,4.9407,ABOVE,1.9826,True,True,2,3,ABOVE,4.9407,10.12,ABOVE,1.4327,True,5.0,115.0,True,True,True,True,2,3,True,False,True,,6.3366,-0.8911,5,0.0,0.0,56469794.0,
000657:20260615:8690,000657,FAILED_BREAKOUT,2026-06-18,1.0,0945,-0.8712,0.0,-0.8712,3.8535,2.9487,ABOVE,1.6349,False,False,0,0,ABOVE,2.9487,89.53,BELOW,-2.0926,False,,,False,False,False,False,0,0,False,False,True,,4.5634,0.0,5,,,20103711.0,
000657:20260615:8690,000657,FAILED_BREAKOUT,2026-06-18,1.0,1000,-0.8712,0.0,-0.8712,5.8817,4.9592,ABOVE,2.5623,False,False,0,0,ABOVE,4.9592,89.53,BELOW,-0.1806,False,,,False,False,False,False,0,0,False,False,True,,5.9155,0.0,5,1.2931,0.0,33311882.0,
000657:20260615:8690,000657,FAILED_BREAKOUT,2026-06-18,1.0,1030,-0.8712,0.0,-0.8712,5.0141,4.0992,ABOVE,1.3052,True,False,1,1,ABOVE,4.0992,89.53,BELOW,-0.9985,True,35.0,25.0,False,True,False,False,0,0,False,False,True,,6.9183,0.0,5,0.9468,0.0,45674987.0,
000657:20260615:8690,000657,FAILED_BREAKOUT,2026-06-18,1.0,1130,-0.8712,0.0,-0.8712,3.707,2.8035,BELOW,-0.0045,True,False,2,1,ABOVE,2.8035,89.53,BELOW,-2.2307,True,35.0,85.0,False,True,False,False,0,0,False,False,True,,6.9183,0.0,5,0.0,0.0,57759943.0,
600563:20260615:15730,600563,FAILED_BREAKOUT,2026-06-22,2.0,0945,1.3734,-0.8504,0.5113,2.2463,3.6506,ABOVE,1.2385,True,False,0,1,ABOVE,3.6506,168.19,BELOW,-1.2742,False,,,False,False,False,False,0,0,False,False,True,,2.3402,-0.8504,5,,,2650778.0,
600563:20260615:15730,600563,FAILED_BREAKOUT,2026-06-22,2.0,1000,1.3734,-0.8504,0.5113,2.6217,4.0312,ABOVE,0.9187,True,False,0,1,ABOVE,4.0312,168.19,BELOW,-0.9118,True,30.0,0.0,False,True,False,False,0,0,False,False,True,,3.9589,-0.8504,5,1.5818,0.0,4479910.0,
600563:20260615:15730,600563,FAILED_BREAKOUT,2026-06-22,2.0,1030,1.3734,-0.8504,0.5113,0.0,1.3734,BELOW,-1.4873,True,False,1,1,ABOVE,1.3734,168.19,BELOW,-3.4432,True,30.0,30.0,False,True,False,False,0,0,False,False,True,,3.9589,-0.8504,5,0.0,0.0,6320870.0,
600563:20260615:15730,600563,FAILED_BREAKOUT,2026-06-22,2.0,1130,1.3734,-1.3548,0.0,-0.5689,0.7967,BELOW,-1.645,True,False,1,1,ABOVE,0.7967,168.19,BELOW,-3.9925,True,30.0,90.0,False,True,False,False,0,0,False,True,False,True,3.9589,-1.3548,115,0.0,-0.5087,8067982.0,
002910:20260616:1121,002910,FAILED_BREAKOUT,2026-06-18,1.0,0945,2.1505,-1.4912,0.6272,1.7544,3.9427,ABOVE,0.2402,False,False,0,0,ABOVE,3.9427,11.16,BELOW,-3.2527,False,,,False,False,False,False,0,0,False,False,True,,2.7193,-1.4912,5,,,5959485.0,
002910:20260616:1121,002910,FAILED_BREAKOUT,2026-06-18,1.0,1000,2.1505,-1.4912,0.6272,3.5965,5.8244,ABOVE,1.4397,False,False,0,0,ABOVE,5.8244,11.16,BELOW,-1.5013,False,,,False,False,False,False,0,0,False,False,True,,4.1228,-1.4912,5,1.3664,0.0,9128985.0,
002910:20260616:1121,002910,FAILED_BREAKOUT,2026-06-18,1.0,1030,2.1505,-7.9825,-6.0036,-3.5965,-1.5233,BELOW,-6.0839,False,False,1,0,BELOW,-1.5233,11.16,BELOW,-8.3403,True,35.0,25.0,True,False,True,True,1,0,False,False,False,,7.7193,-7.9825,50,3.4541,-6.5895,25086508.0,
002910:20260616:1121,002910,FAILED_BREAKOUT,2026-06-18,1.0,1130,2.1505,-7.9825,-6.0036,-4.0351,-1.9713,BELOW,-4.4898,False,False,1,0,BELOW,-1.9713,11.16,BELOW,-8.7573,True,35.0,85.0,True,False,True,True,1,0,False,False,False,,7.7193,-7.9825,50,0.0,0.0,33185927.0,
002645:20260616:3363,002645,FAILED_BREAKOUT,2026-06-18,1.0,0945,-1.6949,-0.2378,-1.9287,5.5886,3.7989,ABOVE,2.9787,True,False,0,1,ABOVE,3.7989,34.22,BELOW,-1.6066,False,,,False,False,False,False,0,0,False,False,True,,6.2426,-0.2378,10,,,18414195.0,
002645:20260616:3363,002645,FAILED_BREAKOUT,2026-06-18,1.0,1000,-1.6949,-0.2378,-1.9287,6.8966,5.0847,ABOVE,2.6438,True,False,0,1,ABOVE,5.0847,34.22,BELOW,-0.3878,True,20.0,10.0,True,True,True,True,1,1,False,False,True,,7.61,-0.2378,10,1.2871,0.0,29844643.0,
002645:20260616:3363,002645,FAILED_BREAKOUT,2026-06-18,1.0,1030,-1.6949,-0.2378,-1.9287,6.5398,4.7341,ABOVE,1.8672,True,False,0,1,ABOVE,4.7341,34.22,BELOW,-0.7202,True,20.0,40.0,True,True,True,True,1,1,False,False,True,,7.61,-0.2378,10,0.0,0.0,38667684.0,
002645:20260616:3363,002645,FAILED_BREAKOUT,2026-06-18,1.0,1130,-1.6949,-0.2378,-1.9287,5.3508,3.5652,ABOVE,0.5615,True,True,1,2,ABOVE,3.5652,34.22,BELOW,-1.8283,True,20.0,100.0,True,True,True,True,1,1,False,False,True,,7.61,-0.2378,10,0.0,0.0,48390661.0,
603637:20260617:1827,603637,FAILED_BREAKOUT,2026-06-22,1.0,0945,0.0,-0.1068,-0.1068,3.8996,3.8996,ABOVE,0.7278,False,False,0,0,ABOVE,3.8996,18.72,BELOW,-2.5063,False,,,False,False,False,False,0,0,False,False,True,,5.0748,-0.1068,5,,,3548737.0,
603637:20260617:1827,603637,FAILED_BREAKOUT,2026-06-22,1.0,1000,0.0,-0.1068,-0.1068,2.6175,2.6175,BELOW,-0.5558,False,False,1,0,ABOVE,2.6175,18.72,BELOW,-3.7093,False,,,False,False,False,False,0,0,False,False,True,,5.0748,-0.1068,5,0.0,0.0,5139037.0,
603637:20260617:1827,603637,FAILED_BREAKOUT,2026-06-22,1.0,1030,0.0,-0.1068,-0.1068,1.4957,1.4957,BELOW,-1.3921,False,False,1,0,ABOVE,1.4957,18.72,BELOW,-4.7619,False,,,False,False,False,False,0,0,False,False,True,,5.0748,-0.1068,5,0.0,0.0,6794657.0,
603637:20260617:1827,603637,FAILED_BREAKOUT,2026-06-22,1.0,1130,0.0,-0.1068,-0.1068,0.9615,0.9615,BELOW,-1.5521,False,False,1,0,ABOVE,0.9615,18.72,BELOW,-5.2632,False,,,False,False,False,False,0,0,False,False,True,,5.0748,-0.1068,5,0.0,0.0,8410657.0,
603042:20260616:2097,603042,SUCCESS,2026-06-22,1.0,0945,1.206,-0.858,0.3377,1.5729,2.7979,ABOVE,0.9688,True,False,0,1,ABOVE,2.7979,20.73,BELOW,-1.3426,False,,,False,False,False,False,0,0,False,True,True,False,2.3356,-0.858,10,,,3327873.0,
603042:20260616:2097,603042,SUCCESS,2026-06-22,1.0,1000,1.206,-0.858,0.3377,1.5253,2.7496,ABOVE,0.4037,True,False,0,1,ABOVE,2.7496,20.73,BELOW,-1.3889,False,,,False,False,False,False,0,0,False,True,True,False,2.6692,-0.858,10,0.326,0.0,5352776.0,
603042:20260616:2097,603042,SUCCESS,2026-06-22,1.0,1030,1.206,-0.858,0.3377,1.001,2.219,BELOW,-0.1108,True,False,1,1,ABOVE,2.219,20.73,BELOW,-1.8981,False,,,False,False,False,False,0,0,False,True,True,False,2.6692,-0.858,10,0.0,0.0,7699876.0,
603042:20260616:2097,603042,SUCCESS,2026-06-22,1.0,1130,1.206,-0.9533,0.2412,-0.3813,0.8201,BELOW,-1.2057,True,False,1,1,ABOVE,0.8201,20.73,BELOW,-3.2407,False,,,False,False,False,False,0,0,False,True,False,True,2.6692,-0.9533,100,0.0,-0.0962,10132905.0,
002885:20260616:4329,002885,FAILED_BREAKOUT,2026-06-23,2.0,0945,-2.7096,-1.9956,-4.6512,0.1316,-2.5816,ABOVE,0.711,True,False,0,1,BELOW,-2.5816,46.87,BELOW,-3.9748,False,,,False,False,False,False,0,0,False,True,True,False,1.4254,-1.9956,10,,,9324421.0,
002885:20260616:4329,002885,FAILED_BREAKOUT,2026-06-23,2.0,1000,-2.7096,-1.9956,-4.6512,0.8772,-1.8562,ABOVE,1.4103,True,True,1,2,BELOW,-1.8562,46.87,BELOW,-3.2597,False,,,False,False,False,False,0,0,False,True,True,False,1.4254,-1.9956,10,0.0,0.0,13722221.0,
002885:20260616:4329,002885,FAILED_BREAKOUT,2026-06-23,2.0,1030,-2.7096,-1.9956,-4.6512,4.6491,1.8135,ABOVE,3.2658,True,True,1,2,ABOVE,1.8135,46.87,ABOVE,0.3575,True,50.0,10.0,False,True,True,False,0,1,False,True,True,False,6.3596,-1.9956,10,4.8649,0.0,24278666.0,
002885:20260616:4329,002885,FAILED_BREAKOUT,2026-06-23,2.0,1130,-2.7096,-1.9956,-4.6512,2.3465,-0.4267,ABOVE,0.6498,True,True,2,3,BELOW,-0.4267,46.87,BELOW,-1.8507,True,50.0,70.0,True,True,True,True,1,1,False,True,True,False,6.3596,-1.9956,10,0.0,0.0,31795436.0,
605069:20260611:1155,605069,FAILED_BREAKOUT,2026-06-22,1.0,0945,-1.5357,-0.7339,-2.2584,11.7431,10.0271,ABOVE,3.055,False,False,0,0,ABOVE,10.0271,11.07,ABOVE,0.2469,True,10.0,5.0,False,False,True,False,0,0,False,False,True,,11.7431,-0.7339,5,,,10060270.0,
605069:20260611:1155,605069,FAILED_BREAKOUT,2026-06-22,1.0,1000,-1.5357,-0.7339,-2.2584,11.7431,10.0271,ABOVE,2.8812,False,False,0,0,ABOVE,10.0271,11.07,ABOVE,0.2469,True,10.0,20.0,False,False,True,False,0,0,False,False,True,,11.7431,-0.7339,5,0.0,0.0,10648870.0,
605069:20260611:1155,605069,FAILED_BREAKOUT,2026-06-22,1.0,1030,-1.5357,-0.7339,-2.2584,11.7431,10.0271,ABOVE,2.7989,False,False,0,0,ABOVE,10.0271,11.07,ABOVE,0.2469,True,10.0,50.0,False,False,True,False,0,0,False,False,True,,11.7431,-0.7339,5,0.0,0.0,10953570.0,
605069:20260611:1155,605069,FAILED_BREAKOUT,2026-06-22,1.0,1130,-1.5357,-0.7339,-2.2584,11.7431,10.0271,ABOVE,2.6788,False,False,0,0,ABOVE,10.0271,11.07,ABOVE,0.2469,True,10.0,110.0,False,False,True,False,0,0,False,False,True,,11.7431,-0.7339,5,0.0,0.0,11431280.0,
000050:20260617:914,000050,FAILED_BREAKOUT,2026-06-22,1.0,0945,0.1119,0.0,0.1119,2.7933,2.9083,ABOVE,1.2426,True,False,0,1,ABOVE,2.9083,8.94,BELOW,-1.3934,False,,,False,False,False,False,0,0,False,False,True,,2.905,0.0,5,,,22667856.0,
000050:20260617:914,000050,FAILED_BREAKOUT,2026-06-22,1.0,1000,0.1119,0.0,0.1119,2.6816,2.7964,ABOVE,0.7523,True,False,0,1,ABOVE,2.7964,8.94,BELOW,-1.5005,False,,,False,False,False,False,0,0,False,False,True,,3.2402,0.0,5,0.3257,0.0,35066956.0,
000050:20260617:914,000050,FAILED_BREAKOUT,2026-06-22,1.0,1030,0.1119,0.0,0.1119,5.0279,5.1454,ABOVE,1.7746,True,False,0,1,ABOVE,5.1454,8.94,ABOVE,0.7503,True,40.0,20.0,False,False,True,False,0,0,False,False,True,,6.1453,0.0,5,2.8139,0.0,67850402.0,
000050:20260617:914,000050,FAILED_BREAKOUT,2026-06-22,1.0,1130,0.1119,0.0,0.1119,4.2458,4.3624,ABOVE,0.8618,True,True,1,2,ABOVE,4.3624,8.94,ABOVE,0.0,True,40.0,80.0,True,False,True,True,1,1,True,False,True,,6.1453,0.0,5,0.0,0.0,84411849.0,
002346:20260616:1801,002346,FAILED_BREAKOUT,2026-06-22,1.0,0945,2.0619,0.0,2.0619,7.7618,9.9837,ABOVE,1.9235,False,False,0,0,ABOVE,9.9837,18.43,ABOVE,5.7381,True,5.0,10.0,False,False,True,False,0,0,False,False,True,,7.7618,0.0,5,,,4904782.0,
002346:20260616:1801,002346,FAILED_BREAKOUT,2026-06-22,1.0,1000,2.0619,0.0,2.0619,7.7618,9.9837,ABOVE,1.8487,False,False,0,0,ABOVE,9.9837,18.43,ABOVE,5.7381,True,5.0,25.0,False,False,True,False,0,0,False,False,True,,7.7618,0.0,5,0.0,0.0,5099482.0,
002346:20260616:1801,002346,FAILED_BREAKOUT,2026-06-22,1.0,1030,2.0619,0.0,2.0619,7.7618,9.9837,ABOVE,1.7554,False,False,0,0,ABOVE,9.9837,18.43,ABOVE,5.7381,True,5.0,55.0,False,False,True,False,0,0,False,False,True,,7.7618,0.0,5,0.0,0.0,5365682.0,
002346:20260616:1801,002346,FAILED_BREAKOUT,2026-06-22,1.0,1130,2.0619,0.0,2.0619,7.7618,9.9837,ABOVE,1.6709,False,False,0,0,ABOVE,9.9837,18.43,ABOVE,5.7381,True,5.0,115.0,False,False,True,False,0,0,False,False,True,,7.7618,0.0,5,0.0,0.0,5632382.0,
002830:20260612:1676,002830,SUCCESS,2026-06-22,1.0,0945,-1.2262,-0.7586,-1.9755,4.6897,3.406,ABOVE,0.992,False,False,0,0,ABOVE,3.406,14.68,BELOW,-5.0063,False,,,False,False,False,False,0,0,False,False,True,,6.069,-0.7586,5,,,2549080.0,
002830:20260612:1676,002830,SUCCESS,2026-06-22,1.0,1000,-1.2262,-0.7586,-1.9755,6.0,4.7003,ABOVE,1.4931,False,False,0,0,ABOVE,4.7003,14.68,BELOW,-3.8173,False,,,False,False,False,False,0,0,False,False,True,,6.8966,-0.7586,5,0.7802,0.0,4015160.0,
002830:20260612:1676,002830,SUCCESS,2026-06-22,1.0,1030,-1.2262,-0.7586,-1.9755,8.2759,6.9482,ABOVE,2.7951,False,False,0,0,ABOVE,6.9482,14.68,BELOW,-1.7522,False,,,False,False,False,False,0,0,False,False,True,,8.8966,-0.7586,5,1.871,0.0,5851800.0,
002830:20260612:1676,002830,SUCCESS,2026-06-22,1.0,1130,-1.2262,-0.7586,-1.9755,9.5862,8.2425,ABOVE,2.6669,False,False,0,0,ABOVE,8.2425,14.68,BELOW,-0.5632,True,70.0,50.0,True,True,True,True,1,1,False,False,True,,11.0345,-0.7586,5,1.9633,0.0,8725600.0,
002317:20260618:2290,002317,FAILED_BREAKOUT,2026-06-25,3.0,0945,-1.0781,-1.2642,-2.3286,-1.2206,-2.2855,BELOW,-0.9178,False,False,0,0,BELOW,-2.2855,23.19,BELOW,-5.4652,False,,,False,False,False,False,0,0,False,False,False,,1.0898,-1.2642,15,,,10272379.0,
002317:20260618:2290,002317,FAILED_BREAKOUT,2026-06-25,3.0,1000,-1.0781,-3.2258,-4.2691,-3.0514,-4.0966,BELOW,-1.9865,False,False,0,0,BELOW,-4.0966,23.19,BELOW,-7.2174,False,,,False,False,False,False,0,0,False,False,False,,1.0898,-3.2258,20,0.0,-1.9868,15934679.0,
002317:20260618:2290,002317,FAILED_BREAKOUT,2026-06-25,3.0,1030,-1.0781,-3.6617,-4.7003,-1.5693,-2.6304,BELOW,-0.1157,False,False,0,0,BELOW,-2.6304,23.19,BELOW,-5.7989,False,,,False,False,False,False,0,0,False,False,False,,1.0898,-3.6617,35,0.0,-0.4505,21056768.0,
002317:20260618:2290,002317,FAILED_BREAKOUT,2026-06-25,3.0,1130,-1.0781,-3.6617,-4.7003,2.5283,1.423,ABOVE,2.8987,True,False,0,1,ABOVE,1.423,23.19,BELOW,-1.8773,False,,,False,False,False,False,0,0,False,True,True,False,3.3566,-3.6617,35,2.2423,0.0,34125768.0,
002442:20260618:548,002442,FAILED_BREAKOUT,2026-06-23,1.0,0945,-0.7092,-0.8929,-1.5957,6.4286,5.6738,ABOVE,1.027,False,False,0,0,ABOVE,5.6738,5.64,ABOVE,1.7065,True,5.0,10.0,False,False,True,False,0,0,False,False,True,,8.75,-0.8929,5,,,26907800.0,
002442:20260618:548,002442,FAILED_BREAKOUT,2026-06-23,1.0,1000,-0.7092,-0.8929,-1.5957,3.75,3.0142,BELOW,-1.4423,False,False,1,0,ABOVE,3.0142,5.64,BELOW,-0.8532,True,5.0,25.0,True,False,True,True,1,0,False,False,True,,8.75,-0.8929,5,0.0,0.0,33836100.0,
002442:20260618:548,002442,FAILED_BREAKOUT,2026-06-23,1.0,1030,-0.7092,-0.8929,-1.5957,6.9643,6.2057,ABOVE,1.4535,True,False,1,1,ABOVE,6.2057,5.64,ABOVE,2.2184,True,5.0,55.0,True,False,True,True,1,1,True,False,True,,8.75,-0.8929,5,0.0,0.0,41705700.0,
002442:20260618:548,002442,FAILED_BREAKOUT,2026-06-23,1.0,1130,-0.7092,-0.8929,-1.5957,6.25,5.4965,ABOVE,0.4729,True,False,1,1,ABOVE,5.4965,5.64,ABOVE,1.5358,True,5.0,115.0,True,False,True,True,1,1,True,False,True,,8.9286,-0.8929,5,0.1642,0.0,49895100.0,
603127:20260618:3566,603127,FAILED_BREAKOUT,2026-06-23,1.0,0945,-0.0273,-1.7185,-1.7453,3.3006,3.2724,ABOVE,1.7946,True,False,0,1,ABOVE,3.2724,36.67,BELOW,-0.2108,False,,,False,False,False,False,0,0,False,True,True,False,3.4097,-1.7185,5,,,8828810.0,
603127:20260618:3566,603127,FAILED_BREAKOUT,2026-06-23,1.0,1000,-0.0273,-1.7185,-1.7453,2.3732,2.3452,ABOVE,0.2054,True,True,1,2,ABOVE,2.3452,36.67,BELOW,-1.1067,True,20.0,10.0,False,True,False,False,0,0,False,True,True,False,4.419,-1.7185,5,0.976,0.0,15915105.0,
603127:20260618:3566,603127,FAILED_BREAKOUT,2026-06-23,1.0,1030,-0.0273,-1.7185,-1.7453,1.7185,1.6908,BELOW,-0.4055,True,True,3,3,ABOVE,1.6908,36.67,BELOW,-1.7391,True,20.0,40.0,False,True,False,False,0,0,False,True,True,False,4.419,-1.7185,5,0.0,0.0,19904112.0,
603127:20260618:3566,603127,FAILED_BREAKOUT,2026-06-23,1.0,1130,-0.0273,-1.7185,-1.7453,0.5456,0.5181,BELOW,-1.3646,True,True,3,3,ABOVE,0.5181,36.67,BELOW,-2.8722,True,20.0,100.0,False,True,False,False,0,0,False,True,True,False,4.419,-1.7185,5,0.0,0.0,24651057.0,
603929:20260617:23218,603929,FAILED_BREAKOUT,2026-06-25,3.0,0945,10.0009,-2.7287,6.9993,0.0,10.0009,ABOVE,0.4969,False,False,0,0,ABOVE,10.0009,231.88,ABOVE,3.2756,True,5.0,10.0,False,False,True,False,0,0,False,False,True,,0.0,-2.7287,5,,,1612664.0,
603929:20260617:23218,603929,FAILED_BREAKOUT,2026-06-25,3.0,1000,10.0009,-2.7287,6.9993,0.0,10.0009,ABOVE,0.4546,False,False,0,0,ABOVE,10.0009,231.88,ABOVE,3.2756,True,5.0,25.0,False,False,True,False,0,0,False,False,True,,0.0,-2.7287,5,0.0,0.0,1762164.0,
603929:20260617:23218,603929,FAILED_BREAKOUT,2026-06-25,3.0,1030,10.0009,-2.7287,6.9993,0.0,10.0009,ABOVE,0.4453,False,False,0,0,ABOVE,10.0009,231.88,ABOVE,3.2756,True,5.0,55.0,False,False,True,False,0,0,False,False,True,,0.0,-2.7287,5,0.0,0.0,1798764.0,
603929:20260617:23218,603929,FAILED_BREAKOUT,2026-06-25,3.0,1130,10.0009,-2.7287,6.9993,0.0,10.0009,ABOVE,0.435,False,False,0,0,ABOVE,10.0009,231.88,ABOVE,3.2756,True,5.0,115.0,False,False,True,False,0,0,False,False,True,,0.0,-2.7287,5,0.0,0.0,1841164.0,
600026:20260617:1969,600026,FAILED_BREAKOUT,2026-06-24,2.0,0945,3.1807,-0.8874,2.2651,6.0719,9.4458,ABOVE,1.3764,False,False,0,0,ABOVE,9.4458,20.75,ABOVE,4.1743,True,5.0,10.0,False,False,True,False,0,0,False,False,True,,6.6324,-0.8874,5,,,66352232.0,
600026:20260617:1969,600026,FAILED_BREAKOUT,2026-06-24,2.0,1000,3.1807,-0.8874,2.2651,6.6324,10.0241,ABOVE,1.4573,False,False,0,0,ABOVE,10.0241,20.75,ABOVE,4.7248,True,5.0,25.0,False,False,True,False,0,0,False,False,True,,6.6324,-0.8874,5,0.0,0.0,87110216.0,
600026:20260617:1969,600026,FAILED_BREAKOUT,2026-06-24,2.0,1030,3.1807,-0.8874,2.2651,6.6324,10.0241,ABOVE,1.418,False,False,0,0,ABOVE,10.0241,20.75,ABOVE,4.7248,True,5.0,55.0,False,False,True,False,0,0,False,False,True,,6.6324,-0.8874,5,0.0,0.0,89485416.0,
600026:20260617:1969,600026,FAILED_BREAKOUT,2026-06-24,2.0,1130,3.1807,-0.8874,2.2651,6.6324,10.0241,ABOVE,1.1195,False,False,0,0,ABOVE,10.0241,20.75,ABOVE,4.7248,True,5.0,115.0,False,False,True,False,0,0,False,False,True,,6.6324,-0.8874,5,0.0,0.0,114504052.0,
601872:20260622:1885,601872,FAILED_BREAKOUT,2026-06-24,1.0,0945,3.9659,-1.2554,2.6606,5.7943,9.99,ABOVE,2.2898,False,False,0,0,ABOVE,9.99,19.92,ABOVE,3.0089,True,5.0,10.0,False,False,True,False,0,0,False,False,True,,5.7943,-1.2554,5,,,78117231.0,
601872:20260622:1885,601872,FAILED_BREAKOUT,2026-06-24,1.0,1000,3.9659,-1.2554,2.6606,5.7943,9.99,ABOVE,2.2237,False,False,0,0,ABOVE,9.99,19.92,ABOVE,3.0089,True,5.0,25.0,False,False,True,False,0,0,False,False,True,,5.7943,-1.2554,5,0.0,0.0,80388526.0,
601872:20260622:1885,601872,FAILED_BREAKOUT,2026-06-24,1.0,1030,3.9659,-1.2554,2.6606,5.7943,9.99,ABOVE,2.1525,False,False,0,0,ABOVE,9.99,19.92,ABOVE,3.0089,True,5.0,55.0,False,False,True,False,0,0,False,False,True,,5.7943,-1.2554,5,0.0,0.0,82989942.0,
601872:20260622:1885,601872,FAILED_BREAKOUT,2026-06-24,1.0,1130,3.9659,-1.2554,2.6606,5.7943,9.99,ABOVE,2.0741,False,False,0,0,ABOVE,9.99,19.92,ABOVE,3.0089,True,5.0,115.0,False,False,True,False,0,0,False,False,True,,5.7943,-1.2554,5,0.0,0.0,86058486.0,
002392:20260618:881,002392,FAILED_BREAKOUT,2026-06-24,1.0,0945,-0.442,0.0,-0.442,3.2186,2.7624,BELOW,-0.7462,False,False,1,0,ABOVE,2.7624,9.05,BELOW,-0.9585,True,5.0,10.0,True,False,True,True,1,0,False,False,True,,6.5483,0.0,5,,,36734011.0,
002392:20260618:881,002392,FAILED_BREAKOUT,2026-06-24,1.0,1000,-0.442,-1.1099,-1.547,1.7758,1.326,BELOW,-1.5132,False,False,1,0,ABOVE,1.326,9.05,BELOW,-2.3429,True,5.0,25.0,True,False,True,True,1,0,False,True,True,False,6.5483,-1.1099,30,0.0,-1.1099,48269809.0,
002392:20260618:881,002392,FAILED_BREAKOUT,2026-06-24,1.0,1030,-0.442,-2.3307,-2.7624,-0.5549,-0.9945,BELOW,-3.1072,False,False,1,0,BELOW,-0.9945,9.05,BELOW,-4.5793,True,5.0,55.0,True,False,True,True,1,0,False,True,False,True,6.5483,-2.3307,55,0.0,-1.2346,60419509.0,
002392:20260618:881,002392,FAILED_BREAKOUT,2026-06-24,1.0,1130,-0.442,-2.4417,-2.8729,-0.444,-0.884,BELOW,-2.5068,False,False,1,0,BELOW,-0.884,9.05,BELOW,-4.4728,True,5.0,115.0,True,False,True,True,1,0,False,True,False,True,6.5483,-2.4417,85,0.0,-0.1136,69271209.0,
002601:20260622:1703,002601,FAILED_BREAKOUT,2026-06-25,2.0,0945,-1.2673,-0.5834,-1.8433,2.3337,1.0369,ABOVE,0.7976,False,False,0,0,ABOVE,1.0369,17.36,BELOW,-1.2943,False,,,False,False,False,False,0,0,False,False,True,,2.6254,-0.5834,5,,,11460100.0,
002601:20260622:1703,002601,FAILED_BREAKOUT,2026-06-25,2.0,1000,-1.2673,-0.5834,-1.8433,0.2917,-0.9793,BELOW,-1.1069,False,False,1,0,BELOW,-0.9793,17.36,BELOW,-3.2639,False,,,False,False,False,False,0,0,False,False,True,,2.6254,-0.5834,5,0.0,0.0,17339933.0,
002601:20260622:1703,002601,FAILED_BREAKOUT,2026-06-25,2.0,1030,-1.2673,-0.5834,-1.8433,3.4422,2.1313,ABOVE,1.3927,True,False,1,1,ABOVE,2.1313,17.36,BELOW,-0.2251,True,45.0,15.0,False,True,False,False,0,0,False,False,True,,3.9673,-0.5834,5,1.3076,0.0,31479798.0,
002601:20260622:1703,002601,FAILED_BREAKOUT,2026-06-25,2.0,1130,-1.2673,-0.5834,-1.8433,0.8168,-0.4608,BELOW,-1.3807,True,False,2,1,BELOW,-0.4608,17.36,BELOW,-2.7575,True,45.0,75.0,True,True,True,True,1,1,False,False,True,,4.259,-0.5834,5,0.2806,0.0,44537996.0,
002440:20260622:1099,002440,FAILED_BREAKOUT,2026-06-25,2.0,0945,-2.9463,-2.4107,-5.286,2.9464,-0.0867,ABOVE,1.4977,False,False,0,0,BELOW,-0.0867,11.54,BELOW,-2.8644,False,,,False,False,False,False,0,0,False,False,True,,3.8393,-2.4107,5,,,25317656.0,
002440:20260622:1099,002440,FAILED_BREAKOUT,2026-06-25,2.0,1000,-2.9463,-2.4107,-5.286,1.875,-1.1265,ABOVE,0.2335,False,False,0,0,BELOW,-1.1265,11.54,BELOW,-3.8753,False,,,False,False,False,False,0,0,False,False,True,,3.8393,-2.4107,5,0.0,0.0,33886471.0,
002440:20260622:1099,002440,FAILED_BREAKOUT,2026-06-25,2.0,1030,-2.9463,-2.4107,-5.286,4.0179,0.9532,ABOVE,1.993,False,False,0,0,ABOVE,0.9532,11.54,BELOW,-1.8534,False,,,False,False,False,False,0,0,False,False,True,,4.1071,-2.4107,5,0.258,0.0,47143832.0,
002440:20260622:1099,002440,FAILED_BREAKOUT,2026-06-25,2.0,1130,-2.9463,-2.4107,-5.286,2.5,-0.5199,ABOVE,0.0122,True,False,1,1,BELOW,-0.5199,11.54,BELOW,-3.2856,False,,,False,False,False,False,0,0,False,False,True,,4.8214,-2.4107,5,0.6861,0.0,67772052.0,
600531:20260622:1481,600531,SUCCESS,2026-06-25,1.0,0945,0.0,-0.3807,-0.3807,6.9797,6.9797,ABOVE,1.4565,False,False,0,0,ABOVE,6.9797,15.76,BELOW,-0.2957,True,5.0,10.0,True,True,True,True,1,1,False,False,True,,8.8198,-0.3807,5,,,56243560.0,
600531:20260622:1481,600531,SUCCESS,2026-06-25,1.0,1000,0.0,-0.3807,-0.3807,6.0279,6.0279,ABOVE,0.3282,False,False,0,0,ABOVE,6.0279,15.76,BELOW,-1.1827,True,5.0,25.0,True,True,True,True,1,1,False,False,True,,8.8198,-0.3807,5,0.0,0.0,79150405.0,
600531:20260622:1481,600531,SUCCESS,2026-06-25,1.0,1030,0.0,-0.3807,-0.3807,9.9619,9.9619,ABOVE,3.0452,True,False,1,1,ABOVE,9.9619,15.76,ABOVE,2.4837,True,5.0,55.0,True,True,True,True,1,2,True,False,True,,10.0254,-0.3807,5,1.1079,0.0,130547904.0,
600531:20260622:1481,600531,SUCCESS,2026-06-25,1.0,1130,0.0,-0.3807,-0.3807,10.0254,10.0254,ABOVE,2.4103,True,False,1,1,ABOVE,10.0254,15.76,ABOVE,2.5429,True,5.0,115.0,True,True,True,True,1,2,True,False,True,,10.0254,-0.3807,5,0.0,0.0,167646177.0,
600708:20260623:329,600708,SUCCESS,2026-06-25,1.0,0945,0.8955,-0.5917,0.2985,0.8876,1.791,BELOW,-0.7199,False,False,1,0,ABOVE,1.791,3.35,BELOW,-1.7291,True,5.0,10.0,False,True,False,False,0,0,False,False,True,,3.2544,-0.5917,5,,,8453100.0,
600708:20260623:329,600708,SUCCESS,2026-06-25,1.0,1000,0.8955,-1.7751,-0.8955,-1.4793,-0.597,BELOW,-2.6445,False,False,1,0,BELOW,-0.597,3.35,BELOW,-4.0346,True,5.0,25.0,False,True,False,False,0,0,False,False,False,,3.2544,-1.7751,30,0.0,-1.1905,11733900.0,
600708:20260623:329,600708,SUCCESS,2026-06-25,1.0,1030,0.8955,-2.071,-1.194,-0.2959,0.597,BELOW,-1.0551,False,False,1,0,ABOVE,0.597,3.35,BELOW,-2.8818,True,5.0,55.0,False,True,False,False,0,0,False,True,False,False,3.2544,-2.071,35,0.0,-0.3012,14652809.0,
600708:20260623:329,600708,SUCCESS,2026-06-25,1.0,1130,0.8955,-2.071,-1.194,3.2544,4.1791,ABOVE,1.0028,True,False,1,1,ABOVE,4.1791,3.35,ABOVE,0.5764,True,5.0,115.0,False,True,True,False,0,1,False,True,True,False,6.8047,-2.071,35,3.4384,0.0,29614312.0,
603661:20260622:3573,603661,FAILED_BREAKOUT,2026-06-25,1.0,0945,3.2144,0.0,3.2144,6.5714,9.9971,ABOVE,1.4556,False,False,0,0,ABOVE,9.9971,33.91,ABOVE,1.3862,True,5.0,10.0,False,False,True,False,0,0,False,False,True,,6.5714,0.0,5,,,2947060.0,
603661:20260622:3573,603661,FAILED_BREAKOUT,2026-06-25,1.0,1000,3.2144,0.0,3.2144,6.5714,9.9971,ABOVE,1.3408,False,False,0,0,ABOVE,9.9971,33.91,ABOVE,1.3862,True,5.0,25.0,False,False,True,False,0,0,False,False,True,,6.5714,0.0,5,0.0,0.0,3195660.0,
603661:20260622:3573,603661,FAILED_BREAKOUT,2026-06-25,1.0,1030,3.2144,0.0,3.2144,6.5714,9.9971,ABOVE,1.2584,False,False,0,0,ABOVE,9.9971,33.91,ABOVE,1.3862,True,5.0,55.0,False,False,True,False,0,0,False,False,True,,6.5714,0.0,5,0.0,0.0,3402060.0,
603661:20260622:3573,603661,FAILED_BREAKOUT,2026-06-25,1.0,1130,3.2144,0.0,3.2144,6.5714,9.9971,ABOVE,1.2259,False,False,0,0,ABOVE,9.9971,33.91,ABOVE,1.3862,True,5.0,115.0,False,False,True,False,0,0,False,False,True,,6.5714,0.0,5,0.0,0.0,3491180.0,
002963:20260622:2144,002963,FAILED_BREAKOUT,2026-06-25,1.0,0945,0.0,-1.1628,-1.1628,2.0572,2.0572,BELOW,-1.735,False,False,1,0,ABOVE,2.0572,22.36,BELOW,-3.2231,True,5.0,10.0,False,True,False,False,0,0,False,False,True,,7.2898,-1.1628,5,,,2698500.0,
002963:20260622:2144,002963,FAILED_BREAKOUT,2026-06-25,1.0,1000,0.0,-1.1628,-1.1628,1.5653,1.5653,BELOW,-1.771,False,False,1,0,ABOVE,1.5653,22.36,BELOW,-3.6896,True,5.0,25.0,False,True,False,False,0,0,False,False,True,,7.2898,-1.1628,5,0.0,0.0,3545500.0,
002963:20260622:2144,002963,FAILED_BREAKOUT,2026-06-25,1.0,1030,0.0,-1.1628,-1.1628,3.0411,3.0411,ABOVE,0.0375,True,False,1,1,ABOVE,3.0411,22.36,BELOW,-2.2901,True,5.0,55.0,False,True,False,False,0,0,False,False,True,,7.2898,-1.1628,5,0.0,0.0,4616100.0,
002963:20260622:2144,002963,FAILED_BREAKOUT,2026-06-25,1.0,1130,0.0,-1.1628,-1.1628,2.2361,2.2361,BELOW,-0.6366,True,False,2,1,ABOVE,2.2361,22.36,BELOW,-3.0534,True,5.0,115.0,False,True,False,False,0,0,False,False,True,,7.2898,-1.1628,5,0.0,0.0,5402000.0,
001206:20260623:1854,001206,FAILED_BREAKOUT,2026-06-29,3.0,0945,0.3135,-0.5208,-0.209,0.2083,0.5225,BELOW,-1.4372,False,False,1,0,ABOVE,0.5225,19.14,BELOW,-7.4555,False,,,False,False,False,False,0,0,False,False,True,,3.125,-0.5208,5,,,1920900.0,
001206:20260623:1854,001206,FAILED_BREAKOUT,2026-06-29,3.0,1000,0.3135,-0.9896,-0.6792,0.3646,0.6792,BELOW,-0.8621,True,False,2,1,ABOVE,0.6792,19.14,BELOW,-7.3112,False,,,False,False,False,False,0,0,False,False,True,,3.125,-0.9896,20,0.0,-0.4712,2821644.0,
001206:20260623:1854,001206,FAILED_BREAKOUT,2026-06-29,3.0,1030,0.3135,-0.9896,-0.6792,1.6146,1.9331,ABOVE,0.177,True,True,3,3,ABOVE,1.9331,19.14,BELOW,-6.1568,False,,,False,False,False,False,0,0,False,False,True,,3.125,-0.9896,20,0.0,0.0,4150744.0,
001206:20260623:1854,001206,FAILED_BREAKOUT,2026-06-29,3.0,1130,0.3135,-0.9896,-0.6792,2.3438,2.6646,ABOVE,0.804,True,True,4,4,ABOVE,2.6646,19.14,BELOW,-5.4834,False,,,False,False,False,False,0,0,False,False,True,,3.125,-0.9896,20,0.0,0.0,5691400.0,
603588:20260622:1761,603588,SUCCESS,2026-06-25,1.0,0945,-0.1622,-0.7042,-0.8653,6.2297,6.0573,ABOVE,2.2802,False,False,0,0,ABOVE,6.0573,18.49,ABOVE,1.239,True,10.0,5.0,False,True,True,False,0,1,False,False,True,,6.7714,-0.7042,5,,,32744275.0,
603588:20260622:1761,603588,SUCCESS,2026-06-25,1.0,1000,-0.1622,-0.7042,-0.8653,6.8797,6.7063,ABOVE,2.0927,False,False,0,0,ABOVE,6.7063,18.49,ABOVE,1.8585,True,10.0,20.0,False,True,True,False,0,1,False,False,True,,7.0423,-0.7042,5,0.2537,0.0,51015566.0,
603588:20260622:1761,603588,SUCCESS,2026-06-25,1.0,1030,-0.1622,-0.7042,-0.8653,7.0423,6.8686,ABOVE,1.7568,False,False,0,0,ABOVE,6.8686,18.49,ABOVE,2.0134,True,10.0,50.0,False,True,True,False,0,1,False,False,True,,7.2589,-0.7042,5,0.2024,0.0,69269202.0,
603588:20260622:1761,603588,SUCCESS,2026-06-25,1.0,1130,-0.1622,-0.7042,-0.8653,7.0423,6.8686,ABOVE,1.532,True,False,1,1,ABOVE,6.8686,18.49,ABOVE,2.0134,True,10.0,110.0,True,True,True,True,1,2,True,False,True,,7.8007,-0.7042,5,0.5051,0.0,94869949.0,
002549:20260623:1867,002549,FAILED_BREAKOUT,2026-06-29,3.0,0945,10.0053,0.0,10.0053,0.0,10.0053,ABOVE,0.0,False,False,0,0,ABOVE,10.0053,18.99,ABOVE,0.9179,True,5.0,10.0,False,False,True,False,0,0,False,False,True,,0.0,0.0,5,,,15428510.0,
002549:20260623:1867,002549,FAILED_BREAKOUT,2026-06-29,3.0,1000,10.0053,0.0,10.0053,0.0,10.0053,ABOVE,0.0,False,False,0,0,ABOVE,10.0053,18.99,ABOVE,0.9179,True,5.0,25.0,False,False,True,False,0,0,False,False,True,,0.0,0.0,5,0.0,0.0,18478707.0,
002549:20260623:1867,002549,FAILED_BREAKOUT,2026-06-29,3.0,1030,10.0053,-2.6807,7.0563,0.0,10.0053,ABOVE,0.2594,False,False,0,0,ABOVE,10.0053,18.99,ABOVE,0.9179,True,5.0,55.0,False,False,True,False,0,0,False,False,True,,0.0,-2.6807,50,0.0,-2.6807,55358643.0,
002549:20260623:1867,002549,FAILED_BREAKOUT,2026-06-29,3.0,1130,10.0053,-2.6807,7.0563,0.0,10.0053,ABOVE,0.245,False,False,0,0,ABOVE,10.0053,18.99,ABOVE,0.9179,True,5.0,115.0,False,False,True,False,0,0,False,False,True,,0.0,-2.6807,50,0.0,0.0,58602343.0,
600058:20260622:1131,600058,SUCCESS,2026-06-25,1.0,0945,0.6542,-0.4643,0.1869,1.2999,1.9626,BELOW,-0.6985,False,False,1,0,ABOVE,1.9626,10.7,BELOW,-4.7162,False,,,False,False,False,False,0,0,False,False,True,,4.4568,-0.4643,5,,,5759900.0,
600058:20260622:1131,600058,SUCCESS,2026-06-25,1.0,1000,0.6542,-0.4643,0.1869,3.0641,3.7383,ABOVE,1.0513,True,False,1,1,ABOVE,3.7383,10.7,BELOW,-3.0568,False,,,False,False,False,False,0,0,False,False,True,,4.4568,-0.4643,5,0.0,0.0,8481600.0,
600058:20260622:1131,600058,SUCCESS,2026-06-25,1.0,1030,0.6542,-0.4643,0.1869,9.2851,10.0,ABOVE,3.8482,True,False,1,1,ABOVE,10.0,10.7,ABOVE,2.7948,True,45.0,15.0,False,False,True,False,0,0,False,False,True,,9.2851,-0.4643,5,4.6222,0.0,21672500.0,
600058:20260622:1131,600058,SUCCESS,2026-06-25,1.0,1130,0.6542,-0.4643,0.1869,9.2851,10.0,ABOVE,3.6308,True,False,1,1,ABOVE,10.0,10.7,ABOVE,2.7948,True,45.0,75.0,False,False,True,False,0,0,False,False,True,,9.2851,-0.4643,5,0.0,0.0,22922500.0,
600234:20260622:3034,600234,FAILED_BREAKOUT,2026-06-26,2.0,0945,-0.1411,-1.095,-1.2346,4.1681,4.0212,ABOVE,2.766,False,False,0,0,ABOVE,4.0212,28.35,BELOW,-4.7173,False,,,False,False,False,False,0,0,False,False,True,,4.2035,-1.095,5,,,1034100.0,
600234:20260622:3034,600234,FAILED_BREAKOUT,2026-06-26,2.0,1000,-0.1411,-1.095,-1.2346,6.8527,6.7019,ABOVE,0.5508,False,False,0,0,ABOVE,6.7019,28.35,BELOW,-2.2617,True,20.0,10.0,False,True,False,False,0,0,False,False,True,,10.1731,-1.095,5,5.7288,0.0,3762000.0,
600234:20260622:3034,600234,FAILED_BREAKOUT,2026-06-26,2.0,1030,-0.1411,-1.095,-1.2346,0.3886,0.2469,BELOW,-4.7429,False,False,1,0,ABOVE,0.2469,28.35,BELOW,-8.1745,True,20.0,40.0,False,True,False,False,0,0,False,False,True,,10.1731,-1.095,5,0.0,0.0,5195300.0,
600234:20260622:3034,600234,FAILED_BREAKOUT,2026-06-26,2.0,1130,-0.1411,-3.1084,-3.2451,-0.5652,-0.7055,BELOW,-4.4972,False,False,1,0,BELOW,-0.7055,28.35,BELOW,-9.0468,True,20.0,100.0,False,True,False,False,0,0,False,True,False,True,10.1731,-3.1084,105,0.0,-2.0357,6424100.0,
605369:20260623:1694,605369,FAILED_BREAKOUT,2026-06-25,1.0,0945,-2.6374,-1.7494,-4.3407,7.5056,4.6703,ABOVE,3.8289,False,False,0,0,ABOVE,4.6703,18.2,BELOW,-0.7295,True,15.0,0.0,False,True,False,False,0,0,False,False,True,,8.3521,-1.7494,5,,,2793220.0,
605369:20260623:1694,605369,FAILED_BREAKOUT,2026-06-25,1.0,1000,-2.6374,-1.7494,-4.3407,5.3047,2.5275,ABOVE,0.5914,False,False,0,0,ABOVE,2.5275,18.2,BELOW,-2.7619,True,15.0,15.0,False,True,False,False,0,0,False,False,True,,8.3521,-1.7494,5,0.0,0.0,4152754.0,
605369:20260623:1694,605369,FAILED_BREAKOUT,2026-06-25,1.0,1030,-2.6374,-1.7494,-4.3407,4.8533,2.0879,BELOW,-0.094,False,False,1,0,ABOVE,2.0879,18.2,BELOW,-3.1787,True,15.0,45.0,False,True,False,False,0,0,False,False,True,,8.3521,-1.7494,5,0.0,0.0,5191454.0,
605369:20260623:1694,605369,FAILED_BREAKOUT,2026-06-25,1.0,1130,-2.6374,-1.7494,-4.3407,8.465,5.6044,ABOVE,2.6948,True,False,1,1,ABOVE,5.6044,18.2,ABOVE,0.1563,True,15.0,105.0,True,True,True,True,1,2,True,False,True,,9.4244,-1.7494,5,0.9896,0.0,7035273.0,
002427:20260624:474,002427,FAILED_BREAKOUT,2026-06-26,1.0,0945,-0.4292,-0.6466,-1.073,3.6638,3.2189,BELOW,-1.4654,True,False,1,1,ABOVE,3.2189,4.66,BELOW,-3.8,True,10.0,5.0,True,False,True,True,1,0,False,True,True,False,9.2672,-0.6466,5,,,21549393.0,
002427:20260624:474,002427,FAILED_BREAKOUT,2026-06-26,1.0,1000,-0.4292,-0.6466,-1.073,3.8793,3.4335,BELOW,-0.898,True,False,1,1,ABOVE,3.4335,4.66,BELOW,-3.6,True,10.0,20.0,True,False,True,True,1,0,False,True,True,False,9.2672,-0.6466,5,0.0,0.0,28179312.0,
002427:20260624:474,002427,FAILED_BREAKOUT,2026-06-26,1.0,1030,-0.4292,-0.6466,-1.073,3.2328,2.7897,BELOW,-1.3556,True,False,1,1,ABOVE,2.7897,4.66,BELOW,-4.2,True,10.0,50.0,True,False,True,True,1,0,False,True,True,False,9.2672,-0.6466,5,0.0,0.0,34143999.0,
002427:20260624:474,002427,FAILED_BREAKOUT,2026-06-26,1.0,1130,-0.4292,-0.6466,-1.073,4.3103,3.8627,BELOW,-0.0914,True,False,1,1,ABOVE,3.8627,4.66,BELOW,-3.2,True,10.0,110.0,True,False,True,True,1,0,False,True,True,False,9.2672,-0.6466,5,0.0,0.0,41275735.0,
603203:20260624:7014,603203,FAILED_BREAKOUT,2026-06-29,2.0,0945,-0.0132,-2.7767,-2.7895,3.8295,3.8158,ABOVE,2.3732,False,False,0,0,ABOVE,3.8158,76.0,ABOVE,1.2837,True,10.0,5.0,False,False,True,False,0,0,False,False,True,,4.5269,-2.7767,5,,,4383604.0,
603203:20260624:7014,603203,FAILED_BREAKOUT,2026-06-29,2.0,1000,-0.0132,-2.7767,-2.7895,2.4609,2.4474,ABOVE,0.7028,False,False,0,0,ABOVE,2.4474,76.0,BELOW,-0.0513,True,10.0,20.0,True,False,True,True,1,0,False,False,True,,4.5269,-2.7767,5,0.0,0.0,6845513.0,
603203:20260624:7014,603203,FAILED_BREAKOUT,2026-06-29,2.0,1030,-0.0132,-6.4351,-6.4474,-1.3028,-1.3158,BELOW,-1.6116,False,False,1,0,BELOW,-1.3158,76.0,BELOW,-3.7227,True,10.0,50.0,True,False,True,True,1,0,False,False,False,,4.5269,-6.4351,45,0.0,-3.7629,11799593.0,
603203:20260624:7014,603203,FAILED_BREAKOUT,2026-06-29,2.0,1130,-0.0132,-6.4351,-6.4474,-2.2503,-2.2632,BELOW,-2.0898,False,False,1,0,BELOW,-2.2632,76.0,BELOW,-4.647,True,10.0,110.0,True,False,True,True,1,0,False,False,False,,4.5269,-6.4351,45,0.0,0.0,14048470.0,
605300:20260625:943,605300,FAILED_BREAKOUT,2026-06-30,2.0,0945,6.6667,-8.7862,-2.7053,-1.721,4.8309,ABOVE,2.8859,True,False,0,1,ABOVE,4.8309,10.35,ABOVE,1.5918,True,5.0,10.0,False,True,True,False,0,1,False,False,False,,0.0,-8.7862,5,,,8669194.0,
605300:20260625:943,605300,FAILED_BREAKOUT,2026-06-30,2.0,1000,6.6667,-8.7862,-2.7053,-4.3478,2.029,BELOW,-0.1578,True,True,2,2,ABOVE,2.029,10.35,BELOW,-1.1236,True,5.0,25.0,True,True,True,True,1,1,False,False,False,,0.0,-8.7862,5,0.0,0.0,10624996.0,
605300:20260625:943,605300,FAILED_BREAKOUT,2026-06-30,2.0,1030,6.6667,-8.7862,-2.7053,-7.337,-1.1594,BELOW,-2.9994,True,True,2,2,BELOW,-1.1594,10.35,BELOW,-4.2135,True,5.0,55.0,True,True,True,True,1,1,False,False,False,,0.0,-8.7862,5,0.0,0.0,13265936.0,
605300:20260625:943,605300,FAILED_BREAKOUT,2026-06-30,2.0,1130,6.6667,-10.0543,-4.058,-8.4239,-2.3188,BELOW,-3.6029,True,True,2,2,BELOW,-2.3188,10.35,BELOW,-5.3371,True,5.0,115.0,True,True,True,True,1,1,False,False,False,,0.0,-10.0543,115,0.0,-1.3903,15223077.0,
603297:20260624:13289,603297,FAILED_BREAKOUT,2026-06-29,1.0,0945,-1.2558,-1.11,-2.3519,3.9256,2.6205,ABOVE,2.2891,False,False,0,0,ABOVE,2.6205,137.76,BELOW,-0.8834,True,15.0,0.0,False,True,False,False,0,0,False,True,True,False,5.021,-1.11,5,,,675970.0,
603297:20260624:13289,603297,FAILED_BREAKOUT,2026-06-29,1.0,1000,-1.2558,-1.11,-2.3519,0.5072,-0.7549,BELOW,-1.2437,False,False,1,0,BELOW,-0.7549,137.76,BELOW,-4.1436,True,15.0,15.0,False,True,False,False,0,0,False,True,True,False,5.021,-1.11,5,0.0,0.0,1163570.0,
603297:20260624:13289,603297,FAILED_BREAKOUT,2026-06-29,1.0,1030,-1.2558,-1.11,-2.3519,0.9336,-0.3339,BELOW,-0.621,False,False,1,0,BELOW,-0.3339,137.76,BELOW,-3.7369,True,15.0,45.0,False,True,False,False,0,0,False,True,True,False,5.021,-1.11,5,0.0,0.0,1875770.0,
603297:20260624:13289,603297,FAILED_BREAKOUT,2026-06-29,1.0,1130,-1.2558,-1.11,-2.3519,1.3747,0.1016,BELOW,-0.0364,True,True,3,2,ABOVE,0.1016,137.76,BELOW,-3.3163,True,15.0,105.0,False,True,False,False,0,0,False,True,True,False,5.021,-1.11,5,0.0,0.0,2670570.0,
600539:20260626:1432,600539,FAILED_BREAKOUT,2026-06-30,1.0,0945,7.2848,-4.5679,2.3841,-1.0494,6.1589,ABOVE,0.9322,True,False,0,1,ABOVE,6.1589,15.1,ABOVE,0.5016,True,5.0,10.0,False,True,True,False,0,1,False,False,False,,0.5556,-4.5679,5,,,7303800.0,
600539:20260626:1432,600539,FAILED_BREAKOUT,2026-06-30,1.0,1000,7.2848,-4.5679,2.3841,-3.0247,4.0397,BELOW,-0.9215,True,False,1,1,ABOVE,4.0397,15.1,BELOW,-1.5047,True,5.0,25.0,True,True,True,True,1,1,False,False,False,,0.5556,-4.5679,5,0.0,0.0,9444900.0,
600539:20260626:1432,600539,FAILED_BREAKOUT,2026-06-30,1.0,1030,7.2848,-4.5679,2.3841,-3.5185,3.5099,BELOW,-1.1821,True,False,1,1,ABOVE,3.5099,15.1,BELOW,-2.0063,True,5.0,55.0,True,True,True,True,1,1,False,False,False,,0.5556,-4.5679,5,0.0,0.0,11271700.0,
600539:20260626:1432,600539,FAILED_BREAKOUT,2026-06-30,1.0,1130,7.2848,-5.1235,1.7881,-4.0741,2.9139,BELOW,-1.4077,True,False,1,1,ABOVE,2.9139,15.1,BELOW,-2.5705,True,5.0,115.0,True,True,True,True,1,1,False,False,False,,0.5556,-5.1235,90,0.0,-0.5821,13659400.0,
002518:20260625:5443,002518,FAILED_BREAKOUT,2026-06-30,1.0,0945,0.0,-1.4778,-1.4778,4.7619,4.7619,ABOVE,0.8104,False,False,0,0,ABOVE,4.7619,48.72,BELOW,-3.4431,False,,,False,False,False,False,0,0,False,False,True,,6.0345,-1.4778,5,,,5038103.0,
002518:20260625:5443,002518,FAILED_BREAKOUT,2026-06-30,1.0,1000,0.0,-1.4778,-1.4778,5.7061,5.7061,ABOVE,1.2074,False,False,0,0,ABOVE,5.7061,48.72,BELOW,-2.5728,False,,,False,False,False,False,0,0,False,False,True,,6.6502,-1.4778,5,0.5807,0.0,7041302.0,
002518:20260625:5443,002518,FAILED_BREAKOUT,2026-06-30,1.0,1030,0.0,-1.4778,-1.4778,9.9959,9.9959,ABOVE,2.6413,False,False,0,0,ABOVE,9.9959,48.72,ABOVE,1.381,True,40.0,20.0,False,False,True,False,0,0,False,False,True,,9.9959,-1.4778,5,3.137,0.0,15719523.0,
002518:20260625:5443,002518,FAILED_BREAKOUT,2026-06-30,1.0,1130,0.0,-1.4778,-1.4778,9.9959,9.9959,ABOVE,2.5474,False,False,0,0,ABOVE,9.9959,48.72,ABOVE,1.381,True,40.0,80.0,False,False,True,False,0,0,False,False,True,,9.9959,-1.4778,5,0.0,0.0,16284073.0,
002497:20260624:2360,002497,FAILED_BREAKOUT,2026-07-02,3.0,0945,-0.1905,-1.1927,-1.381,-0.1431,-0.3333,BELOW,-0.4523,False,False,1,0,BELOW,-0.3333,21.0,BELOW,-6.1435,False,,,False,False,False,False,0,0,False,False,False,,1.5744,-1.1927,5,,,10375464.0,
002497:20260624:2360,002497,FAILED_BREAKOUT,2026-07-02,3.0,1000,-0.1905,-1.1927,-1.381,0.334,0.1429,ABOVE,0.0695,True,False,1,1,ABOVE,0.1429,21.0,BELOW,-5.6951,False,,,False,False,False,False,0,0,False,True,True,False,1.5744,-1.1927,5,0.0,0.0,13964164.0,
002497:20260624:2360,002497,FAILED_BREAKOUT,2026-07-02,3.0,1030,-0.1905,-1.5744,-1.7619,-0.4294,-0.619,BELOW,-0.3519,True,False,2,1,BELOW,-0.619,21.0,BELOW,-6.4126,False,,,False,False,False,False,0,0,False,True,False,True,1.5744,-1.5744,50,0.0,-0.3863,20241401.0,
002497:20260624:2360,002497,FAILED_BREAKOUT,2026-07-02,3.0,1130,-0.1905,-1.5744,-1.7619,2.1469,1.9524,ABOVE,1.6494,True,True,2,2,ABOVE,1.9524,21.0,BELOW,-3.991,False,,,False,False,False,False,0,0,False,True,True,True,2.7195,-1.5744,50,1.1273,0.0,31002029.0,
600118:20260626:7777,600118,FAILED_BREAKOUT,2026-06-30,1.0,0945,1.2096,-1.4878,-0.2962,2.4146,3.6534,ABOVE,1.6518,False,False,0,0,ABOVE,3.6534,81.02,BELOW,-0.0238,True,15.0,0.0,False,True,False,False,0,0,False,True,True,False,2.4634,-1.4878,5,,,22661741.0,
600118:20260626:7777,600118,FAILED_BREAKOUT,2026-06-30,1.0,1000,1.2096,-1.4878,-0.2962,1.3415,2.5673,ABOVE,0.4222,True,False,1,1,ABOVE,2.5673,81.02,BELOW,-1.0714,True,15.0,15.0,False,True,False,False,0,0,False,True,True,False,2.6463,-1.4878,5,0.1785,0.0,32830144.0,
600118:20260626:7777,600118,FAILED_BREAKOUT,2026-06-30,1.0,1030,1.2096,-1.4878,-0.2962,0.061,1.2713,BELOW,-0.9783,True,False,2,1,ABOVE,1.2713,81.02,BELOW,-2.3214,True,15.0,45.0,False,True,False,False,0,0,False,True,True,False,2.6463,-1.4878,5,0.0,0.0,42557577.0,
600118:20260626:7777,600118,FAILED_BREAKOUT,2026-06-30,1.0,1130,1.2096,-1.5244,-0.3333,-0.1463,1.0615,BELOW,-0.7461,True,False,2,1,ABOVE,1.0615,81.02,BELOW,-2.5238,True,15.0,105.0,False,True,False,False,0,0,False,True,False,True,2.6463,-1.5244,100,0.0,-0.0371,59385942.0,
603063:20260625:5517,603063,FAILED_BREAKOUT,2026-06-30,1.0,0945,2.8946,0.0,2.8946,4.5429,7.5689,ABOVE,0.924,False,False,0,0,ABOVE,7.5689,51.13,ABOVE,2.8037,True,5.0,10.0,False,False,True,False,0,0,False,False,True,,5.4933,0.0,5,,,13208921.0,
603063:20260625:5517,603063,FAILED_BREAKOUT,2026-06-30,1.0,1000,2.8946,0.0,2.8946,3.1933,6.1803,BELOW,-0.4827,False,False,1,0,ABOVE,6.1803,51.13,ABOVE,1.4766,True,5.0,25.0,False,False,True,False,0,0,False,False,True,,5.4933,0.0,5,0.0,0.0,17316658.0,
603063:20260625:5517,603063,FAILED_BREAKOUT,2026-06-30,1.0,1030,2.8946,0.0,2.8946,3.7445,6.7475,ABOVE,0.1188,True,False,1,1,ABOVE,6.7475,51.13,ABOVE,2.0187,True,5.0,55.0,False,False,True,False,0,0,False,False,True,,5.4933,0.0,5,0.0,0.0,21572769.0,
603063:20260625:5517,603063,FAILED_BREAKOUT,2026-06-30,1.0,1130,2.8946,0.0,2.8946,4.4858,7.5103,ABOVE,0.4329,True,False,1,1,ABOVE,7.5103,51.13,ABOVE,2.7477,True,5.0,115.0,False,False,True,False,0,0,False,False,True,,6.5957,0.0,5,1.045,0.0,28827800.0,
002728:20260629:880,002728,SUCCESS,2026-07-01,1.0,0945,-0.4372,-2.3052,-2.7322,-1.8661,-2.2951,BELOW,-0.2966,True,False,1,1,BELOW,-2.2951,9.15,BELOW,-6.4854,False,,,False,False,False,False,0,0,False,False,False,,0.0,-2.3052,5,,,8988284.0,
002728:20260629:880,002728,SUCCESS,2026-07-01,1.0,1000,-0.4372,-2.3052,-2.7322,-1.3172,-1.7486,ABOVE,0.2585,True,True,1,2,BELOW,-1.7486,9.15,BELOW,-5.9623,False,,,False,False,False,False,0,0,False,False,False,,0.0,-2.3052,5,0.0,0.0,11806520.0,
002728:20260629:880,002728,SUCCESS,2026-07-01,1.0,1030,-0.4372,-2.3052,-2.7322,0.6586,0.2186,ABOVE,1.9461,True,True,1,2,ABOVE,0.2186,9.15,BELOW,-4.0795,False,,,False,False,False,False,0,0,False,True,True,False,0.7684,-2.3052,5,0.7684,0.0,17289228.0,
002728:20260629:880,002728,SUCCESS,2026-07-01,1.0,1130,-0.4372,-2.3052,-2.7322,2.9638,2.5137,ABOVE,2.6499,True,True,1,2,ABOVE,2.5137,9.15,BELOW,-1.8828,False,,,False,False,False,False,0,0,False,True,True,False,3.2931,-2.3052,5,2.5054,0.0,31291432.0,
002370:20260629:537,002370,SUCCESS,2026-07-01,1.0,0945,0.5484,-2.9091,-2.3766,-2.3636,-1.8282,BELOW,-0.4182,True,False,1,1,BELOW,-1.8282,5.47,BELOW,-6.446,False,,,False,False,False,False,0,0,False,False,False,,0.5455,-2.9091,5,,,8688671.0,
002370:20260629:537,002370,SUCCESS,2026-07-01,1.0,1000,0.5484,-2.9091,-2.3766,-2.0,-1.4625,BELOW,-0.0074,True,True,2,2,BELOW,-1.4625,5.47,BELOW,-6.0976,False,,,False,False,False,False,0,0,False,False,False,,0.5455,-2.9091,5,0.0,0.0,11872371.0,
002370:20260629:537,002370,SUCCESS,2026-07-01,1.0,1030,0.5484,-2.9091,-2.3766,0.9091,1.4625,ABOVE,2.5998,True,True,2,3,ABOVE,1.4625,5.47,BELOW,-3.3101,False,,,False,False,False,False,0,0,False,True,True,False,0.9091,-2.9091,5,0.3617,0.0,18068871.0,
002370:20260629:537,002370,SUCCESS,2026-07-01,1.0,1130,0.5484,-2.9091,-2.3766,3.8182,4.3876,ABOVE,3.0221,True,True,2,3,ABOVE,4.3876,5.47,BELOW,-0.5226,True,75.0,45.0,False,True,False,False,0,0,False,True,True,False,4.7273,-2.9091,5,3.7838,0.0,37425128.0,
002038:20260629:558,002038,SUCCESS,2026-07-01,1.0,0945,-1.855,-2.4055,-4.2159,-1.2027,-3.0354,BELOW,-0.0982,True,False,1,1,BELOW,-3.0354,5.93,BELOW,-5.5829,False,,,False,False,False,False,0,0,False,False,False,,0.6873,-2.4055,5,,,15063850.0,
002038:20260629:558,002038,SUCCESS,2026-07-01,1.0,1000,-1.855,-2.4055,-4.2159,-1.3746,-3.204,BELOW,-0.2829,True,True,2,2,BELOW,-3.204,5.93,BELOW,-5.7471,False,,,False,False,False,False,0,0,False,False,False,,0.6873,-2.4055,5,0.0,0.0,19513510.0,
002038:20260629:558,002038,SUCCESS,2026-07-01,1.0,1030,-1.855,-2.4055,-4.2159,2.921,1.0118,ABOVE,3.1443,True,True,2,3,ABOVE,1.0118,5.93,BELOW,-1.642,False,,,False,False,False,False,0,0,False,True,True,False,2.921,-2.4055,5,2.2184,0.0,31461016.0,
002038:20260629:558,002038,SUCCESS,2026-07-01,1.0,1130,-1.855,-2.4055,-4.2159,6.3574,4.3845,ABOVE,4.0504,True,True,2,3,ABOVE,4.3845,5.93,ABOVE,1.642,True,65.0,55.0,False,False,True,False,0,0,False,True,True,False,7.2165,-2.4055,5,4.1736,0.0,55829336.0,
001270:20260626:13943,001270,FAILED_BREAKOUT,2026-07-01,1.0,0945,-0.0192,-1.526,-1.545,0.5642,0.5449,ABOVE,0.4269,True,False,0,1,ABOVE,0.5449,155.99,BELOW,-2.5717,False,,,False,False,False,False,0,0,False,True,True,False,1.8979,-1.526,10,,,2097613.0,
001270:20260626:13943,001270,FAILED_BREAKOUT,2026-07-01,1.0,1000,-0.0192,-1.526,-1.545,0.9425,0.9231,ABOVE,0.4027,True,False,0,1,ABOVE,0.9231,155.99,BELOW,-2.2052,False,,,False,False,False,False,0,0,False,True,True,False,2.3596,-1.526,10,0.4531,0.0,3200363.0,
001270:20260626:13943,001270,FAILED_BREAKOUT,2026-07-01,1.0,1030,-0.0192,-1.526,-1.545,-0.6925,-0.7116,BELOW,-1.2503,True,True,2,2,BELOW,-0.7116,155.99,BELOW,-3.7893,False,,,False,False,False,False,0,0,False,True,False,False,2.3596,-1.526,10,0.0,0.0,4770062.0,
001270:20260626:13943,001270,FAILED_BREAKOUT,2026-07-01,1.0,1130,-0.0192,-2.5391,-2.5579,1.6735,1.654,ABOVE,1.3114,True,True,2,3,ABOVE,1.654,155.99,BELOW,-1.4971,False,,,False,False,False,False,0,0,False,True,True,True,2.5904,-2.5391,70,0.2255,-1.0288,8030004.0,
002693:20260629:911,002693,SUCCESS,2026-07-02,2.0,0945,-2.0619,0.0,-2.0619,5.0526,2.8866,ABOVE,2.2013,False,False,0,0,ABOVE,2.8866,9.7,ABOVE,1.5259,True,5.0,10.0,False,True,True,False,0,1,False,False,True,,5.1579,0.0,5,,,7197800.0,
002693:20260629:911,002693,SUCCESS,2026-07-02,2.0,1000,-2.0619,0.0,-2.0619,6.6316,4.433,ABOVE,1.9128,False,False,0,0,ABOVE,4.433,9.7,ABOVE,3.0519,True,5.0,25.0,False,True,True,False,0,1,False,False,True,,8.1053,0.0,5,2.8028,0.0,13295700.0,
002693:20260629:911,002693,SUCCESS,2026-07-02,2.0,1030,-2.0619,0.0,-2.0619,5.4737,3.299,ABOVE,0.6111,False,False,0,0,ABOVE,3.299,9.7,ABOVE,1.9329,True,5.0,55.0,False,True,True,False,0,1,False,False,True,,8.1053,0.0,5,0.0,0.0,16316100.0,
002693:20260629:911,002693,SUCCESS,2026-07-02,2.0,1130,-2.0619,0.0,-2.0619,6.1053,3.9175,ABOVE,0.9839,True,False,1,1,ABOVE,3.9175,9.7,ABOVE,2.5432,True,5.0,115.0,False,True,True,False,0,1,False,False,True,,8.1053,0.0,5,0.0,0.0,21196025.0,
002915:20260629:2034,002915,SUCCESS,2026-07-01,1.0,0945,0.9751,-0.6277,0.3413,2.6074,3.608,ABOVE,0.4642,False,False,0,0,ABOVE,3.608,20.51,ABOVE,0.1886,True,5.0,10.0,False,False,True,False,0,0,False,False,True,,3.8146,-0.6277,5,,,7130892.0,
002915:20260629:2034,002915,SUCCESS,2026-07-01,1.0,1000,0.9751,-0.6277,0.3413,3.042,4.0468,ABOVE,0.7212,False,False,0,0,ABOVE,4.0468,20.51,ABOVE,0.6129,True,5.0,25.0,True,False,True,True,1,1,True,False,True,,3.8146,-0.6277,5,0.0,0.0,9276092.0,
002915:20260629:2034,002915,SUCCESS,2026-07-01,1.0,1030,0.9751,-0.6277,0.3413,4.1043,5.1195,ABOVE,1.6793,True,False,1,1,ABOVE,5.1195,20.51,ABOVE,1.6502,True,5.0,55.0,True,False,True,True,2,2,True,False,True,,4.1043,-0.6277,5,0.2791,0.0,12690888.0,
002915:20260629:2034,002915,SUCCESS,2026-07-01,1.0,1130,0.9751,-0.6277,0.3413,8.8846,9.9464,ABOVE,4.7518,True,False,1,1,ABOVE,9.9464,20.51,ABOVE,6.3178,True,5.0,115.0,True,False,True,True,2,2,True,False,True,,8.9329,-0.6277,5,4.6382,0.0,22891044.0,
600516:20260625:677,600516,FAILED_BREAKOUT,2026-07-01,1.0,0945,-0.1621,0.0,-0.1621,3.0844,2.9173,ABOVE,0.3745,True,False,0,1,ABOVE,2.9173,6.17,ABOVE,0.316,True,5.0,10.0,False,True,True,False,0,1,False,False,True,,5.1948,0.0,5,,,60965645.0,
600516:20260625:677,600516,FAILED_BREAKOUT,2026-07-01,1.0,1000,-0.1621,0.0,-0.1621,2.2727,2.107,BELOW,-0.408,True,True,2,2,ABOVE,2.107,6.17,BELOW,-0.4739,True,5.0,25.0,True,True,True,True,2,2,True,False,True,,5.1948,0.0,5,0.0,0.0,76580924.0,
600516:20260625:677,600516,FAILED_BREAKOUT,2026-07-01,1.0,1030,-0.1621,0.0,-0.1621,1.1364,0.9724,BELOW,-1.1959,True,True,2,2,ABOVE,0.9724,6.17,BELOW,-1.5798,True,5.0,55.0,True,True,True,True,2,2,True,False,True,,5.1948,0.0,5,0.0,0.0,101955183.0,
600516:20260625:677,600516,FAILED_BREAKOUT,2026-07-01,1.0,1130,-0.1621,-0.487,-0.6483,0.487,0.3241,BELOW,-1.404,True,True,2,2,ABOVE,0.3241,6.17,BELOW,-2.2117,True,5.0,115.0,True,True,True,True,2,2,True,False,True,,5.1948,-0.487,75,0.0,-0.487,131544682.0,
000756:20260629:1359,000756,FAILED_BREAKOUT,2026-07-01,1.0,0945,-2.0466,-2.3775,-4.3754,-1.7291,-3.7403,BELOW,-0.428,False,False,0,0,BELOW,-3.7403,14.17,BELOW,-7.7131,False,,,False,False,False,False,0,0,False,False,False,,0.2882,-2.3775,10,,,7395989.0,
000756:20260629:1359,000756,FAILED_BREAKOUT,2026-07-01,1.0,1000,-2.0466,-2.3775,-4.3754,-1.2968,-3.3169,ABOVE,0.0731,True,False,0,1,BELOW,-3.3169,14.17,BELOW,-7.3072,False,,,False,False,False,False,0,0,False,False,False,,0.2882,-2.3775,10,0.0,0.0,9095489.0,
000756:20260629:1359,000756,FAILED_BREAKOUT,2026-07-01,1.0,1030,-2.0466,-2.3775,-4.3754,0.7925,-1.2703,ABOVE,1.9041,True,True,1,2,BELOW,-1.2703,14.17,BELOW,-5.3451,False,,,False,False,False,False,0,0,False,True,True,False,0.7925,-2.3775,10,0.5029,0.0,12197795.0,
000756:20260629:1359,000756,FAILED_BREAKOUT,2026-07-01,1.0,1130,-2.0466,-2.3775,-4.3754,4.2507,2.1171,ABOVE,3.4914,True,True,1,2,ABOVE,2.1171,14.17,BELOW,-2.0974,False,,,False,False,False,False,0,0,False,True,True,False,4.4669,-2.3775,10,3.6455,0.0,21633722.0,
603477:20260629:1455,603477,FAILED_BREAKOUT,2026-07-01,1.0,0945,0.9459,-2.2088,-1.2838,-1.071,-0.1351,BELOW,-0.5603,False,False,1,0,BELOW,-0.1351,14.8,BELOW,-5.6194,False,,,False,False,False,False,0,0,False,False,False,,0.7363,-2.2088,5,,,4307800.0,
603477:20260629:1455,603477,FAILED_BREAKOUT,2026-07-01,1.0,1000,0.9459,-2.2088,-1.2838,0.6024,1.5541,ABOVE,0.8952,True,False,1,1,ABOVE,1.5541,14.8,BELOW,-4.023,False,,,False,False,False,False,0,0,False,True,True,False,1.2718,-2.2088,5,0.5316,0.0,6476200.0,
603477:20260629:1455,603477,FAILED_BREAKOUT,2026-07-01,1.0,1030,0.9459,-2.2088,-1.2838,2.075,3.0405,ABOVE,1.8891,True,False,1,1,ABOVE,3.0405,14.8,BELOW,-2.6181,False,,,False,False,False,False,0,0,False,True,True,False,2.4096,-2.2088,5,1.1236,0.0,9354900.0,
603477:20260629:1455,603477,FAILED_BREAKOUT,2026-07-01,1.0,1130,0.9459,-2.2088,-1.2838,3.2129,4.1892,ABOVE,1.4827,True,False,1,1,ABOVE,4.1892,14.8,BELOW,-1.5326,True,80.0,40.0,False,True,False,False,0,0,False,True,True,False,5.5556,-2.2088,5,3.0719,0.0,15842000.0,
600488:20260629:484,600488,SUCCESS,2026-07-02,1.0,0945,0.0,0.0,0.0,2.7451,2.7451,BELOW,-0.8009,False,False,1,0,ABOVE,2.7451,5.1,BELOW,-1.6886,True,5.0,10.0,True,False,True,True,1,0,False,False,True,,7.6471,0.0,5,,,44832150.0,
600488:20260629:484,600488,SUCCESS,2026-07-02,1.0,1000,0.0,0.0,0.0,2.1569,2.1569,BELOW,-1.3011,True,False,2,1,ABOVE,2.1569,5.1,BELOW,-2.2514,True,5.0,25.0,True,False,True,True,1,0,False,False,True,,7.6471,0.0,5,0.0,0.0,62056950.0,
600488:20260629:484,600488,SUCCESS,2026-07-02,1.0,1030,0.0,-0.7843,-0.7843,-0.7843,-0.7843,BELOW,-3.535,True,False,2,1,BELOW,-0.7843,5.1,BELOW,-5.0657,True,5.0,55.0,True,False,True,True,1,0,False,False,False,,7.6471,-0.7843,55,0.0,-0.7843,79072100.0,
600488:20260629:484,600488,SUCCESS,2026-07-02,1.0,1130,0.0,-1.9608,-1.9608,0.5882,0.5882,BELOW,-1.6633,True,False,2,1,ABOVE,0.5882,5.1,BELOW,-3.7523,True,5.0,115.0,True,False,True,True,1,0,False,True,True,False,7.6471,-1.9608,75,0.0,-1.1858,95989300.0,
002472:20260630:4151,002472,SUCCESS,2026-07-03,2.0,0945,2.4801,-1.3242,1.1231,0.9132,3.416,ABOVE,0.563,True,False,1,1,ABOVE,3.416,42.74,BELOW,-1.4493,False,,,False,False,False,False,0,0,False,False,True,,1.1872,-1.3242,5,,,13404539.0,
002472:20260630:4151,002472,SUCCESS,2026-07-03,2.0,1000,2.4801,-1.3242,1.1231,2.5799,5.124,ABOVE,1.4686,True,False,1,1,ABOVE,5.124,42.74,ABOVE,0.1784,True,25.0,5.0,False,True,True,False,0,1,False,False,True,,2.7397,-1.3242,5,1.5343,0.0,24841255.0,
002472:20260630:4151,002472,SUCCESS,2026-07-03,2.0,1030,2.4801,-1.3242,1.1231,7.3288,9.9906,ABOVE,3.9199,True,False,1,1,ABOVE,9.9906,42.74,ABOVE,4.8161,True,25.0,35.0,False,True,True,False,0,1,False,False,True,,7.3288,-1.3242,5,4.4667,0.0,50514659.0,
002472:20260630:4151,002472,SUCCESS,2026-07-03,2.0,1130,2.4801,-1.3242,1.1231,7.3288,9.9906,ABOVE,3.041,True,False,1,1,ABOVE,9.9906,42.74,ABOVE,4.8161,True,25.0,95.0,False,True,True,False,0,1,False,False,True,,7.3288,-1.3242,5,0.0,0.0,69545589.0,
603717:20260623:679,603717,SUCCESS,2026-07-03,2.0,0945,3.4535,-5.9507,-2.7027,6.3861,10.0601,ABOVE,4.4215,False,False,0,0,ABOVE,10.0601,6.66,ABOVE,6.0781,True,5.0,10.0,False,False,True,False,0,0,False,False,True,,6.3861,-5.9507,5,,,16565333.0,
603717:20260623:679,603717,SUCCESS,2026-07-03,2.0,1000,3.4535,-5.9507,-2.7027,6.3861,10.0601,ABOVE,4.1548,False,False,0,0,ABOVE,10.0601,6.66,ABOVE,6.0781,True,5.0,25.0,False,False,True,False,0,0,False,False,True,,6.3861,-5.9507,5,0.0,0.0,17583633.0,
603717:20260623:679,603717,SUCCESS,2026-07-03,2.0,1030,3.4535,-5.9507,-2.7027,6.3861,10.0601,ABOVE,3.845,False,False,0,0,ABOVE,10.0601,6.66,ABOVE,6.0781,True,5.0,55.0,False,False,True,False,0,0,False,False,True,,6.3861,-5.9507,5,0.0,0.0,18943793.0,
603717:20260623:679,603717,SUCCESS,2026-07-03,2.0,1130,3.4535,-5.9507,-2.7027,6.2409,9.9099,ABOVE,2.5462,True,False,1,1,ABOVE,9.9099,6.66,ABOVE,5.9334,True,5.0,115.0,False,False,True,False,0,0,False,False,True,,6.3861,-5.9507,5,0.0,0.0,33272893.0,
002615:20260630:690,002615,FAILED_BREAKOUT,2026-07-03,2.0,0945,0.2706,-0.5398,-0.2706,3.2389,3.5183,ABOVE,0.5886,False,False,0,0,ABOVE,3.5183,7.39,BELOW,-2.5478,False,,,False,False,False,False,0,0,False,False,True,,5.2632,-0.5398,5,,,5800750.0,
002615:20260630:690,002615,FAILED_BREAKOUT,2026-07-03,2.0,1000,0.2706,-0.5398,-0.2706,3.3738,3.6536,ABOVE,0.4673,False,False,0,0,ABOVE,3.6536,7.39,BELOW,-2.4204,False,,,False,False,False,False,0,0,False,False,True,,5.2632,-0.5398,5,0.0,0.0,7241749.0,
002615:20260630:690,002615,FAILED_BREAKOUT,2026-07-03,2.0,1030,0.2706,-0.5398,-0.2706,4.5884,4.8714,ABOVE,1.3679,False,False,0,0,ABOVE,4.8714,7.39,BELOW,-1.2739,False,,,False,False,False,False,0,0,False,False,True,,5.2632,-0.5398,5,0.0,0.0,9632749.0,
002615:20260630:690,002615,FAILED_BREAKOUT,2026-07-03,2.0,1130,0.2706,-0.5398,-0.2706,3.6437,3.9242,ABOVE,0.4369,True,True,2,2,ABOVE,3.9242,7.39,BELOW,-2.1656,False,,,False,False,False,False,0,0,False,False,True,,5.2632,-0.5398,5,0.0,0.0,12029049.0,
001215:20260626:3917,001215,FAILED_BREAKOUT,2026-07-02,1.0,0945,-0.0805,-1.1544,-1.2339,2.0671,1.985,ABOVE,1.1208,False,False,0,0,ABOVE,1.985,37.28,BELOW,-3.2324,False,,,False,False,False,False,0,0,False,False,True,,2.4698,-1.1544,5,,,505659.0,
001215:20260626:3917,001215,FAILED_BREAKOUT,2026-07-02,1.0,1000,-0.0805,-1.1544,-1.2339,1.9866,1.9045,ABOVE,0.4967,False,False,0,0,ABOVE,1.9045,37.28,BELOW,-3.3087,False,,,False,False,False,False,0,0,False,False,True,,2.7383,-1.1544,5,0.262,0.0,847059.0,
001215:20260626:3917,001215,FAILED_BREAKOUT,2026-07-02,1.0,1030,-0.0805,-1.1544,-1.2339,1.7987,1.7167,BELOW,-0.05,False,False,1,0,ABOVE,1.7167,37.28,BELOW,-3.4869,False,,,False,False,False,False,0,0,False,False,True,,3.302,-1.1544,5,0.5487,0.0,1350859.0,
001215:20260626:3917,001215,FAILED_BREAKOUT,2026-07-02,1.0,1130,-0.0805,-1.1544,-1.2339,2.8993,2.8165,ABOVE,0.9657,True,False,1,1,ABOVE,2.8165,37.28,BELOW,-2.4434,False,,,False,False,False,False,0,0,False,False,True,,3.302,-1.1544,5,0.0,0.0,1815559.0,
601882:20260630:2023,601882,FAILED_BREAKOUT,2026-07-02,1.0,0945,0.9439,-1.3287,-0.3974,0.6398,1.5897,ABOVE,1.0132,False,False,0,0,ABOVE,1.5897,20.13,BELOW,-4.2155,False,,,False,False,False,False,0,0,False,True,True,False,0.8366,-1.3287,5,,,1339200.0,
601882:20260630:2023,601882,FAILED_BREAKOUT,2026-07-02,1.0,1000,0.9439,-1.3287,-0.3974,2.8051,3.7755,ABOVE,2.3394,False,False,0,0,ABOVE,3.7755,20.13,BELOW,-2.1546,False,,,False,False,False,False,0,0,False,True,True,False,3.1988,-1.3287,5,2.3426,0.0,2614200.0,
601882:20260630:2023,601882,FAILED_BREAKOUT,2026-07-02,1.0,1030,0.9439,-1.3287,-0.3974,4.0846,5.0671,ABOVE,1.7553,False,False,0,0,ABOVE,5.0671,20.13,BELOW,-0.9368,True,45.0,15.0,True,False,True,True,1,0,False,True,True,False,5.4626,-1.3287,5,2.1936,0.0,5144800.0,
601882:20260630:2023,601882,FAILED_BREAKOUT,2026-07-02,1.0,1130,0.9439,-1.3287,-0.3974,3.8878,4.8684,ABOVE,1.0416,False,False,0,0,ABOVE,4.8684,20.13,BELOW,-1.1241,True,45.0,75.0,True,False,True,True,2,1,True,True,True,False,6.0531,-1.3287,5,0.56,0.0,6679800.0,
600846:20260630:1000,600846,FAILED_BREAKOUT,2026-07-02,1.0,0945,0.9488,-1.9737,-1.0436,2.0677,3.0361,ABOVE,1.4514,False,False,0,0,ABOVE,3.0361,10.54,BELOW,-1.1829,False,,,False,False,False,False,0,0,False,False,True,,3.1015,-1.9737,5,,,2467200.0,
600846:20260630:1000,600846,FAILED_BREAKOUT,2026-07-02,1.0,1000,0.9488,-1.9737,-1.0436,3.0075,3.9848,ABOVE,1.7415,False,False,0,0,ABOVE,3.9848,10.54,BELOW,-0.273,True,25.0,5.0,True,False,True,True,1,0,False,False,True,,3.9474,-1.9737,5,0.8204,0.0,3416100.0,
600846:20260630:1000,600846,FAILED_BREAKOUT,2026-07-02,1.0,1030,0.9488,-1.9737,-1.0436,2.2556,3.2258,ABOVE,0.8338,False,False,0,0,ABOVE,3.2258,10.54,BELOW,-1.0009,True,25.0,35.0,True,False,True,True,1,0,False,False,True,,3.9474,-1.9737,5,0.0,0.0,4129800.0,
600846:20260630:1000,600846,FAILED_BREAKOUT,2026-07-02,1.0,1130,0.9488,-1.9737,-1.0436,3.1015,4.0797,ABOVE,1.3988,False,False,0,0,ABOVE,4.0797,10.54,BELOW,-0.182,True,25.0,95.0,True,False,True,True,2,1,True,False,True,,3.9474,-1.9737,5,0.0,0.0,5367618.0,
603211:20260630:3551,603211,SUCCESS,2026-07-06,2.0,0945,3.8954,-0.9106,2.9494,5.865,9.9889,ABOVE,1.532,False,False,0,0,ABOVE,9.9889,35.94,ABOVE,7.8581,True,5.0,10.0,False,False,True,False,0,0,False,False,True,,5.865,-0.9106,5,,,10492800.0,
603211:20260630:3551,603211,SUCCESS,2026-07-06,2.0,1000,3.8954,-0.9106,2.9494,5.865,9.9889,ABOVE,1.4857,False,False,0,0,ABOVE,9.9889,35.94,ABOVE,7.8581,True,5.0,25.0,False,False,True,False,0,0,False,False,True,,5.865,-0.9106,5,0.0,0.0,10814900.0,
603211:20260630:3551,603211,SUCCESS,2026-07-06,2.0,1030,3.8954,-0.9106,2.9494,5.865,9.9889,ABOVE,1.4369,False,False,0,0,ABOVE,9.9889,35.94,ABOVE,7.8581,True,5.0,55.0,False,False,True,False,0,0,False,False,True,,5.865,-0.9106,5,0.0,0.0,11177000.0,
603211:20260630:3551,603211,SUCCESS,2026-07-06,2.0,1130,3.8954,-0.9106,2.9494,5.865,9.9889,ABOVE,1.3965,False,False,0,0,ABOVE,9.9889,35.94,ABOVE,7.8581,True,5.0,115.0,False,False,True,False,0,0,False,False,True,,5.865,-0.9106,5,0.0,0.0,11495600.0,
603118:20260630:1211,603118,SUCCESS,2026-07-07,3.0,0945,-3.6513,-0.9281,-4.5455,2.3975,-1.3413,ABOVE,1.1861,False,False,0,0,BELOW,-1.3413,13.42,BELOW,-1.6345,False,,,False,False,False,False,0,0,False,False,True,,3.0936,-0.9281,5,,,22160100.0,
603118:20260630:1211,603118,SUCCESS,2026-07-07,3.0,1000,-3.6513,-0.9281,-4.5455,4.9497,1.1177,ABOVE,2.8805,False,False,0,0,ABOVE,1.1177,13.42,ABOVE,0.8172,True,30.0,0.0,False,False,True,False,0,0,False,False,True,,4.9497,-0.9281,5,1.8005,0.0,34177935.0,
603118:20260630:1211,603118,SUCCESS,2026-07-07,3.0,1030,-3.6513,-0.9281,-4.5455,4.8724,1.0432,ABOVE,1.2569,False,False,0,0,ABOVE,1.0432,13.42,ABOVE,0.7429,True,30.0,30.0,False,False,True,False,0,0,False,False,True,,7.734,-0.9281,5,2.6529,0.0,58137535.0,
603118:20260630:1211,603118,SUCCESS,2026-07-07,3.0,1130,-3.6513,-0.9281,-4.5455,5.8005,1.9374,ABOVE,1.6645,False,False,0,0,ABOVE,1.9374,13.42,ABOVE,1.6345,True,30.0,90.0,False,False,True,False,0,0,False,False,True,,7.734,-0.9281,5,0.0,0.0,71339461.0,
002403:20260701:981,002403,FAILED_BREAKOUT,2026-07-03,1.0,0945,0.0,-0.7828,-0.7828,2.3483,2.3483,ABOVE,1.1535,False,False,0,0,ABOVE,2.3483,10.22,BELOW,-1.8762,False,,,False,False,False,False,0,0,False,False,True,,2.544,-0.7828,5,,,2085500.0,
002403:20260701:981,002403,FAILED_BREAKOUT,2026-07-03,1.0,1000,0.0,-0.7828,-0.7828,1.6634,1.6634,ABOVE,0.1656,False,False,0,0,ABOVE,1.6634,10.22,BELOW,-2.5328,False,,,False,False,False,False,0,0,False,False,True,,3.0333,-0.7828,5,0.4771,0.0,3272500.0,
002403:20260701:981,002403,FAILED_BREAKOUT,2026-07-03,1.0,1030,0.0,-0.7828,-0.7828,2.544,2.544,ABOVE,0.6275,False,False,0,0,ABOVE,2.544,10.22,BELOW,-1.6886,False,,,False,False,False,False,0,0,False,False,True,,3.4247,-0.7828,5,0.3799,0.0,5003400.0,
002403:20260701:981,002403,FAILED_BREAKOUT,2026-07-03,1.0,1130,0.0,-0.7828,-0.7828,3.229,3.229,ABOVE,1.2204,True,False,1,1,ABOVE,3.229,10.22,BELOW,-1.0319,False,,,False,False,False,False,0,0,False,False,True,,3.4247,-0.7828,5,0.0,0.0,6691500.0,
000938:20260630:2886,000938,FAILED_BREAKOUT,2026-07-03,1.0,0945,5.0637,-0.2951,4.7537,2.5246,7.7162,ABOVE,0.7109,False,False,0,0,ABOVE,7.7162,29.03,ABOVE,2.5582,True,5.0,10.0,False,False,True,False,0,0,False,False,True,,3.5738,-0.2951,5,,,104391941.0,
000938:20260630:2886,000938,FAILED_BREAKOUT,2026-07-03,1.0,1000,5.0637,-0.3934,4.6504,1.6066,6.7516,BELOW,-0.0324,False,False,1,0,ABOVE,6.7516,29.03,ABOVE,1.6399,True,5.0,25.0,False,False,True,False,0,0,False,False,True,,3.5738,-0.3934,25,0.0,-0.0987,132923652.0,
000938:20260630:2886,000938,FAILED_BREAKOUT,2026-07-03,1.0,1030,5.0637,-0.3934,4.6504,0.1311,5.2015,BELOW,-1.3988,False,False,1,0,ABOVE,5.2015,29.03,ABOVE,0.164,True,5.0,55.0,False,False,True,False,0,0,False,False,True,,3.5738,-0.3934,25,0.0,0.0,153386216.0,
000938:20260630:2886,000938,FAILED_BREAKOUT,2026-07-03,1.0,1130,5.0637,-0.3934,4.6504,0.4262,5.5115,BELOW,-0.9527,False,False,1,0,ABOVE,5.5115,29.03,ABOVE,0.4592,True,5.0,115.0,True,False,True,True,1,1,True,True,True,False,3.5738,-0.3934,25,0.0,0.0,181988775.0,
600661:20260701:760,600661,FAILED_BREAKOUT,2026-07-06,2.0,0945,6.366,-5.2369,0.7958,-5.2369,0.7958,BELOW,-3.5521,False,False,1,0,ABOVE,0.7958,7.54,BELOW,-6.9767,True,5.0,10.0,False,True,False,False,0,0,False,False,False,,2.2444,-5.2369,15,,,6871700.0,
600661:20260701:760,600661,FAILED_BREAKOUT,2026-07-06,2.0,1000,6.366,-6.6085,-0.6631,-6.2344,-0.2653,BELOW,-3.8069,False,False,1,0,BELOW,-0.2653,7.54,BELOW,-7.9559,True,5.0,25.0,False,True,False,False,0,0,False,False,False,,2.2444,-6.6085,30,0.0,-1.4474,8461800.0,
600661:20260701:760,600661,FAILED_BREAKOUT,2026-07-06,2.0,1030,6.366,-6.6085,-0.6631,-6.2344,-0.2653,BELOW,-3.3302,False,False,1,0,BELOW,-0.2653,7.54,BELOW,-7.9559,True,5.0,55.0,False,True,False,False,0,0,False,False,False,,2.2444,-6.6085,30,0.0,0.0,9973795.0,
600661:20260701:760,600661,FAILED_BREAKOUT,2026-07-06,2.0,1130,6.366,-6.6085,-0.6631,-6.2344,-0.2653,BELOW,-2.85,False,False,1,0,BELOW,-0.2653,7.54,BELOW,-7.9559,True,5.0,115.0,False,True,False,False,0,0,False,False,False,,2.2444,-6.6085,30,0.0,0.0,11916900.0,
605018:20260630:1491,605018,FAILED_BREAKOUT,2026-07-03,1.0,0945,0.9034,-0.6887,0.2085,4.1322,5.073,ABOVE,1.0616,False,False,0,0,ABOVE,5.073,14.39,BELOW,-1.1765,True,10.0,5.0,False,True,False,False,0,0,False,False,True,,5.7163,-0.6887,5,,,5369700.0,
605018:20260630:1491,605018,FAILED_BREAKOUT,2026-07-03,1.0,1000,0.9034,-0.6887,0.2085,4.3388,5.2814,ABOVE,0.7139,False,False,0,0,ABOVE,5.2814,14.39,BELOW,-0.9804,True,10.0,20.0,True,True,True,True,1,1,False,False,True,,6.405,-0.6887,5,0.6515,0.0,7778568.0,
605018:20260630:1491,605018,FAILED_BREAKOUT,2026-07-03,1.0,1030,0.9034,-0.6887,0.2085,4.3388,5.2814,ABOVE,0.5617,False,False,0,0,ABOVE,5.2814,14.39,BELOW,-0.9804,True,10.0,50.0,True,True,True,True,1,1,False,False,True,,6.405,-0.6887,5,0.0,0.0,9968800.0,
605018:20260630:1491,605018,FAILED_BREAKOUT,2026-07-03,1.0,1130,0.9034,-0.6887,0.2085,3.0992,4.0306,BELOW,-0.5065,False,False,1,0,ABOVE,4.0306,14.39,BELOW,-2.1569,True,10.0,110.0,True,True,True,True,1,1,False,False,True,,6.405,-0.6887,5,0.0,0.0,12080500.0,
603615:20260701:1777,603615,FAILED_BREAKOUT,2026-07-06,2.0,0945,0.9544,0.0,0.9544,1.313,2.28,BELOW,-0.4114,False,False,1,0,ABOVE,2.28,18.86,BELOW,-1.9817,True,10.0,5.0,False,True,False,False,0,0,False,False,True,,3.4664,0.0,5,,,1496900.0,
603615:20260701:1777,603615,FAILED_BREAKOUT,2026-07-06,2.0,1000,0.9544,0.0,0.9544,0.9454,1.9088,BELOW,-0.6431,False,False,1,0,ABOVE,1.9088,18.86,BELOW,-2.3374,True,10.0,20.0,False,True,False,False,0,0,False,False,True,,3.4664,0.0,5,0.0,0.0,1988300.0,
603615:20260701:1777,603615,FAILED_BREAKOUT,2026-07-06,2.0,1030,0.9544,-0.5777,0.3712,-0.4727,0.4772,BELOW,-1.6319,False,False,1,0,ABOVE,0.4772,18.86,BELOW,-3.7093,True,10.0,50.0,False,True,False,False,0,0,False,False,False,,3.4664,-0.5777,60,0.0,-0.5777,3109200.0,
603615:20260701:1777,603615,FAILED_BREAKOUT,2026-07-06,2.0,1130,0.9544,-1.1555,-0.2121,0.3676,1.3256,BELOW,-0.5564,False,False,1,0,ABOVE,1.3256,18.86,BELOW,-2.8963,True,10.0,110.0,False,True,False,False,0,0,False,True,True,False,3.4664,-1.1555,80,0.0,-0.5811,3746900.0,
002124:20260701:232,002124,SUCCESS,2026-07-06,1.0,0945,3.9648,-1.2712,2.6432,-0.8475,3.0837,BELOW,-1.642,False,False,0,0,ABOVE,3.0837,2.27,BELOW,-2.5,True,5.0,10.0,False,True,False,False,0,0,False,False,False,,3.3898,-1.2712,15,,,42724100.0,
002124:20260701:232,002124,SUCCESS,2026-07-06,1.0,1000,3.9648,-2.9661,0.8811,-0.8475,3.0837,BELOW,-1.083,False,False,0,0,ABOVE,3.0837,2.27,BELOW,-2.5,True,5.0,25.0,False,True,False,False,0,0,False,False,False,,3.3898,-2.9661,25,0.0,-1.7167,54175700.0,
002124:20260701:232,002124,SUCCESS,2026-07-06,1.0,1030,3.9648,-2.9661,0.8811,1.6949,5.7269,ABOVE,0.9976,True,False,0,1,ABOVE,5.7269,2.27,ABOVE,0.0,True,5.0,55.0,False,True,True,False,0,1,False,True,True,False,3.8136,-2.9661,25,0.4098,0.0,86744800.0,
002124:20260701:232,002124,SUCCESS,2026-07-06,1.0,1130,3.9648,-2.9661,0.8811,0.4237,4.4053,BELOW,-0.3176,True,True,2,2,ABOVE,4.4053,2.27,BELOW,-1.25,True,5.0,115.0,True,True,True,True,1,1,False,True,True,False,3.8136,-2.9661,25,0.0,0.0,105633000.0,
600975:20260701:474,600975,FAILED_BREAKOUT,2026-07-07,2.0,0945,-1.2048,-0.6098,-1.8072,0.2033,-1.004,BELOW,-0.6604,False,False,1,0,BELOW,-1.004,4.98,BELOW,-1.7928,True,10.0,5.0,False,True,False,False,0,0,False,False,True,,2.439,-0.6098,5,,,4968300.0,
600975:20260701:474,600975,FAILED_BREAKOUT,2026-07-07,2.0,1000,-1.2048,-0.6098,-1.8072,0.2033,-1.004,BELOW,-0.4391,False,False,1,0,BELOW,-1.004,4.98,BELOW,-1.7928,True,10.0,20.0,False,True,False,False,0,0,False,False,True,,2.439,-0.6098,5,0.0,0.0,6998000.0,
600975:20260701:474,600975,FAILED_BREAKOUT,2026-07-07,2.0,1030,-1.2048,-0.6098,-1.8072,0.0,-1.2048,BELOW,-0.538,False,False,1,0,BELOW,-1.2048,4.98,BELOW,-1.992,True,10.0,50.0,False,True,False,False,0,0,False,False,True,,2.439,-0.6098,5,0.0,0.0,9317500.0,
600975:20260701:474,600975,FAILED_BREAKOUT,2026-07-07,2.0,1130,-1.2048,-0.6098,-1.8072,0.2033,-1.004,BELOW,-0.2083,False,False,1,0,BELOW,-1.004,4.98,BELOW,-1.7928,True,10.0,110.0,False,True,False,False,0,0,False,True,True,False,2.439,-0.6098,5,0.0,0.0,11582800.0,
002607:20260701:198,002607,SUCCESS,2026-07-07,2.0,0945,-4.3062,0.0,-4.3062,9.0,4.3062,ABOVE,2.8807,False,False,0,0,ABOVE,4.3062,2.09,ABOVE,2.8302,True,5.0,10.0,False,False,True,False,0,0,False,False,True,,10.5,0.0,5,,,361943653.0,
002607:20260701:198,002607,SUCCESS,2026-07-07,2.0,1000,-4.3062,0.0,-4.3062,9.0,4.3062,ABOVE,2.4642,False,False,0,0,ABOVE,4.3062,2.09,ABOVE,2.8302,True,5.0,25.0,False,False,True,False,0,0,False,False,True,,10.5,0.0,5,0.0,0.0,431315215.0,
002607:20260701:198,002607,SUCCESS,2026-07-07,2.0,1030,-4.3062,0.0,-4.3062,6.5,1.9139,BELOW,-0.0039,False,False,1,0,ABOVE,1.9139,2.09,ABOVE,0.4717,True,5.0,55.0,False,False,True,False,0,0,False,False,True,,10.5,0.0,5,0.0,0.0,507302392.0,
002607:20260701:198,002607,SUCCESS,2026-07-07,2.0,1130,-4.3062,0.0,-4.3062,7.5,2.8708,ABOVE,0.8923,True,False,1,1,ABOVE,2.8708,2.09,ABOVE,1.4151,True,5.0,115.0,False,False,True,False,0,0,False,False,True,,10.5,0.0,5,0.0,0.0,558320145.0,
600449:20260702:1239,600449,FAILED_BREAKOUT,2026-07-06,1.0,0945,-2.3485,0.0,-2.3485,1.9395,-0.4545,BELOW,-0.4713,False,False,1,0,BELOW,-0.4545,13.2,BELOW,-6.0086,False,,,False,False,False,False,0,0,False,False,True,,4.7324,0.0,5,,,2727859.0,
600449:20260702:1239,600449,FAILED_BREAKOUT,2026-07-06,1.0,1000,-2.3485,0.0,-2.3485,3.6462,1.2121,ABOVE,1.0853,True,False,1,1,ABOVE,1.2121,13.2,BELOW,-4.4349,False,,,False,False,False,False,0,0,False,False,True,,4.7324,0.0,5,0.0,0.0,3365359.0,
600449:20260702:1239,600449,FAILED_BREAKOUT,2026-07-06,1.0,1030,-2.3485,0.0,-2.3485,6.7494,4.2424,ABOVE,1.7123,True,False,1,1,ABOVE,4.2424,13.2,BELOW,-1.5737,True,45.0,15.0,False,True,False,False,0,0,False,False,True,,8.4562,0.0,5,3.5556,0.0,8567389.0,
600449:20260702:1239,600449,FAILED_BREAKOUT,2026-07-06,1.0,1130,-2.3485,0.0,-2.3485,8.0683,5.5303,ABOVE,2.359,True,False,1,1,ABOVE,5.5303,13.2,BELOW,-0.3577,True,45.0,75.0,False,True,False,False,0,0,False,False,True,,9.0768,0.0,5,0.5722,0.0,11220889.0,
000876:20260701:690,000876,SUCCESS,2026-07-07,2.0,0945,-1.7833,-0.838,-2.6063,0.419,-1.3717,BELOW,-0.4052,False,False,1,0,BELOW,-1.3717,7.29,BELOW,-2.7064,False,,,False,False,False,False,0,0,False,False,True,,2.3743,-0.838,5,,,24402736.0,
000876:20260701:690,000876,SUCCESS,2026-07-07,2.0,1000,-1.7833,-0.838,-2.6063,0.2793,-1.5089,BELOW,-0.3791,False,False,1,0,BELOW,-1.5089,7.29,BELOW,-2.8417,False,,,False,False,False,False,0,0,False,False,True,,2.3743,-0.838,5,0.0,0.0,31651636.0,
000876:20260701:690,000876,SUCCESS,2026-07-07,2.0,1030,-1.7833,-0.838,-2.6063,0.0,-1.7833,BELOW,-0.6206,True,True,3,2,BELOW,-1.7833,7.29,BELOW,-3.1123,False,,,False,False,False,False,0,0,False,False,True,,2.3743,-0.838,5,0.0,0.0,41146148.0,
000876:20260701:690,000876,SUCCESS,2026-07-07,2.0,1130,-1.7833,-0.838,-2.6063,0.0,-1.7833,BELOW,-0.5262,True,True,3,2,BELOW,-1.7833,7.29,BELOW,-3.1123,False,,,False,False,False,False,0,0,False,True,True,False,2.3743,-0.838,5,0.0,0.0,48789325.0,
002642:20260708:670,002642,SUCCESS,2026-07-28,1.0,0945,0.7576,-0.7519,0.0,9.1729,10.0,ABOVE,2.7747,False,False,0,0,ABOVE,10.0,6.6,ABOVE,1.3966,True,10.0,5.0,False,False,True,False,0,0,False,False,True,,9.1729,-0.7519,5,,,15251650.0,
002642:20260708:670,002642,SUCCESS,2026-07-28,1.0,1000,0.7576,-0.7519,0.0,9.1729,10.0,ABOVE,2.5801,False,False,0,0,ABOVE,10.0,6.6,ABOVE,1.3966,True,10.0,20.0,False,False,True,False,0,0,False,False,True,,9.1729,-0.7519,5,0.0,0.0,16370950.0,
002642:20260708:670,002642,SUCCESS,2026-07-28,1.0,1030,0.7576,-0.7519,0.0,9.1729,10.0,ABOVE,2.4334,False,False,0,0,ABOVE,10.0,6.6,ABOVE,1.3966,True,10.0,50.0,False,False,True,False,0,0,False,False,True,,9.1729,-0.7519,5,0.0,0.0,17332950.0,
002642:20260708:670,002642,SUCCESS,2026-07-28,1.0,1130,0.7576,-0.7519,0.0,9.1729,10.0,ABOVE,2.3233,False,False,0,0,ABOVE,10.0,6.6,ABOVE,1.3966,True,10.0,110.0,False,False,True,False,0,0,False,False,True,,9.1729,-0.7519,5,0.0,0.0,18135150.0,
000892:20260706:376,000892,FAILED_BREAKOUT,2026-07-29,2.0,0945,6.5831,-2.6471,3.7618,3.2353,10.0313,ABOVE,0.9812,False,False,0,0,ABOVE,10.0313,3.19,ABOVE,3.2353,True,5.0,10.0,False,False,True,False,0,0,False,False,True,,3.2353,-2.6471,5,,,35638800.0,
000892:20260706:376,000892,FAILED_BREAKOUT,2026-07-29,2.0,1000,6.5831,-2.6471,3.7618,3.2353,10.0313,ABOVE,0.8849,False,False,0,0,ABOVE,10.0313,3.19,ABOVE,3.2353,True,5.0,25.0,False,False,True,False,0,0,False,False,True,,3.2353,-2.6471,5,0.0,0.0,39478300.0,
000892:20260706:376,000892,FAILED_BREAKOUT,2026-07-29,2.0,1030,6.5831,-2.6471,3.7618,3.2353,10.0313,ABOVE,0.8034,False,False,0,0,ABOVE,10.0313,3.19,ABOVE,3.2353,True,5.0,55.0,False,False,True,False,0,0,False,False,True,,3.2353,-2.6471,5,0.0,0.0,43450000.0,
000892:20260706:376,000892,FAILED_BREAKOUT,2026-07-29,2.0,1130,6.5831,-2.6471,3.7618,3.2353,10.0313,ABOVE,0.7707,False,False,0,0,ABOVE,10.0313,3.19,ABOVE,3.2353,True,5.0,115.0,False,False,True,False,0,0,False,False,True,,3.2353,-2.6471,5,0.0,0.0,45276500.0,
601369:20260626:905,601369,FAILED_BREAKOUT,2026-07-28,1.0,0945,0.0,-0.8889,-0.8889,0.6667,0.6667,ABOVE,0.7114,True,False,0,1,ABOVE,0.6667,9.0,BELOW,-2.0541,False,,,False,False,False,False,0,0,False,True,True,False,0.8889,-0.8889,10,,,3072447.0,
601369:20260626:905,601369,FAILED_BREAKOUT,2026-07-28,1.0,1000,0.0,-0.8889,-0.8889,1.1111,1.1111,ABOVE,0.8525,True,False,0,1,ABOVE,1.1111,9.0,BELOW,-1.6216,False,,,False,False,False,False,0,0,False,True,True,False,1.2222,-0.8889,10,0.3304,0.0,4625100.0,
601369:20260626:905,601369,FAILED_BREAKOUT,2026-07-28,1.0,1030,0.0,-0.8889,-0.8889,-0.4444,-0.4444,BELOW,-0.6185,True,False,1,1,BELOW,-0.4444,9.0,BELOW,-3.1351,False,,,False,False,False,False,0,0,False,True,False,False,1.2222,-0.8889,10,0.0,0.0,6572800.0,
601369:20260626:905,601369,FAILED_BREAKOUT,2026-07-28,1.0,1130,0.0,-1.1111,-1.1111,2.7778,2.7778,ABOVE,1.5382,True,True,1,2,ABOVE,2.7778,9.0,ABOVE,0.0,True,75.0,45.0,True,True,True,True,1,2,True,True,True,True,3.4444,-1.1111,65,2.1954,-0.2242,14984200.0,
603988:20260727:1804,603988,SUCCESS,2026-07-30,2.0,0945,-0.4296,-2.9126,-3.3298,1.1866,0.7519,ABOVE,1.1024,True,False,0,1,ABOVE,0.7519,18.62,BELOW,-5.2046,False,,,False,False,False,False,0,0,False,True,True,False,2.6969,-2.9126,5,,,5961800.0,
603988:20260727:1804,603988,SUCCESS,2026-07-30,2.0,1000,-0.4296,-2.9126,-3.3298,3.9914,3.5446,ABOVE,3.2116,True,False,0,1,ABOVE,3.5446,18.62,BELOW,-2.5771,False,,,False,False,False,False,0,0,False,True,True,False,4.2611,-2.9126,5,1.5231,0.0,8838000.0,
603988:20260727:1804,603988,SUCCESS,2026-07-30,2.0,1030,-0.4296,-2.9126,-3.3298,8.6839,8.217,ABOVE,5.5377,True,False,0,1,ABOVE,8.217,18.62,ABOVE,1.8191,True,50.0,10.0,False,True,True,False,0,1,False,True,True,False,9.2772,-2.9126,5,4.8112,0.0,15668334.0,
603988:20260727:1804,603988,SUCCESS,2026-07-30,2.0,1130,-0.4296,-2.9126,-3.3298,6.6882,6.2299,ABOVE,2.8747,True,False,0,1,ABOVE,6.2299,18.62,BELOW,-0.0505,True,50.0,70.0,True,True,True,True,2,2,True,True,True,False,9.493,-2.9126,5,0.1974,0.0,19185334.0,
603955:20260727:1862,603955,FAILED_BREAKOUT,2026-07-30,2.0,0945,0.0,-0.3652,-0.3652,5.373,5.373,ABOVE,2.2467,False,False,0,0,ABOVE,5.373,19.17,ABOVE,0.5976,True,10.0,5.0,False,True,True,False,0,1,False,False,True,,5.4773,-0.3652,5,,,969440.0,
603955:20260727:1862,603955,FAILED_BREAKOUT,2026-07-30,2.0,1000,0.0,-0.3652,-0.3652,3.5472,3.5472,ABOVE,0.1888,False,False,0,0,ABOVE,3.5472,19.17,BELOW,-1.1454,True,10.0,20.0,True,True,True,True,1,1,False,False,True,,5.4773,-0.3652,5,0.0,0.0,1271040.0,
603955:20260727:1862,603955,FAILED_BREAKOUT,2026-07-30,2.0,1030,0.0,-0.3652,-0.3652,4.121,4.121,ABOVE,0.5493,False,False,0,0,ABOVE,4.121,19.17,BELOW,-0.5976,True,10.0,50.0,True,True,True,True,1,1,False,False,True,,5.4773,-0.3652,5,0.0,0.0,1717540.0,
603955:20260727:1862,603955,FAILED_BREAKOUT,2026-07-30,2.0,1130,0.0,-0.3652,-0.3652,2.7647,2.7647,BELOW,-0.9069,False,False,1,0,ABOVE,2.7647,19.17,BELOW,-1.8924,True,10.0,110.0,True,True,True,True,2,2,True,False,True,,5.4773,-0.3652,5,0.0,0.0,2298540.0,
002292:20260727:776,002292,FAILED_BREAKOUT,2026-07-29,1.0,0945,0.0,-0.3788,-0.3788,1.2626,1.2626,BELOW,-0.5035,False,False,1,0,ABOVE,1.2626,7.92,BELOW,-1.5951,True,5.0,10.0,False,True,False,False,0,0,False,False,True,,3.2828,-0.3788,5,,,26245300.0,
002292:20260727:776,002292,FAILED_BREAKOUT,2026-07-29,1.0,1000,0.0,-0.3788,-0.3788,1.6414,1.6414,BELOW,-0.1716,True,False,2,1,ABOVE,1.6414,7.92,BELOW,-1.227,True,5.0,25.0,False,True,False,False,0,0,False,False,True,,3.2828,-0.3788,5,0.0,0.0,35385725.0,
002292:20260727:776,002292,FAILED_BREAKOUT,2026-07-29,1.0,1030,0.0,-0.3788,-0.3788,2.1465,2.1465,ABOVE,0.3138,True,True,3,3,ABOVE,2.1465,7.92,BELOW,-0.7362,True,5.0,55.0,False,True,False,False,0,0,False,False,True,,3.2828,-0.3788,5,0.0,0.0,43304692.0,
002292:20260727:776,002292,FAILED_BREAKOUT,2026-07-29,1.0,1130,0.0,-0.3788,-0.3788,2.399,2.399,ABOVE,0.443,True,True,4,4,ABOVE,2.399,7.92,BELOW,-0.4908,True,5.0,115.0,False,True,False,False,0,0,False,False,True,,3.2828,-0.3788,5,0.0,0.0,57131178.0,
603630:20260727:1443,603630,FAILED_BREAKOUT,2026-07-30,2.0,0945,3.4233,-3.119,0.1975,-0.7002,2.6991,BELOW,-1.438,False,False,0,0,ABOVE,2.6991,15.19,ABOVE,0.5803,True,5.0,10.0,False,True,True,False,0,1,False,False,False,,5.9835,-3.119,5,,,10564500.0,
603630:20260727:1443,603630,FAILED_BREAKOUT,2026-07-30,2.0,1000,3.4233,-3.119,0.1975,-1.3367,2.0408,BELOW,-1.8236,False,False,0,0,ABOVE,2.0408,15.19,BELOW,-0.0645,True,5.0,25.0,True,True,True,True,1,1,False,False,False,,5.9835,-3.119,5,0.0,0.0,12244000.0,
603630:20260727:1443,603630,FAILED_BREAKOUT,2026-07-30,2.0,1030,3.4233,-3.119,0.1975,1.5277,5.0033,ABOVE,1.1025,True,False,0,1,ABOVE,5.0033,15.19,ABOVE,2.8369,True,5.0,55.0,True,True,True,True,1,2,True,True,True,False,5.9835,-3.119,5,0.0,0.0,16707000.0,
603630:20260727:1443,603630,FAILED_BREAKOUT,2026-07-30,2.0,1130,3.4233,-3.119,0.1975,-1.5913,1.7775,BELOW,-1.8771,True,False,1,1,ABOVE,1.7775,15.19,BELOW,-0.3224,True,5.0,115.0,True,True,True,True,2,2,True,True,False,False,5.9835,-3.119,5,0.0,0.0,19112200.0,
